month,language,push_events,unique_actors,events_per_actor,actor_rank
2011-01,C,3973,1555,2.554983922829582,9
2011-01,C#,4496,1845,2.4368563685636855,5
2011-01,C++,3819,1560,2.4480769230769233,8
2011-01,Haskell,998,419,2.3818615751789975,14
2011-01,Java,11611,4505,2.577358490566038,2
2011-01,JavaScript,14706,5450,2.698348623853211,1
2011-01,Lua,1391,574,2.423344947735192,13
2011-01,Objective-C,4068,1667,2.4403119376124773,7
2011-01,PHP,7231,2802,2.5806566738044254,4
2011-01,Perl,2797,1078,2.5946196660482377,11
2011-01,Python,10036,3740,2.6834224598930483,3
2011-01,R,2341,829,2.8238841978287095,12
2011-01,Ruby,4644,1812,2.562913907284768,6
2011-01,Scala,2882,1123,2.566340160284951,10
2011-02,C,4133,1637,2.5247403787416003,9
2011-02,C#,5254,1986,2.6455186304128904,5
2011-02,C++,4386,1951,2.2480779087647362,7
2011-02,Haskell,1000,380,2.6315789473684212,14
2011-02,Java,11492,4652,2.470335339638865,2
2011-02,JavaScript,15868,5751,2.759172317857764,1
2011-02,Lua,1433,589,2.432937181663837,13
2011-02,Objective-C,4293,1753,2.448944666286366,8
2011-02,PHP,7708,3146,2.4500953591862684,4
2011-02,Perl,2866,1159,2.472821397756687,10
2011-02,Python,11091,4071,2.724392041267502,3
2011-02,R,2580,985,2.6192893401015227,12
2011-02,Ruby,5054,1952,2.589139344262295,6
2011-02,Scala,2979,1142,2.6085814360770576,11
2011-03,C,4728,2011,2.3510691198408753,8
2011-03,C#,5683,2529,2.247133254250692,5
2011-03,C++,4858,2127,2.2839680300893277,7
2011-03,Haskell,1143,437,2.6155606407322654,14
2011-03,Java,12678,4898,2.5884034299714167,2
2011-03,JavaScript,15839,5686,2.7856137882518466,1
2011-03,Lua,1679,686,2.447521865889213,13
2011-03,Objective-C,4511,1673,2.6963538553496713,9
2011-03,PHP,8177,3552,2.3020833333333335,4
2011-03,Perl,3310,1402,2.3609129814550642,10
2011-03,Python,11888,4879,2.436564869850379,3
2011-03,R,2873,1175,2.4451063829787234,12
2011-03,Ruby,5468,2135,2.5611241217798595,6
2011-03,Scala,3121,1320,2.3643939393939393,11
2011-04,C,4847,1867,2.596143545795394,9
2011-04,C#,5555,2352,2.3618197278911564,6
2011-04,C++,5091,2085,2.441726618705036,7
2011-04,Haskell,1252,447,2.80089485458613,14
2011-04,Java,13696,5469,2.504296946425306,3
2011-04,JavaScript,17443,5776,3.019909972299169,1
2011-04,Lua,1790,681,2.6284875183553598,13
2011-04,Objective-C,4860,1908,2.547169811320755,8
2011-04,PHP,8857,3861,2.293965293965294,4
2011-04,Perl,3430,1167,2.9391602399314483,12
2011-04,Python,12737,5486,2.321728034998177,2
2011-04,R,2857,1216,2.3495065789473686,11
2011-04,Ruby,5844,2369,2.466863655550865,5
2011-04,Scala,3413,1497,2.279893119572478,10
2011-05,C,5243,2049,2.5588091752074185,8
2011-05,C#,6110,2326,2.6268271711092,6
2011-05,C++,5237,2214,2.365401987353207,7
2011-05,Haskell,1241,535,2.319626168224299,14
2011-05,Java,13526,5461,2.476835744369163,2
2011-05,JavaScript,19116,7103,2.691257215261157,1
2011-05,Lua,1967,808,2.4344059405940595,13
2011-05,Objective-C,5130,1998,2.5675675675675675,9
2011-05,PHP,9095,3445,2.640058055152395,4
2011-05,Perl,3442,1491,2.3085177733065056,10
2011-05,Python,13579,4816,2.819559800664452,3
2011-05,R,3402,1416,2.402542372881356,12
2011-05,Ruby,6218,2510,2.4772908366533866,5
2011-05,Scala,3644,1461,2.4941820670773445,11
2011-06,C,5223,2077,2.514684641309581,9
2011-06,C#,6428,2596,2.4761171032357474,5
2011-06,C++,5657,2217,2.5516463689670728,7
2011-06,Haskell,1360,574,2.3693379790940767,14
2011-06,Java,14903,5733,2.5995115995115996,3
2011-06,JavaScript,19319,6669,2.8968361073624234,1
2011-06,Lua,1886,813,2.3198031980319804,13
2011-06,Objective-C,5085,2142,2.3739495798319328,8
2011-06,PHP,9474,3494,2.711505437893532,4
2011-06,Perl,3473,1417,2.450952717007763,11
2011-06,Python,15206,6229,2.4411623053459626,2
2011-06,R,3437,1378,2.4941944847605226,12
2011-06,Ruby,6324,2435,2.5971252566735115,6
2011-06,Scala,3926,1790,2.1932960893854747,10
2011-07,C,5880,2375,2.4757894736842103,9
2011-07,C#,6597,2759,2.3910837259876767,5
2011-07,C++,5873,2445,2.4020449897750513,7
2011-07,Haskell,1311,575,2.28,14
2011-07,Java,15532,5585,2.7810205908683976,3
2011-07,JavaScript,21262,7841,2.7116439229690092,1
2011-07,Lua,2181,975,2.236923076923077,13
2011-07,Objective-C,5925,2383,2.486361728913135,8
2011-07,PHP,10070,4623,2.1782392385896605,4
2011-07,Perl,3566,1264,2.8212025316455698,12
2011-07,Python,14245,5592,2.5473891273247498,2
2011-07,R,3424,1445,2.3695501730103805,11
2011-07,Ruby,6338,2707,2.3413372737347617,6
2011-07,Scala,3876,1601,2.420986883198001,10
2011-08,C,6287,2529,2.485962831158561,6
2011-08,C#,6739,2695,2.500556586270872,5
2011-08,C++,5858,2449,2.391996733360555,7
2011-08,Haskell,1406,524,2.683206106870229,14
2011-08,Java,17539,6725,2.608029739776952,2
2011-08,JavaScript,20870,7392,2.8233225108225106,1
2011-08,Lua,2162,926,2.3347732181425487,13
2011-08,Objective-C,5554,2328,2.3857388316151202,9
2011-08,PHP,10495,4119,2.5479485311968926,4
2011-08,Perl,4148,1633,2.5401102265768523,10
2011-08,Python,15169,5942,2.5528441602154155,3
2011-08,R,3567,1394,2.5588235294117645,12
2011-08,Ruby,6775,2407,2.8147071042791856,8
2011-08,Scala,3856,1409,2.7366926898509583,11
2011-09,C,6089,2259,2.6954404603806994,9
2011-09,C#,7030,2822,2.4911410347271437,5
2011-09,C++,6049,2582,2.3427575522850503,7
2011-09,Haskell,1395,543,2.569060773480663,14
2011-09,Java,17484,6854,2.5509191712868398,2
2011-09,JavaScript,23549,9163,2.5700098221106624,1
2011-09,Lua,2194,794,2.7632241813602016,13
2011-09,Objective-C,5845,2277,2.566974088713219,8
2011-09,PHP,10787,4403,2.449920508744038,4
2011-09,Perl,4417,1683,2.6244800950683302,10
2011-09,Python,15357,5840,2.6296232876712327,3
2011-09,R,3786,1414,2.6775106082036775,12
2011-09,Ruby,7024,2714,2.5880619012527633,6
2011-09,Scala,4189,1517,2.761371127224786,11
2011-10,C,6667,2655,2.511111111111111,8
2011-10,C#,7376,2846,2.5917076598735065,7
2011-10,C++,6670,3093,2.156482379566764,5
2011-10,Haskell,1507,666,2.2627627627627627,14
2011-10,Java,17130,6176,2.773639896373057,3
2011-10,JavaScript,24117,8934,2.6994627266621896,1
2011-10,Lua,2270,876,2.5913242009132422,13
2011-10,Objective-C,6151,2550,2.412156862745098,9
2011-10,PHP,11015,4326,2.5462320850670364,4
2011-10,Perl,4096,1505,2.721594684385382,12
2011-10,Python,17370,6820,2.5469208211143695,2
2011-10,R,4206,1920,2.190625,10
2011-10,Ruby,7887,3078,2.5623781676413255,6
2011-10,Scala,4345,1584,2.7430555555555554,11
2011-11,C,6724,3057,2.1995420346745176,6
2011-11,C#,8471,3279,2.5834095760902716,5
2011-11,C++,6838,2400,2.8491666666666666,8
2011-11,Haskell,1654,715,2.3132867132867134,14
2011-11,Java,17988,6598,2.7262806911185207,3
2011-11,JavaScript,25939,8648,2.9994218316373726,1
2011-11,Lua,2358,1043,2.2607861936720997,13
2011-11,Objective-C,6022,2233,2.696820420958352,9
2011-11,PHP,11616,4704,2.4693877551020407,4
2011-11,Perl,4469,1977,2.2604957005563984,10
2011-11,Python,18865,7177,2.6285355998327993,2
2011-11,R,4408,1751,2.51741861793261,12
2011-11,Ruby,7557,2757,2.7410228509249186,7
2011-11,Scala,4617,1898,2.4325605900948366,11
2011-12,C,7066,2946,2.398506449422946,7
2011-12,C#,8321,3609,2.3056248268218344,5
2011-12,C++,6705,2943,2.2782874617737003,8
2011-12,Haskell,1744,700,2.4914285714285715,14
2011-12,Java,20338,8838,2.3011993663724826,2
2011-12,JavaScript,26667,9584,2.782449916527546,1
2011-12,Lua,2716,1006,2.6998011928429424,13
2011-12,Objective-C,6690,2511,2.664277180406213,9
2011-12,PHP,12373,5754,2.150330205074731,4
2011-12,Perl,4738,1752,2.704337899543379,12
2011-12,Python,20262,7720,2.6246113989637307,3
2011-12,R,4469,1766,2.530577576443941,11
2011-12,Ruby,8382,3208,2.61284289276808,6
2011-12,Scala,4876,1984,2.4576612903225805,10
2012-01,C,8196,3344,2.450956937799043,7
2012-01,C#,9029,3687,2.4488744236506643,5
2012-01,C++,7726,3390,2.27905604719764,6
2012-01,Haskell,1828,650,2.812307692307692,14
2012-01,Java,20664,7385,2.7981042654028436,3
2012-01,JavaScript,29079,10205,2.849485546300833,1
2012-01,Lua,2665,954,2.793501048218029,13
2012-01,Objective-C,6822,2672,2.55314371257485,9
2012-01,PHP,13436,5050,2.6605940594059407,4
2012-01,Perl,4993,1988,2.511569416498994,11
2012-01,Python,20648,8083,2.554497092663615,2
2012-01,R,4662,1879,2.481106971793507,12
2012-01,Ruby,8715,3267,2.667584940312213,8
2012-01,Scala,5513,2155,2.5582366589327146,10
2012-02,C,7667,3050,2.5137704918032786,8
2012-02,C#,9964,3448,2.8897911832946637,5
2012-02,C++,8502,3355,2.5341281669150524,7
2012-02,Haskell,2014,848,2.375,14
2012-02,Java,21847,8399,2.601142993213478,3
2012-02,JavaScript,30819,10413,2.9596658023624314,1
2012-02,Lua,2926,1140,2.566666666666667,13
2012-02,Objective-C,7244,3039,2.3836788417242514,9
2012-02,PHP,13353,4918,2.7151281008540056,4
2012-02,Perl,5240,2015,2.600496277915633,12
2012-02,Python,24026,10317,2.328777745468644,2
2012-02,R,5160,2085,2.4748201438848922,11
2012-02,Ruby,8690,3358,2.5878499106611077,6
2012-02,Scala,5436,2181,2.4924346629986247,10
2012-03,C,8437,3520,2.396875,7
2012-03,C#,10282,3926,2.618950585838003,5
2012-03,C++,9147,3584,2.5521763392857144,6
2012-03,Go,862,327,2.636085626911315,15
2012-03,Haskell,2044,754,2.7108753315649867,14
2012-03,Java,23374,9034,2.587336727916759,3
2012-03,JavaScript,33224,12057,2.7555776727212407,1
2012-03,Lua,3146,1273,2.4713275726630006,13
2012-03,Objective-C,8412,3115,2.700481540930979,9
2012-03,PHP,13373,5142,2.600739012057565,4
2012-03,Perl,5169,2123,2.4347621290626473,12
2012-03,Python,24644,9799,2.514950505153587,2
2012-03,R,5201,2197,2.3673190714610834,11
2012-03,Ruby,8903,3244,2.7444512946979036,8
2012-03,Scala,5227,2220,2.3545045045045043,10
2012-04,C,9002,3208,2.8061097256857854,9
2012-04,C#,10578,4135,2.5581620314389357,5
2012-04,C++,8793,3403,2.583896561857185,8
2012-04,Go,1327,533,2.4896810506566602,15
2012-04,Haskell,2143,860,2.4918604651162792,14
2012-04,Java,24678,9142,2.6994093196237148,3
2012-04,JavaScript,34816,13144,2.648813146682897,1
2012-04,Lua,3176,1341,2.3683818046234153,13
2012-04,Objective-C,7917,3422,2.3135593220338984,7
2012-04,PHP,14585,5732,2.5444870900209353,4
2012-04,Perl,5693,2232,2.550627240143369,12
2012-04,Python,25408,9749,2.6062160221561186,2
2012-04,R,5316,2266,2.345984112974404,11
2012-04,Ruby,9984,4068,2.454277286135693,6
2012-04,Scala,5666,2373,2.387694900969237,10
2012-05,C,9263,3378,2.7421551213735937,9
2012-05,C#,11068,4763,2.323745538526139,5
2012-05,C++,9265,3902,2.374423372629421,7
2012-05,Go,1782,769,2.317295188556567,15
2012-05,Haskell,2053,847,2.423848878394333,14
2012-05,Java,26294,9068,2.899647110719012,3
2012-05,JavaScript,34440,13049,2.6392827036554527,1
2012-05,Lua,3387,1390,2.4366906474820142,13
2012-05,Objective-C,8026,3477,2.3083117630140926,8
2012-05,PHP,15779,6223,2.535593765065081,4
2012-05,Perl,5778,2203,2.6227871084884247,12
2012-05,Python,25611,9823,2.607248294818284,2
2012-05,R,6021,2673,2.2525252525252526,10
2012-05,Ruby,10069,3968,2.5375504032258065,6
2012-05,Scala,6633,2391,2.7741530740276037,11
2012-06,C,9720,4016,2.4203187250996017,6
2012-06,C#,12127,4773,2.5407500523779594,5
2012-06,C++,9608,3991,2.4074166875469807,7
2012-06,Go,2425,994,2.4396378269617705,14
2012-06,Haskell,2423,993,2.4400805639476335,15
2012-06,Java,26742,10266,2.6049094097019285,3
2012-06,JavaScript,36380,12055,3.0178349232683535,1
2012-06,Lua,3299,1144,2.8837412587412588,13
2012-06,Objective-C,8087,2949,2.742285520515429,9
2012-06,PHP,15573,6057,2.5710747894997525,4
2012-06,Perl,5893,2667,2.209598800149981,11
2012-06,Python,25530,10489,2.433978453618076,2
2012-06,R,6064,2836,2.1382228490832156,10
2012-06,Ruby,10619,3926,2.7047885888945493,8
2012-06,Scala,6141,2619,2.3447880870561284,12
2012-07,C,9883,3957,2.4975991913065454,9
2012-07,C#,11939,4451,2.682318580094361,5
2012-07,C++,10176,4151,2.451457480125271,7
2012-07,Go,2987,1263,2.365003958828187,14
2012-07,Haskell,2562,1057,2.423841059602649,15
2012-07,Java,26213,9979,2.626816314259946,3
2012-07,JavaScript,36588,12847,2.8479800731688334,1
2012-07,Lua,3507,1363,2.5730007336757152,13
2012-07,Objective-C,9046,4006,2.2581128307538694,8
2012-07,PHP,15194,6764,2.2463039621525724,4
2012-07,Perl,6248,2953,2.11581442600745,10
2012-07,Python,27436,11578,2.369666609086198,2
2012-07,R,5969,2659,2.2448288830387364,12
2012-07,Ruby,10592,4325,2.4490173410404625,6
2012-07,Scala,6618,2660,2.48796992481203,11
2012-08,C,9762,4144,2.3556949806949805,8
2012-08,C#,12094,5090,2.376031434184676,5
2012-08,C++,10104,4240,2.383018867924528,6
2012-08,Go,3149,1332,2.364114114114114,14
2012-08,Haskell,2366,890,2.6584269662921347,15
2012-08,Java,25588,11310,2.262422634836428,2
2012-08,JavaScript,38883,14072,2.763146674246731,1
2012-08,Lua,3767,1511,2.4930509596293846,13
2012-08,Objective-C,8614,3672,2.3458605664488017,9
2012-08,PHP,17681,8216,2.1520204479065237,4
2012-08,Perl,6175,2623,2.354174609226077,10
2012-08,Python,28084,10626,2.642951251646904,3
2012-08,R,5991,2432,2.463404605263158,11
2012-08,Ruby,10405,4212,2.4703228869895537,7
2012-08,Scala,6468,2425,2.667216494845361,12
2012-09,C,10107,4088,2.472358121330724,8
2012-09,C#,12374,4820,2.5672199170124483,5
2012-09,C++,10808,4308,2.508820798514392,6
2012-09,Go,3583,1409,2.5429382540809082,14
2012-09,Haskell,2458,927,2.651564185544768,15
2012-09,Java,27439,11282,2.43210423683744,3
2012-09,JavaScript,38851,13327,2.915209724619194,1
2012-09,Lua,3533,1633,2.1635027556644215,13
2012-09,Objective-C,7966,3529,2.257296684613205,9
2012-09,PHP,16167,6260,2.5825878594249203,4
2012-09,Perl,6489,2422,2.679190751445087,12
2012-09,Python,30013,12886,2.3291168710228156,2
2012-09,R,6782,2587,2.6215693853884807,11
2012-09,Ruby,10456,4143,2.5237750422399228,7
2012-09,Scala,6923,2645,2.617391304347826,10
2012-10,C,9957,3608,2.75970066518847,8
2012-10,C#,13645,5646,2.4167552249380093,5
2012-10,C++,10968,4752,2.308080808080808,6
2012-10,Go,4015,1484,2.7055256064690028,14
2012-10,Haskell,2743,1071,2.561157796451914,15
2012-10,Java,28327,12144,2.332592226613966,2
2012-10,JavaScript,39831,13756,2.895536493166618,1
2012-10,Lua,3902,1670,2.336526946107784,13
2012-10,Objective-C,9050,3576,2.53076062639821,9
2012-10,PHP,16823,6112,2.7524541884816753,4
2012-10,Perl,6718,2677,2.5095255883451624,11
2012-10,Python,27935,10950,2.5511415525114156,3
2012-10,R,6888,2753,2.5019978205593896,10
2012-10,Ruby,10988,4328,2.5388170055452863,7
2012-10,Scala,6848,2533,2.7035136202131858,12
2012-10,TypeScript,1459,604,2.415562913907285,16
2012-11,C,10664,4609,2.3137339986981993,6
2012-11,C#,13628,5060,2.693280632411067,5
2012-11,C++,11113,4169,2.665627248740705,8
2012-11,Go,4407,1797,2.4524207011686143,13
2012-11,Haskell,2807,1166,2.4073756432246998,15
2012-11,Java,28989,10932,2.6517563117453347,3
2012-11,JavaScript,40689,15220,2.673390275952694,1
2012-11,Lua,4109,1694,2.425619834710744,14
2012-11,Objective-C,8951,3526,2.5385706182643224,9
2012-11,PHP,17634,7110,2.480168776371308,4
2012-11,Perl,6689,2626,2.5472201066260474,12
2012-11,Python,31181,13339,2.3375815278506633,2
2012-11,R,6415,2658,2.4134687735139204,11
2012-11,Ruby,10885,4297,2.533162671631371,7
2012-11,Scala,7447,3015,2.469983416252073,10
2012-11,TypeScript,2344,954,2.457023060796646,16
2012-12,C,10184,4041,2.520168275179411,7
2012-12,C#,13460,5372,2.505584512285927,5
2012-12,C++,12284,4445,2.76355455568054,6
2012-12,Go,4555,1782,2.5561167227833894,13
2012-12,Haskell,2711,1117,2.4270367054610564,15
2012-12,Java,30604,12003,2.5496959093559943,2
2012-12,JavaScript,43694,14496,3.014210816777042,1
2012-12,Lua,4035,1649,2.446937537901759,14
2012-12,Objective-C,8840,3341,2.6459143968871595,9
2012-12,PHP,17193,6915,2.4863340563991323,4
2012-12,Perl,6795,2577,2.6367869615832364,12
2012-12,Python,33122,11933,2.7756641246962204,3
2012-12,R,7643,3192,2.394423558897243,10
2012-12,Ruby,11730,3940,2.9771573604060912,8
2012-12,Scala,7745,2947,2.628096369189006,11
2012-12,TypeScript,2858,1064,2.68609022556391,16
2013-01,C,11075,4191,2.642567406346934,8
2013-01,C#,14504,5837,2.484838101764605,5
2013-01,C++,11187,4482,2.495983935742972,7
2013-01,Dart,624,267,2.337078651685393,17
2013-01,Go,5056,2166,2.3342566943674976,13
2013-01,Haskell,2780,1238,2.245557350565428,16
2013-01,Java,31472,12113,2.5982002806901674,3
2013-01,JavaScript,45757,18184,2.516333040035196,1
2013-01,Lua,4287,2017,2.1254338125929597,14
2013-01,Objective-C,9469,3888,2.4354423868312756,9
2013-01,PHP,19058,7521,2.5339715463369235,4
2013-01,Perl,7087,2983,2.375796178343949,11
2013-01,Python,34780,15764,2.2062928190814515,2
2013-01,R,7279,2709,2.686969361387966,12
2013-01,Ruby,12026,5174,2.3243138770776963,6
2013-01,Scala,7769,3054,2.5438768827766864,10
2013-01,TypeScript,3868,1634,2.3671970624235006,15
2013-02,C,12319,5554,2.2180410514944184,6
2013-02,C#,15575,5735,2.7157802964254576,5
2013-02,C++,12382,4800,2.5795833333333333,8
2013-02,Dart,1015,403,2.5186104218362284,17
2013-02,Go,5512,2247,2.4530485091232754,13
2013-02,Haskell,2901,1132,2.562720848056537,16
2013-02,Java,33049,12026,2.7481290537169465,3
2013-02,JavaScript,46402,16093,2.8833654383893617,1
2013-02,Lua,4444,1795,2.475766016713092,15
2013-02,Objective-C,9346,3359,2.7823757070556714,10
2013-02,PHP,18681,6907,2.7046474590994642,4
2013-02,Perl,7445,3020,2.4652317880794703,12
2013-02,Python,35822,14884,2.406745498521903,2
2013-02,R,7729,3122,2.4756566303651506,11
2013-02,Ruby,12735,5373,2.370184254606365,7
2013-02,Scala,8958,3710,2.41455525606469,9
2013-02,TypeScript,4651,1807,2.57387935805202,14
2013-03,C,11825,4168,2.837092130518234,8
2013-03,C#,16300,6811,2.3931874908236677,5
2013-03,C++,13232,4890,2.7059304703476483,7
2013-03,Dart,1431,521,2.746641074856046,17
2013-03,Go,6213,2485,2.5002012072434607,14
2013-03,Haskell,2758,1201,2.296419650291424,16
2013-03,Java,34409,12879,2.6717136423635375,3
2013-03,JavaScript,48401,19044,2.5415353917244277,1
2013-03,Lua,4594,1841,2.4953829440521456,15
2013-03,Objective-C,9835,3960,2.4835858585858586,9
2013-03,PHP,20195,8319,2.4275754297391514,4
2013-03,Perl,6419,2607,2.462217107786728,12
2013-03,Python,37616,14649,2.5678203290326986,2
2013-03,R,8068,3433,2.3501310806874454,11
2013-03,Ruby,13249,5172,2.5616782675947407,6
2013-03,Scala,8827,3503,2.519840137025407,10
2013-03,TypeScript,5774,2594,2.225905936777178,13
2013-04,C,12317,4824,2.5532752902155886,8
2013-04,C#,15688,5665,2.7692850838481906,5
2013-04,C++,13683,5072,2.6977523659305995,7
2013-04,Dart,1817,721,2.520110957004161,17
2013-04,Go,6413,2452,2.615415986949429,13
2013-04,Haskell,3298,1270,2.5968503937007874,16
2013-04,Java,35010,12821,2.7306762343030964,3
2013-04,JavaScript,48430,17581,2.7546783459416417,1
2013-04,Lua,4767,1955,2.4383631713554985,15
2013-04,Objective-C,10549,4412,2.390979147778785,9
2013-04,PHP,20884,8408,2.483824928639391,4
2013-04,Perl,7731,3091,2.501132319637658,12
2013-04,Python,40660,16749,2.4276076183652755,2
2013-04,R,8332,3344,2.4916267942583734,10
2013-04,Ruby,13743,5457,2.518416712479384,6
2013-04,Scala,8161,3110,2.6241157556270096,11
2013-04,TypeScript,6307,2405,2.6224532224532227,14
2013-05,C,12769,4963,2.5728390086641144,8
2013-05,C#,16225,6058,2.6782766589633544,5
2013-05,C++,13140,5192,2.5308166409861323,6
2013-05,Dart,2104,794,2.649874055415617,17
2013-05,Go,6583,2719,2.421110702464141,14
2013-05,Haskell,3365,1271,2.6475216365066876,16
2013-05,Java,34952,13446,2.5994347761416035,3
2013-05,JavaScript,51710,20910,2.47297943567671,1
2013-05,Lua,4869,2065,2.357869249394673,15
2013-05,Objective-C,10474,4025,2.6022360248447205,9
2013-05,PHP,21921,9039,2.4251576501825425,4
2013-05,Perl,7603,2918,2.605551747772447,12
2013-05,Python,41087,16399,2.5054576498566985,2
2013-05,R,8525,3252,2.6214637146371462,11
2013-05,Ruby,12778,5111,2.500097828213657,7
2013-05,Scala,9016,3731,2.4165103189493435,10
2013-05,TypeScript,7346,2873,2.556909154194222,13
2013-06,C,12694,5441,2.333027017092446,8
2013-06,C#,16723,6155,2.7169780666125103,5
2013-06,C++,13625,5475,2.4885844748858448,7
2013-06,Dart,2511,1062,2.364406779661017,17
2013-06,Go,7397,3000,2.4656666666666665,14
2013-06,Haskell,3586,1320,2.716666666666667,16
2013-06,Java,35042,14366,2.4392315188639846,3
2013-06,JavaScript,53140,19657,2.7033626697868445,1
2013-06,Lua,4901,2031,2.413096996553422,15
2013-06,Objective-C,10722,3670,2.9215258855585833,9
2013-06,PHP,21560,8727,2.4704938696000918,4
2013-06,Perl,8249,3252,2.536592865928659,11
2013-06,Python,39849,15997,2.4910295680440084,2
2013-06,R,8697,3223,2.698417623332299,12
2013-06,Ruby,13675,6047,2.261451959649413,6
2013-06,Scala,9150,3610,2.5346260387811634,10
2013-06,TypeScript,7754,3141,2.468640560331105,13
2013-07,C,13675,5207,2.6262723257153833,8
2013-07,C#,16108,7013,2.2968772280051333,5
2013-07,C++,13381,5620,2.380960854092527,6
2013-07,Dart,2718,1167,2.329048843187661,17
2013-07,Go,7628,2801,2.723313102463406,14
2013-07,Haskell,3577,1462,2.4466484268125854,16
2013-07,Java,36231,14876,2.4355337456305457,3
2013-07,JavaScript,53454,18497,2.8898740336270747,1
2013-07,Lua,5153,1929,2.671332296526698,15
2013-07,Objective-C,10669,4247,2.512126206734165,9
2013-07,PHP,19870,7371,2.695699362366029,4
2013-07,Perl,8066,3159,2.5533396644507755,13
2013-07,Python,41823,16223,2.5780065339333045,2
2013-07,R,9275,3687,2.515595334960673,11
2013-07,Ruby,13244,5385,2.4594243268337976,7
2013-07,Scala,9449,3834,2.46452790818988,10
2013-07,TypeScript,8540,3409,2.5051334702258727,12
2013-08,C,14379,5887,2.442500424664515,6
2013-08,C#,16371,6542,2.502445735249159,5
2013-08,C++,14139,5430,2.603867403314917,7
2013-08,Dart,3007,1189,2.5290159798149707,17
2013-08,Go,7995,3013,2.653501493528045,14
2013-08,Haskell,3451,1371,2.5171407731582787,16
2013-08,Java,36269,15770,2.299873176918199,3
2013-08,JavaScript,52926,17308,3.0578923041368156,2
2013-08,Lua,5024,1928,2.6058091286307055,15
2013-08,Objective-C,11000,4553,2.415989457500549,9
2013-08,PHP,20966,8154,2.5712533725778757,4
2013-08,Perl,7912,3164,2.5006321112515804,13
2013-08,Python,42163,19591,2.1521617069062327,1
2013-08,R,8770,3451,2.541292379020574,12
2013-08,Ruby,13456,5069,2.654566975734859,8
2013-08,Scala,9581,3623,2.6444935136627103,11
2013-08,TypeScript,8848,3816,2.3186582809224316,10
2013-09,C,13232,5769,2.293638412203155,7
2013-09,C#,16816,7065,2.3801840056617127,5
2013-09,C++,14505,5589,2.595276435856146,8
2013-09,Dart,3298,1272,2.592767295597484,17
2013-09,Go,8229,3355,2.452757078986587,12
2013-09,Haskell,3337,1277,2.6131558339859047,16
2013-09,Java,35141,14630,2.4019822282980177,3
2013-09,JavaScript,60908,21334,2.8549732820849347,1
2013-09,Lua,5152,2093,2.4615384615384617,15
2013-09,Objective-C,10226,3857,2.651283380865958,9
2013-09,PHP,20396,8163,2.498591204214137,4
2013-09,Perl,8162,2925,2.7904273504273505,14
2013-09,Python,38681,15094,2.5626739101629785,2
2013-09,R,9099,3333,2.72997299729973,13
2013-09,Ruby,15315,5994,2.555055055055055,6
2013-09,Scala,8651,3489,2.479507022069361,11
2013-09,TypeScript,9471,3746,2.5282968499733047,10
2013-10,C,13963,5334,2.6177352830896137,6
2013-10,C#,16396,6575,2.4936882129277564,5
2013-10,C++,13889,5156,2.693754848719938,8
2013-10,Dart,4062,1556,2.6105398457583546,16
2013-10,Go,8710,3683,2.3649199022535976,12
2013-10,Haskell,3456,1482,2.331983805668016,17
2013-10,Java,35703,14749,2.4207064885754965,3
2013-10,JavaScript,62510,24723,2.52841483638717,1
2013-10,Lua,5125,2119,2.418593676262388,15
2013-10,Objective-C,10299,3984,2.585090361445783,10
2013-10,PHP,21036,8211,2.5619291194738767,4
2013-10,Perl,7625,3283,2.322570819372525,14
2013-10,Python,40701,18820,2.162646121147715,2
2013-10,R,9506,3678,2.5845568243610657,13
2013-10,Ruby,13385,5190,2.5789980732177264,7
2013-10,Scala,9442,3912,2.41359918200409,11
2013-10,TypeScript,11099,4270,2.5992974238875877,9
2013-11,C,14725,5855,2.5149444918872756,8
2013-11,C#,17904,6484,2.76125848241826,5
2013-11,C++,15332,6315,2.427870150435471,6
2013-11,Dart,3967,1591,2.4934003771213074,16
2013-11,Go,8775,3350,2.6194029850746268,13
2013-11,Haskell,3849,1486,2.5901749663526243,17
2013-11,Java,36548,13455,2.7163136380527684,3
2013-11,JavaScript,59189,21993,2.691265402628109,1
2013-11,Lua,5462,2102,2.598477640342531,15
2013-11,Objective-C,9927,3819,2.599371563236449,11
2013-11,PHP,23046,8696,2.6501839926402946,4
2013-11,Perl,8245,3019,2.7310367671414375,14
2013-11,Python,44419,18463,2.4058387044358986,2
2013-11,R,9318,3924,2.374617737003058,10
2013-11,Ruby,14829,6095,2.4329778506972928,7
2013-11,Scala,8848,3563,2.4833005893909625,12
2013-11,TypeScript,11226,4688,2.3946245733788394,9
2013-12,C,14536,6171,2.355533949116837,8
2013-12,C#,17972,7939,2.2637611789897973,5
2013-12,C++,14992,6244,2.4010249839846254,7
2013-12,Dart,4485,1730,2.592485549132948,16
2013-12,Go,9667,3854,2.5083030617540216,12
2013-12,Haskell,3824,1424,2.6853932584269664,17
2013-12,Java,39190,14852,2.638701858335578,3
2013-12,JavaScript,63657,23225,2.740882669537137,1
2013-12,Lua,5809,2471,2.350870093079725,15
2013-12,Objective-C,10657,5008,2.1279952076677318,9
2013-12,PHP,23430,10071,2.326481977956509,4
2013-12,Perl,8107,3891,2.083526085839116,11
2013-12,Python,44570,20439,2.1806350604237,2
2013-12,R,9116,3702,2.4624527282549975,14
2013-12,Ruby,14728,6733,2.1874350215357197,6
2013-12,Scala,9821,3758,2.613358169238957,13
2013-12,TypeScript,12008,4752,2.526936026936027,10
2014-01,C,15003,5773,2.5988221028927767,7
2014-01,C#,19268,7521,2.5618933652439835,5
2014-01,C++,16634,5985,2.779281537176274,6
2014-01,Dart,5113,2148,2.3803538175046555,16
2014-01,Go,10911,3753,2.9072741806554756,12
2014-01,Haskell,3654,1283,2.848012470771629,17
2014-01,Java,42093,15410,2.7315379623621023,3
2014-01,JavaScript,61946,24598,2.5183348239694285,1
2014-01,Julia,332,130,2.5538461538461537,18
2014-01,Lua,5703,2431,2.3459481694775812,15
2014-01,Objective-C,11542,4767,2.421229284665408,10
2014-01,PHP,24729,9621,2.570314936077331,4
2014-01,Perl,8862,3707,2.3906123550040466,14
2014-01,Python,45971,19655,2.3388959552276773,2
2014-01,R,10228,3986,2.5659809332664327,11
2014-01,Ruby,13823,5601,2.4679521514015352,8
2014-01,Scala,9612,3748,2.5645677694770543,13
2014-01,TypeScript,13594,5570,2.4405745062836623,9
2014-02,C,15792,6112,2.5837696335078535,8
2014-02,C#,18419,8152,2.2594455348380764,5
2014-02,C++,16953,6791,2.4963922839051684,6
2014-02,Dart,5864,2155,2.7211136890951275,16
2014-02,Go,11291,4468,2.527081468218442,12
2014-02,Haskell,3804,1700,2.2376470588235295,17
2014-02,Java,41345,15175,2.7245469522240526,3
2014-02,JavaScript,66074,22444,2.943949385136339,1
2014-02,Julia,560,222,2.5225225225225225,18
2014-02,Lua,5843,2360,2.4758474576271188,15
2014-02,Objective-C,11060,4509,2.452872033710357,11
2014-02,PHP,25238,9879,2.5547120153861727,4
2014-02,Perl,9149,3404,2.687720329024677,14
2014-02,Python,49606,21826,2.2727939155136077,2
2014-02,R,10725,5181,2.070063694267516,10
2014-02,Ruby,14595,5737,2.5440125501132997,9
2014-02,Scala,9742,3629,2.6844860843207496,13
2014-02,TypeScript,15672,6368,2.4610552763819094,7
2014-03,C,15075,6354,2.3725212464589234,7
2014-03,C#,21509,9497,2.264820469621986,4
2014-03,C++,17192,6393,2.6891913029876426,6
2014-03,Dart,6670,2521,2.6457754859182865,15
2014-03,Go,13448,4744,2.8347386172006743,10
2014-03,Haskell,4286,1581,2.710942441492726,17
2014-03,Java,42185,16626,2.537290990015638,3
2014-03,JavaScript,63445,22669,2.798756010410693,1
2014-03,Julia,764,302,2.5298013245033113,18
2014-03,Lua,5884,2299,2.559373640713354,16
2014-03,Objective-C,11408,4621,2.46872971218351,11
2014-03,PHP,24841,9182,2.705401873230233,5
2014-03,Perl,9260,3918,2.363450740173558,14
2014-03,Python,53345,20700,2.5770531400966186,2
2014-03,R,10751,4357,2.467523525361487,12
2014-03,Ruby,15874,5991,2.6496411283592054,9
2014-03,Scala,10753,4293,2.5047752154670393,13
2014-03,TypeScript,16676,6098,2.734667103968514,8
2014-04,C,15253,5607,2.7203495630461925,8
2014-04,C#,20047,7780,2.5767352185089973,6
2014-04,C++,17006,6845,2.4844411979547116,7
2014-04,Dart,7138,2839,2.5142655864741106,15
2014-04,Go,13125,5286,2.4829738933030647,10
2014-04,Haskell,4161,1754,2.3722919042189283,17
2014-04,Java,44986,17915,2.5110801004744627,3
2014-04,JavaScript,68545,22641,3.0274722847930744,1
2014-04,Julia,972,378,2.5714285714285716,18
2014-04,Lua,6399,2675,2.39214953271028,16
2014-04,Objective-C,10925,4131,2.644638102154442,12
2014-04,PHP,23546,9647,2.4407587851145434,4
2014-04,Perl,9838,3714,2.648896068928379,14
2014-04,Python,55074,22442,2.4540593529988413,2
2014-04,R,11020,4315,2.5538818076477403,11
2014-04,Ruby,15399,5412,2.8453436807095343,9
2014-04,Scala,10591,3826,2.7681651855723994,13
2014-04,TypeScript,18796,7994,2.3512634475856893,5
2014-05,C,16966,7252,2.339492553778268,8
2014-05,C#,19647,8160,2.407720588235294,5
2014-05,C++,18511,7414,2.496762881035878,7
2014-05,Dart,7473,2932,2.5487721691678034,15
2014-05,Go,12884,5265,2.4471035137701804,10
2014-05,Haskell,4441,1845,2.4070460704607046,17
2014-05,Java,43202,16307,2.649291715214325,3
2014-05,JavaScript,69668,23763,2.9317847073180996,1
2014-05,Julia,1257,465,2.703225806451613,18
2014-05,Lua,6349,2628,2.415905631659056,16
2014-05,Objective-C,12217,5259,2.3230652215250047,11
2014-05,PHP,26553,11033,2.406689023837578,4
2014-05,Perl,8996,3528,2.549886621315193,14
2014-05,Python,52785,23009,2.294102307792603,2
2014-05,R,11556,4433,2.6068125422964132,13
2014-05,Ruby,15925,6821,2.334701656648585,9
2014-05,Scala,12107,5201,2.3278215727744667,12
2014-05,TypeScript,19016,7835,2.4270580727504787,6
2014-06,C,17242,6513,2.6473207431291264,8
2014-06,C#,22694,8753,2.5927110704901177,6
2014-06,C++,18435,7136,2.5833800448430493,7
2014-06,Dart,8458,3589,2.3566453050989136,14
2014-06,Go,15144,6512,2.3255528255528257,9
2014-06,Haskell,4342,1764,2.4614512471655328,17
2014-06,Java,41587,16153,2.5745681916671828,3
2014-06,JavaScript,69427,23440,2.9619027303754266,1
2014-06,Julia,1423,541,2.6303142329020335,18
2014-06,Lua,5657,2074,2.727579556412729,16
2014-06,Objective-C,11204,4746,2.360724820901812,11
2014-06,PHP,25277,9926,2.5465444287729198,5
2014-06,Perl,9053,3570,2.5358543417366946,15
2014-06,Python,56486,21078,2.67985577379258,2
2014-06,R,10492,4669,2.2471621332191045,12
2014-06,Ruby,14680,5240,2.801526717557252,10
2014-06,Scala,11088,4244,2.61262959472196,13
2014-06,TypeScript,21073,10132,2.0798460323726804,4
2014-07,C,15681,6356,2.4671176840780364,8
2014-07,C#,20121,7710,2.609727626459144,7
2014-07,C++,18574,8211,2.2620874436731215,6
2014-07,Dart,8185,3586,2.2824874511991076,14
2014-07,Go,14668,5749,2.5514002435206122,10
2014-07,Haskell,4395,1722,2.552264808362369,17
2014-07,Java,44266,18250,2.4255342465753427,3
2014-07,JavaScript,70218,26408,2.6589669797031203,1
2014-07,Julia,1593,594,2.6818181818181817,18
2014-07,Lua,6192,2856,2.168067226890756,16
2014-07,Objective-C,11517,4338,2.6549100968188104,13
2014-07,PHP,25313,10109,2.504006330992185,4
2014-07,Perl,8696,3510,2.4774928774928773,15
2014-07,Python,57979,24109,2.404869550790161,2
2014-07,R,11674,4661,2.504612744046342,12
2014-07,Ruby,15330,6136,2.4983702737940026,9
2014-07,Scala,11473,4965,2.310775427995972,11
2014-07,TypeScript,20476,8446,2.424342884205541,5
2014-08,C,16480,6479,2.543602407778978,8
2014-08,C#,19090,7547,2.52948191334305,7
2014-08,C++,18985,7694,2.467507148427346,6
2014-08,Dart,9123,3632,2.511839207048458,15
2014-08,Go,14998,6091,2.462321457888688,9
2014-08,Haskell,4413,1731,2.5493934142114383,17
2014-08,Java,44611,15911,2.803783545974483,3
2014-08,JavaScript,73776,28520,2.5868162692847125,1
2014-08,Julia,1975,827,2.388149939540508,18
2014-08,Lua,6093,2728,2.2335043988269794,16
2014-08,Objective-C,12302,4188,2.937440305635148,13
2014-08,PHP,24001,9826,2.4426012619580706,4
2014-08,Perl,9617,3717,2.5873015873015874,14
2014-08,Python,53748,21909,2.453238395180063,2
2014-08,R,11565,4482,2.5803212851405624,12
2014-08,Ruby,14842,5952,2.4936155913978495,10
2014-08,Scala,11351,4732,2.3987743026204567,11
2014-08,TypeScript,21756,8786,2.4762121557022536,5
2014-09,C,16573,6917,2.3959809165823334,8
2014-09,C#,21445,8639,2.4823474939229078,6
2014-09,C++,16213,6059,2.675854101336854,9
2014-09,Dart,9294,3805,2.44257555847569,14
2014-09,Go,16796,6929,2.424015009380863,7
2014-09,Haskell,4288,1641,2.6130408287629496,17
2014-09,Java,45616,19197,2.3762046153044745,3
2014-09,JavaScript,71387,29282,2.437914076907315,1
2014-09,Julia,1947,772,2.522020725388601,18
2014-09,Lua,6212,2778,2.236141108711303,16
2014-09,Objective-C,11562,4519,2.558530648373534,13
2014-09,PHP,25736,10405,2.473426237385872,4
2014-09,Perl,9051,3166,2.8588123815540114,15
2014-09,Python,55582,21400,2.5972897196261684,2
2014-09,R,10465,4620,2.265151515151515,12
2014-09,Ruby,14455,5371,2.6913051573263824,10
2014-09,Scala,11411,4630,2.4645788336933045,11
2014-09,Swift,526,203,2.5911330049261085,19
2014-09,TypeScript,23868,9911,2.4082332761578042,5
2014-10,C,16912,6428,2.6309894212818916,10
2014-10,C#,20517,8480,2.419457547169811,6
2014-10,C++,18435,7265,2.537508602890571,7
2014-10,Dart,9806,4051,2.4206368797827698,14
2014-10,Go,16670,6889,2.419799680650312,8
2014-10,Haskell,4388,1959,2.2399183256763653,17
2014-10,Java,47832,19101,2.5041620857546727,3
2014-10,JavaScript,70456,25909,2.7193639275927284,1
2014-10,Julia,2211,873,2.5326460481099655,18
2014-10,Lua,6186,2165,2.8572748267898382,16
2014-10,Objective-C,11414,4696,2.430579216354344,12
2014-10,PHP,24541,9900,2.4788888888888887,5
2014-10,Perl,8675,3721,2.3313625369524322,15
2014-10,Python,55226,20573,2.684392164487435,2
2014-10,R,12039,4699,2.5620344754203024,11
2014-10,Ruby,15356,6782,2.264228841049838,9
2014-10,Scala,10508,4543,2.313009024873432,13
2014-10,Swift,857,373,2.297587131367292,19
2014-10,TypeScript,26667,10683,2.4962089300758215,4
2014-11,C,17906,7146,2.505737475510775,9
2014-11,C#,23490,9957,2.3591443205784874,6
2014-11,C++,18484,7636,2.4206390780513356,7
2014-11,Dart,10243,4485,2.283835005574136,13
2014-11,Go,18142,7296,2.4865679824561404,8
2014-11,Haskell,4321,1817,2.3780957622454597,17
2014-11,Java,41650,15040,2.769281914893617,3
2014-11,JavaScript,74299,27512,2.7006033730735677,1
2014-11,Julia,2759,1096,2.5173357664233578,18
2014-11,Lua,6697,2709,2.4721299372462164,16
2014-11,Objective-C,11157,4861,2.2952067475828017,11
2014-11,PHP,25240,10051,2.5111929161277486,5
2014-11,Perl,8709,3566,2.4422321929332584,15
2014-11,Python,57670,20681,2.788549876698419,2
2014-11,R,11659,4420,2.637782805429864,14
2014-11,Ruby,15313,6136,2.495599739243807,10
2014-11,Scala,11583,4781,2.422714913198076,12
2014-11,Swift,1168,473,2.4693446088794926,19
2014-11,TypeScript,27638,11446,2.414642669928359,4
2014-12,C,16867,5773,2.9217044864022172,10
2014-12,C#,21168,9134,2.31749507335231,6
2014-12,C++,18460,7028,2.6266363118952762,8
2014-12,Dart,11675,4236,2.756137865911237,14
2014-12,Go,19552,8038,2.432445882060214,7
2014-12,Haskell,4564,1957,2.3321410321921308,17
2014-12,Java,43393,17767,2.4423369167557833,3
2014-12,JavaScript,80033,29581,2.7055542408978734,1
2014-12,Julia,2743,1008,2.7212301587301586,18
2014-12,Lua,6256,2471,2.531768514771348,16
2014-12,Objective-C,12293,5349,2.2981865769302674,11
2014-12,PHP,25060,10608,2.36236802413273,5
2014-12,Perl,8833,3369,2.6218462451766102,15
2014-12,Python,59024,25208,2.341478895588702,2
2014-12,R,12799,5029,2.5450387751043944,12
2014-12,Ruby,15034,5987,2.5111073993652915,9
2014-12,Scala,11809,4426,2.668097605061003,13
2014-12,Swift,1445,626,2.308306709265176,19
2014-12,TypeScript,29473,12392,2.3783892834086506,4
2015-01,C,18505,6998,2.644326950557302,9
2015-01,C#,24363,9474,2.571564281190627,7
2015-01,C++,21053,8421,2.5000593753710962,8
2015-01,Dart,11523,4611,2.4990240728692257,13
2015-01,Go,21482,9733,2.2071303811774374,6
2015-01,Haskell,4737,1841,2.5730581205866376,17
2015-01,Java,46723,17875,2.613874125874126,3
2015-01,JavaScript,79708,28939,2.754345347109437,1
2015-01,Julia,3287,1335,2.4621722846441947,18
2015-01,Lua,6746,2555,2.6403131115459884,16
2015-01,Objective-C,11675,4490,2.6002227171492205,14
2015-01,PHP,24448,9755,2.506201947719118,5
2015-01,Perl,9727,4454,2.1838796587337224,15
2015-01,Python,56252,23067,2.438635279836997,2
2015-01,R,12521,5151,2.430790137837313,11
2015-01,Ruby,15250,6919,2.2040757334874983,10
2015-01,Scala,12042,4768,2.5255872483221475,12
2015-01,Swift,1869,735,2.5428571428571427,19
2015-01,TypeScript,32797,15529,2.1119840298795802,4
2015-02,C,17520,6740,2.599406528189911,9
2015-02,C#,23622,9430,2.504984093319194,6
2015-02,C++,20748,8896,2.3322841726618706,7
2015-02,Dart,13155,5058,2.6008303677342823,12
2015-02,Go,20367,8472,2.4040368271954673,8
2015-02,Haskell,4604,1799,2.5591995553085045,17
2015-02,Java,49478,20586,2.4034780919071213,3
2015-02,JavaScript,80405,27424,2.9319209451575263,2
2015-02,Julia,3420,1493,2.290689886135298,18
2015-02,Lua,7238,2724,2.65712187958884,16
2015-02,Objective-C,11363,4591,2.475059899803964,14
2015-02,PHP,27310,11182,2.4423180110892506,5
2015-02,Perl,9361,3602,2.598833981121599,15
2015-02,Python,65177,28644,2.2754154447702835,1
2015-02,R,12670,5287,2.3964441081899,11
2015-02,Ruby,16495,6507,2.5349623482403567,10
2015-02,Scala,12097,4704,2.571641156462585,13
2015-02,Swift,2232,909,2.4554455445544554,19
2015-02,TypeScript,31942,15251,2.094420038030293,4
2015-03,C,18538,7181,2.5815346052081884,9
2015-03,C#,23928,10223,2.3406045192213636,6
2015-03,C++,20670,8170,2.529987760097919,7
2015-03,Dart,13323,6121,2.1766051298807385,11
2015-03,Go,21484,8095,2.6539839407041383,8
2015-03,Haskell,4634,1905,2.43254593175853,17
2015-03,Java,52069,22650,2.2988520971302426,3
2015-03,JavaScript,76832,28128,2.7315130830489194,1
2015-03,Julia,3992,1706,2.339976553341149,18
2015-03,Lua,7477,2911,2.5685331501202335,16
2015-03,Objective-C,12628,5569,2.267552522894595,12
2015-03,PHP,27194,12001,2.2659778351804016,5
2015-03,Perl,10147,4198,2.417103382563125,15
2015-03,Python,68624,27283,2.515265916504783,2
2015-03,R,13383,5546,2.4130905156869815,13
2015-03,Ruby,17050,7156,2.382615986584684,10
2015-03,Scala,11565,4701,2.460114869176771,14
2015-03,Swift,2490,1068,2.331460674157303,19
2015-03,TypeScript,36207,14838,2.4401536595228466,4
2015-04,C,18836,7217,2.6099487321601775,9
2015-04,C#,23092,9571,2.412705046494619,7
2015-04,C++,21339,9090,2.3475247524752474,8
2015-04,Dart,15505,5755,2.694178974804518,11
2015-04,Go,22098,9855,2.2423135464231354,6
2015-04,Haskell,4766,1987,2.3985908404630094,17
2015-04,Java,50673,19551,2.5918367346938775,3
2015-04,JavaScript,85306,33962,2.5118073140568873,1
2015-04,Julia,4039,1697,2.380082498526812,18
2015-04,Lua,7120,3061,2.3260372427311338,16
2015-04,Objective-C,12342,4946,2.495349777598059,12
2015-04,PHP,27073,10294,2.629978628327181,5
2015-04,Perl,10092,4371,2.30885380919698,15
2015-04,Python,68181,25542,2.669368099600658,2
2015-04,R,12933,4718,2.741203899957609,14
2015-04,Ruby,16181,6633,2.439469320066335,10
2015-04,Scala,11191,4870,2.297946611909651,13
2015-04,Swift,2685,1132,2.3719081272084805,19
2015-04,TypeScript,38960,17540,2.2212086659064996,4
2015-05,C,19245,7346,2.6197930846719304,9
2015-05,C#,23324,9198,2.5357686453576864,7
2015-05,C++,21508,8649,2.4867614753150655,8
2015-05,Dart,16129,7015,2.299215965787598,11
2015-05,Go,24500,9940,2.464788732394366,6
2015-05,Haskell,5148,2000,2.574,17
2015-05,Java,48397,19437,2.489941863456295,3
2015-05,JavaScript,85686,31052,2.7594357851346127,1
2015-05,Julia,4702,1861,2.526598602901666,18
2015-05,Lua,7428,2714,2.7369196757553427,16
2015-05,Objective-C,11606,4582,2.5329550414666087,14
2015-05,PHP,26902,11046,2.4354517472388193,5
2015-05,Perl,9739,4031,2.4160258000496153,15
2015-05,Python,66060,26803,2.464649479535873,2
2015-05,R,14305,6455,2.2161115414407435,12
2015-05,Ruby,17295,7047,2.4542358450404427,10
2015-05,Rust,750,354,2.1186440677966103,20
2015-05,Scala,12566,4804,2.615736885928393,13
2015-05,Swift,3421,1241,2.756647864625302,19
2015-05,TypeScript,40375,16327,2.472897654192442,4
2015-06,C,18526,8018,2.3105512596657523,8
2015-06,C#,24803,10629,2.3335214977890675,5
2015-06,C++,21129,7888,2.678625760649087,9
2015-06,Dart,16598,6576,2.5240267639902676,11
2015-06,Go,22691,8201,2.7668577002804535,7
2015-06,Haskell,5114,2043,2.503181595692609,17
2015-06,Java,50140,18111,2.7684832422284797,3
2015-06,JavaScript,84991,29949,2.837857691408728,1
2015-06,Julia,4760,1998,2.3823823823823824,18
2015-06,Lua,8103,3151,2.5715645826721674,16
2015-06,Objective-C,11599,4483,2.5873299130046843,14
2015-06,PHP,26487,10211,2.5939672901772597,6
2015-06,Perl,9945,3947,2.519635165948822,15
2015-06,Python,67602,29529,2.2893426800772123,2
2015-06,R,13561,5648,2.4010269121813033,12
2015-06,Ruby,17251,6638,2.598824947273275,10
2015-06,Rust,1156,550,2.101818181818182,20
2015-06,Scala,12998,5207,2.49625504129057,13
2015-06,Swift,3847,1404,2.74002849002849,19
2015-06,TypeScript,41246,17287,2.3859547636952625,4
2015-07,C,20612,8898,2.3164756124971904,7
2015-07,C#,22217,8832,2.515511775362319,8
2015-07,C++,21988,9430,2.3317073170731706,6
2015-07,Dart,16675,6873,2.4261603375527425,10
2015-07,Go,22097,8264,2.673886737657309,9
2015-07,Haskell,5386,1952,2.75922131147541,18
2015-07,Java,48673,18033,2.699107192369545,3
2015-07,JavaScript,86115,33208,2.5932004336304506,1
2015-07,Julia,5619,2211,2.5413839891451833,17
2015-07,Lua,7744,3392,2.2830188679245285,16
2015-07,Objective-C,11879,5085,2.336086529006883,14
2015-07,PHP,26784,10242,2.6151142355008785,5
2015-07,Perl,9461,3700,2.557027027027027,15
2015-07,Python,64836,27579,2.350919177635157,2
2015-07,R,13175,5467,2.4099140296323394,13
2015-07,Ruby,17261,5893,2.92906838622094,12
2015-07,Rust,1547,717,2.1576011157601114,20
2015-07,Scala,13374,6001,2.228628561906349,11
2015-07,Swift,4354,1682,2.5885850178359098,19
2015-07,TypeScript,44188,17855,2.47482497899748,4
2015-08,C,18205,7224,2.5200719822812845,10
2015-08,C#,24889,9683,2.570381080243726,6
2015-08,C++,21325,8431,2.5293559482860872,7
2015-08,Dart,17401,7313,2.379461233419937,9
2015-08,Go,20715,7898,2.6228159027601925,8
2015-08,Haskell,4965,2074,2.3939247830279653,18
2015-08,Java,52711,20836,2.529804185064312,3
2015-08,JavaScript,85497,29314,2.916592754315344,1
2015-08,Julia,5478,2094,2.616045845272206,17
2015-08,Lua,7505,3346,2.2429766885833833,16
2015-08,Objective-C,11628,4580,2.538864628820961,14
2015-08,PHP,26415,10181,2.5945388468716235,5
2015-08,Perl,9986,4062,2.4583948793697687,15
2015-08,Python,66968,26941,2.485728072454623,2
2015-08,R,13119,4802,2.731986672219908,13
2015-08,Ruby,16293,6480,2.5143518518518517,11
2015-08,Rust,1978,891,2.2199775533108865,20
2015-08,Scala,11631,5218,2.2290149482560366,12
2015-08,Swift,4547,1728,2.631365740740741,19
2015-08,TypeScript,43942,19058,2.3056983943750655,4
2015-09,C,19720,7737,2.548791521261471,8
2015-09,C#,24380,9694,2.5149577057974004,6
2015-09,C++,21582,7570,2.850990752972259,9
2015-09,Dart,17922,7034,2.5479101506966164,10
2015-09,Go,22542,9470,2.3803590285110876,7
2015-09,Haskell,5172,2020,2.5603960396039604,18
2015-09,Java,47925,17994,2.6633877959319774,3
2015-09,JavaScript,84976,27140,3.1310243183493,2
2015-09,Julia,5680,2374,2.392586352148273,17
2015-09,Lua,7092,2440,2.90655737704918,16
2015-09,Objective-C,11176,4561,2.4503398377548784,14
2015-09,PHP,26805,10970,2.443482224247949,5
2015-09,Perl,9505,3967,2.3960171414166878,15
2015-09,Python,70583,29149,2.421455281484785,1
2015-09,R,13845,5569,2.486083677500449,12
2015-09,Ruby,16456,6724,2.4473527662105887,11
2015-09,Rust,2348,1098,2.1384335154826957,20
2015-09,Scala,12940,4812,2.689110556940981,13
2015-09,Swift,4894,1863,2.6269457863660763,19
2015-09,TypeScript,42567,16625,2.560421052631579,4
2015-10,C,18425,7224,2.5505260243632337,10
2015-10,C#,24514,10483,2.33845273299628,6
2015-10,C++,22171,9030,2.4552602436323365,8
2015-10,Dart,18054,7387,2.444023284147827,9
2015-10,Go,23021,9179,2.5080074082144024,7
2015-10,Haskell,5358,2393,2.239030505641454,18
2015-10,Java,49750,19839,2.507686879379001,3
2015-10,JavaScript,85233,33508,2.5436612152321834,1
2015-10,Julia,6368,2544,2.50314465408805,17
2015-10,Lua,7610,3238,2.3502161828289068,16
2015-10,Objective-C,11715,5275,2.2208530805687206,12
2015-10,PHP,25480,10994,2.317627796980171,5
2015-10,Perl,10611,4275,2.482105263157895,15
2015-10,Python,70371,29453,2.38926425151937,2
2015-10,R,13269,5233,2.5356392126887064,13
2015-10,Ruby,16561,6438,2.572382727555141,11
2015-10,Rust,2868,1317,2.1776765375854215,20
2015-10,Scala,12450,4417,2.8186551958342765,14
2015-10,Swift,5445,2101,2.5916230366492146,19
2015-10,TypeScript,44996,19801,2.2724104843189736,4
2015-11,C,19545,7811,2.5022404301625913,8
2015-11,C#,23989,8905,2.6938798427849524,6
2015-11,C++,20925,7563,2.766759222530742,9
2015-11,Dart,18980,7550,2.513907284768212,10
2015-11,Go,21497,8592,2.5019785847299816,7
2015-11,Haskell,5213,2056,2.5355058365758754,19
2015-11,Java,52023,19136,2.718593227424749,3
2015-11,JavaScript,87776,30355,2.8916488222698074,2
2015-11,Julia,6289,2493,2.5226634576815083,17
2015-11,Lua,7807,3343,2.3353275501046964,16
2015-11,Objective-C,11306,4748,2.3812131423757372,14
2015-11,PHP,26367,11125,2.370067415730337,5
2015-11,Perl,9645,3728,2.587178111587983,15
2015-11,Python,74571,30626,2.434891921896428,1
2015-11,R,14003,5572,2.5131012203876524,12
2015-11,Ruby,16014,6443,2.4854881266490767,11
2015-11,Rust,3290,1642,2.0036540803897687,20
2015-11,Scala,12741,5342,2.385061774616249,13
2015-11,Swift,5520,2424,2.277227722772277,18
2015-11,TypeScript,46880,18406,2.5469955449310007,4
2015-12,C,19026,7461,2.5500603136308806,10
2015-12,C#,24222,11303,2.1429708926833584,5
2015-12,C++,23777,8955,2.655164712451145,8
2015-12,Dart,19378,8134,2.3823457093680847,9
2015-12,Go,23684,9335,2.5371183717193357,7
2015-12,Haskell,5048,1948,2.5913757700205338,19
2015-12,Java,53006,20486,2.5874255589182855,3
2015-12,JavaScript,99214,33350,2.9749325337331336,1
2015-12,Julia,6626,2684,2.468703427719821,18
2015-12,Lua,7428,2836,2.619181946403385,17
2015-12,Objective-C,11297,4392,2.572176684881603,14
2015-12,PHP,25654,11045,2.322679945676777,6
2015-12,Perl,9546,4294,2.223102002794597,15
2015-12,Python,71645,30558,2.3445578899142614,2
2015-12,R,14817,5996,2.471147431621081,12
2015-12,Ruby,16222,6092,2.6628365068942874,11
2015-12,Rust,3667,1680,2.1827380952380953,20
2015-12,Scala,12382,4912,2.5207654723127035,13
2015-12,Swift,6489,3027,2.143706640237859,16
2015-12,TypeScript,44973,17980,2.5012791991101224,4
2016-01,C,19698,8250,2.387636363636364,10
2016-01,C#,27640,10333,2.674924997580567,7
2016-01,C++,23514,8909,2.6393534627904365,8
2016-01,Dart,21951,10525,2.085605700712589,6
2016-01,Go,26728,11026,2.4240885180482494,5
2016-01,Haskell,6136,2452,2.502446982055465,19
2016-01,Java,52001,18702,2.780504758849321,4
2016-01,JavaScript,92376,32220,2.8670391061452514,1
2016-01,Julia,7708,2861,2.694162880111849,18
2016-01,Lua,8148,2920,2.7904109589041095,16
2016-01,Objective-C,11531,4753,2.426046707342731,14
2016-01,PHP,24365,8442,2.8861644160151623,9
2016-01,Perl,9252,3643,2.539665111172111,15
2016-01,Python,75931,28425,2.6712752858399296,2
2016-01,R,15165,5934,2.5556117290192115,12
2016-01,Ruby,16443,6700,2.454179104477612,11
2016-01,Rust,4097,2021,2.0272142503711033,20
2016-01,Scala,13788,5662,2.4351819145178384,13
2016-01,Swift,6819,2881,2.366886497743839,17
2016-01,TypeScript,50799,21746,2.3360158190011955,3
2016-02,C,21251,7996,2.657703851925963,10
2016-02,C#,27376,10895,2.5127122533272144,5
2016-02,C++,24016,8238,2.915270696771061,8
2016-02,Dart,21290,8120,2.62192118226601,9
2016-02,Go,27290,10389,2.6268168254884974,6
2016-02,Haskell,5673,2171,2.613081529249194,20
2016-02,Java,57856,22295,2.5950213052253868,3
2016-02,JavaScript,97031,37797,2.5671614149271105,1
2016-02,Julia,8075,3108,2.5981338481338483,16
2016-02,Kotlin,775,353,2.1954674220963173,21
2016-02,Lua,8446,3099,2.7253952888028397,17
2016-02,Objective-C,10307,4301,2.3964194373401533,14
2016-02,PHP,27234,10374,2.625216888374783,7
2016-02,Perl,9451,3644,2.5935784851811197,15
2016-02,Python,76807,30249,2.539158319283282,2
2016-02,R,15294,6183,2.473556525958273,11
2016-02,Ruby,16584,6092,2.7222586999343403,12
2016-02,Rust,5032,2429,2.0716344174557433,19
2016-02,Scala,12448,5286,2.354899735149451,13
2016-02,Swift,7580,3066,2.472276581865623,18
2016-02,TypeScript,50539,21725,2.3263060989643267,4
2016-03,C,23237,9449,2.459202031961054,10
2016-03,C#,28101,11732,2.3952437777020115,6
2016-03,C++,25091,10010,2.5065934065934066,9
2016-03,Dart,23688,10487,2.2587966053208737,8
2016-03,Go,27692,10575,2.618628841607565,7
2016-03,Haskell,5623,2157,2.606861381548447,20
2016-03,Java,54490,24389,2.2342039444011643,3
2016-03,JavaScript,97080,31945,3.0389732352480827,2
2016-03,Julia,8323,3697,2.251284825534217,17
2016-03,Kotlin,1223,469,2.6076759061833688,21
2016-03,Lua,8563,3881,2.2063901056428756,16
2016-03,Objective-C,11168,4479,2.4934137084170573,14
2016-03,PHP,29999,12062,2.4870668214226495,5
2016-03,Perl,10046,3945,2.546514575411914,15
2016-03,Python,80494,32897,2.446849256771134,1
2016-03,R,15363,5757,2.668577384054195,12
2016-03,Ruby,16658,7338,2.270100844916871,11
2016-03,Rust,5593,2765,2.0227848101265824,19
2016-03,Scala,14875,5720,2.6005244755244754,13
2016-03,Swift,8810,3658,2.408419901585566,18
2016-03,TypeScript,48642,19648,2.4756718241042344,4
2016-04,C,23517,8606,2.7326283987915407,10
2016-04,C#,28132,13078,2.1510934393638173,5
2016-04,C++,26337,11859,2.2208449279028586,6
2016-04,Dart,22947,9188,2.4974967348715715,9
2016-04,Go,27259,11196,2.4347088245802073,8
2016-04,Haskell,5699,2265,2.516114790286976,20
2016-04,Java,58114,23197,2.5052377462602924,3
2016-04,JavaScript,97082,32322,3.0035888868263103,2
2016-04,Julia,8541,3466,2.4642238892094634,18
2016-04,Kotlin,1585,562,2.820284697508897,21
2016-04,Lua,9165,3904,2.347592213114754,16
2016-04,Objective-C,11402,4295,2.6547147846332946,15
2016-04,PHP,28988,11793,2.458068345628763,7
2016-04,Perl,10819,4591,2.3565671966891744,14
2016-04,Python,79466,33273,2.388302828118895,1
2016-04,R,15823,6965,2.2717875089734387,11
2016-04,Ruby,17347,6897,2.515151515151515,12
2016-04,Rust,6205,2733,2.270398829125503,19
2016-04,Scala,13351,4814,2.7733693394266723,13
2016-04,Swift,8799,3645,2.413991769547325,17
2016-04,TypeScript,55037,22081,2.4925048684389295,4
2016-05,C,22865,9548,2.394742354419774,10
2016-05,C#,28365,12316,2.303101656381942,5
2016-05,C++,25881,10449,2.476887740453632,8
2016-05,Dart,23764,9776,2.4308510638297873,9
2016-05,Go,27421,11502,2.384020170405147,7
2016-05,Haskell,5917,2361,2.5061414654807286,20
2016-05,Java,60333,26089,2.3125838475986047,3
2016-05,JavaScript,95501,35249,2.7093250872365173,2
2016-05,Julia,9280,4227,2.195410456588597,15
2016-05,Kotlin,2069,795,2.6025157232704403,21
2016-05,Lua,8201,3469,2.3640818679734794,18
2016-05,Objective-C,11710,4525,2.5878453038674034,14
2016-05,PHP,27803,11975,2.3217536534446763,6
2016-05,Perl,10494,4144,2.5323359073359075,16
2016-05,Python,82948,37302,2.2236877379228996,1
2016-05,R,15651,6139,2.5494380192213715,12
2016-05,Ruby,19327,7940,2.4341309823677584,11
2016-05,Rust,6759,2940,2.298979591836735,19
2016-05,Scala,14069,5777,2.4353470659511856,13
2016-05,Swift,9290,3712,2.5026939655172415,17
2016-05,TypeScript,54506,24651,2.2111070544805487,4
2016-06,C,21942,8042,2.7284257647351406,10
2016-06,C#,28331,11012,2.5727388303668723,5
2016-06,C++,25116,9362,2.6827600939970093,8
2016-06,Dart,22358,8828,2.5326234707748077,9
2016-06,Go,26626,10425,2.554052757793765,7
2016-06,Haskell,5983,2203,2.715842033590558,20
2016-06,Java,61790,23428,2.6374423766433326,3
2016-06,JavaScript,103002,34509,2.9847865774145874,1
2016-06,Julia,8773,3396,2.5833333333333335,19
2016-06,Kotlin,2541,1054,2.4108159392789372,21
2016-06,Lua,9247,3696,2.5018939393939394,17
2016-06,Objective-C,11747,4870,2.4121149897330594,14
2016-06,PHP,28538,10818,2.638010722869292,6
2016-06,Perl,9751,4346,2.243672342383801,15
2016-06,Python,80744,31260,2.5829814459373,2
2016-06,R,15398,6113,2.518894159986913,12
2016-06,Ruby,17806,6755,2.635973353071799,11
2016-06,Rust,7801,3798,2.053975776724592,16
2016-06,Scala,14704,5610,2.6210338680926917,13
2016-06,Swift,9752,3538,2.756359525155455,18
2016-06,TypeScript,52824,20704,2.5513910355486864,4
2016-07,C,21578,9634,2.2397757940626946,9
2016-07,C#,30160,12427,2.4269735253882674,5
2016-07,C++,25708,10479,2.453287527435824,7
2016-07,Dart,23135,9042,2.5586153505861535,10
2016-07,Go,27750,10776,2.5751670378619154,6
2016-07,Haskell,6167,2264,2.7239399293286217,20
2016-07,Java,56477,20777,2.7182461375559512,4
2016-07,JavaScript,100121,34993,2.8611722344468893,2
2016-07,Julia,10184,3987,2.5543014798093804,17
2016-07,Kotlin,3040,1248,2.4358974358974357,21
2016-07,Lua,7932,2921,2.7155083875385144,19
2016-07,Objective-C,10664,4061,2.6259541984732824,15
2016-07,PHP,28317,10102,2.803108295387052,8
2016-07,Perl,10065,4014,2.507473841554559,16
2016-07,Python,87244,35581,2.451982799808887,1
2016-07,R,16564,7580,2.1852242744063326,11
2016-07,Ruby,16652,7407,2.2481436479006347,12
2016-07,Rust,8284,3975,2.084025157232704,18
2016-07,Scala,14081,5763,2.4433454797848344,13
2016-07,Swift,9980,4562,2.1876370013152124,14
2016-07,TypeScript,50850,21248,2.3931664156626504,3
2016-08,C,21762,9162,2.37524557956778,9
2016-08,C#,27593,10176,2.711576257861635,5
2016-08,C++,24853,9760,2.5464139344262295,8
2016-08,Dart,22919,8533,2.6859252314543536,10
2016-08,Go,28674,10154,2.8239117589127436,6
2016-08,Haskell,5678,2093,2.712852365026278,20
2016-08,Java,57995,21095,2.749229675278502,4
2016-08,JavaScript,105727,37084,2.851013914356596,1
2016-08,Julia,10497,4221,2.4868514570007108,15
2016-08,Kotlin,3370,1491,2.2602280348759223,21
2016-08,Lua,8770,3626,2.4186431329288474,19
2016-08,Objective-C,11176,4208,2.655893536121673,16
2016-08,PHP,25647,9888,2.59375,7
2016-08,Perl,9567,3780,2.530952380952381,18
2016-08,Python,84853,33029,2.5690453843591996,2
2016-08,R,15028,6790,2.213254786450663,11
2016-08,Ruby,16917,6581,2.570581978422732,12
2016-08,Rust,8783,3979,2.207338527268158,17
2016-08,Scala,13411,5273,2.543333965484544,13
2016-08,Swift,10095,4247,2.3769719802213327,14
2016-08,TypeScript,51585,21383,2.4124304353926016,3
2016-09,C,22668,9097,2.4918104869737276,10
2016-09,C#,29198,11709,2.49363737296097,5
2016-09,C++,23809,9472,2.5136190878378377,8
2016-09,Dart,24194,9306,2.5998280679131742,9
2016-09,Go,26514,10602,2.500848896434635,7
2016-09,Haskell,6483,2751,2.35659760087241,20
2016-09,Java,54594,19360,2.819938016528926,4
2016-09,JavaScript,109532,39446,2.776758099680576,1
2016-09,Julia,10880,4004,2.717282717282717,16
2016-09,Kotlin,3790,1546,2.451487710219922,21
2016-09,Lua,8328,3536,2.3552036199095023,19
2016-09,Objective-C,10453,4203,2.487033071615513,15
2016-09,PHP,26310,11185,2.35225748770675,6
2016-09,Perl,9600,3876,2.476780185758514,17
2016-09,Python,78773,29143,2.7029818481281955,2
2016-09,R,17273,6673,2.5884909336130675,11
2016-09,Ruby,16531,6188,2.671460892049127,12
2016-09,Rust,8427,3694,2.2812669193286412,18
2016-09,Scala,13828,5732,2.4124214933705512,13
2016-09,Swift,10875,4406,2.4682251475261006,14
2016-09,TypeScript,54884,24098,2.2775334052618477,3
2016-10,C,20959,8505,2.4643151087595534,10
2016-10,C#,26878,9898,2.715498080420287,7
2016-10,C++,23029,9475,2.430501319261214,8
2016-10,Dart,23555,8773,2.6849424370226833,9
2016-10,Go,27030,10579,2.5550619151148504,6
2016-10,Haskell,5933,2353,2.5214619634509137,20
2016-10,Java,56678,22656,2.5016772598870056,4
2016-10,JavaScript,111157,40284,2.7593337305133554,1
2016-10,Julia,11097,4961,2.236847409796412,14
2016-10,Kotlin,4140,1853,2.234214786832164,21
2016-10,Lua,7994,3510,2.2774928774928775,19
2016-10,Objective-C,10280,4289,2.3968290976917697,17
2016-10,PHP,28980,11264,2.5727982954545454,5
2016-10,Perl,9471,3843,2.4644808743169397,18
2016-10,Python,79313,31763,2.4970248402229007,2
2016-10,R,15618,5895,2.649363867684478,11
2016-10,Ruby,16029,5860,2.7353242320819113,12
2016-10,Rust,9622,4421,2.1764306717937116,15
2016-10,Scala,13551,5493,2.4669579464773346,13
2016-10,Swift,11105,4324,2.5682238667900092,16
2016-10,TypeScript,60516,24171,2.5036614124363905,3
2016-11,C,23266,9242,2.5174204717593596,10
2016-11,C#,29027,12463,2.329053999839525,5
2016-11,C++,25369,10234,2.478893883134649,9
2016-11,Dart,22971,10255,2.2399804973183812,8
2016-11,Go,28683,11362,2.5244675233233584,7
2016-11,Haskell,6336,2560,2.475,20
2016-11,Java,54968,20313,2.70605031260769,4
2016-11,JavaScript,113440,40761,2.7830524275655653,1
2016-11,Julia,10511,3786,2.776281035393555,18
2016-11,Kotlin,4748,1879,2.526875997871208,21
2016-11,Lua,8677,3670,2.3643051771117167,19
2016-11,Objective-C,10651,4357,2.4445719531787926,16
2016-11,PHP,29769,11859,2.5102453832532254,6
2016-11,Perl,9962,4311,2.31083275342148,17
2016-11,Python,77985,31289,2.492409472977724,2
2016-11,R,17469,7241,2.412512083966303,11
2016-11,Ruby,16848,6343,2.6561563928740344,12
2016-11,Rust,10564,5453,1.9372822299651569,14
2016-11,Scala,15082,5968,2.5271447721179623,13
2016-11,Swift,12400,4603,2.69389528568325,15
2016-11,TypeScript,54962,23008,2.3888212795549375,3
2016-12,C,22736,8702,2.6127327051252585,10
2016-12,C#,29857,12867,2.32043211315769,5
2016-12,C++,26032,10028,2.595931392102114,8
2016-12,Dart,23013,9514,2.418856422114778,9
2016-12,Go,31871,12114,2.6309228991249793,6
2016-12,Haskell,6332,2420,2.6165289256198347,20
2016-12,Java,63499,24263,2.6171124757861763,3
2016-12,JavaScript,104798,38234,2.740963540304441,1
2016-12,Julia,12524,4734,2.6455428812843262,15
2016-12,Kotlin,5662,2339,2.420692603676785,21
2016-12,Lua,8758,3337,2.6245130356607733,19
2016-12,Objective-C,11047,3998,2.7631315657828917,17
2016-12,PHP,27463,10770,2.549953574744661,7
2016-12,Perl,10108,3907,2.5871512669567442,18
2016-12,Python,82496,36548,2.257196016197877,2
2016-12,R,17895,8036,2.226854156296665,11
2016-12,Ruby,17904,7472,2.3961456102783725,12
2016-12,Rust,10845,5838,1.8576567317574513,14
2016-12,Scala,15544,6487,2.3961769693232617,13
2016-12,Swift,12265,4657,2.6336697444706894,16
2016-12,TypeScript,58114,22684,2.5618938458825604,4
2017-01,C,22305,9063,2.4611055941741147,10
2017-01,C#,30930,12566,2.4614037879993633,5
2017-01,C++,26359,10192,2.5862441130298275,8
2017-01,Dart,25197,9132,2.7591984231274638,9
2017-01,Go,31036,11731,2.6456397579064017,7
2017-01,Haskell,6822,2789,2.446038006453926,20
2017-01,Java,58937,21817,2.7014254938809183,4
2017-01,JavaScript,108969,40024,2.7225914451329203,1
2017-01,Julia,12232,5019,2.437138872285316,16
2017-01,Kotlin,6333,2670,2.3719101123595507,21
2017-01,Lua,8833,3672,2.405501089324619,19
2017-01,Objective-C,10250,4468,2.2940913160250673,17
2017-01,PHP,29092,12104,2.403502974223397,6
2017-01,Perl,9609,3970,2.4204030226700253,18
2017-01,Python,88101,33057,2.6651238769398313,2
2017-01,R,17223,6776,2.5417650531286893,12
2017-01,Ruby,16466,6258,2.6311920741450945,13
2017-01,Rust,12170,6232,1.952824133504493,14
2017-01,Scala,15058,6805,2.212784717119765,11
2017-01,Swift,13433,5338,2.5164855751217683,15
2017-01,TypeScript,67164,27038,2.484059471854427,3
2017-02,C,24347,9411,2.5870789501647007,10
2017-02,C#,32238,12837,2.511334423930825,5
2017-02,C++,28857,11660,2.474871355060034,7
2017-02,Dart,28207,10774,2.6180620011137923,8
2017-02,Go,31045,11895,2.6099201345102983,6
2017-02,Haskell,6906,2722,2.5371050698016164,21
2017-02,Java,58558,22226,2.634662107441735,4
2017-02,JavaScript,112800,40519,2.7838791677978234,1
2017-02,Julia,12213,5138,2.3769949396652392,16
2017-02,Kotlin,6760,2799,2.4151482672382993,20
2017-02,Lua,9654,3568,2.7057174887892375,19
2017-02,Objective-C,10256,3778,2.714663843303335,17
2017-02,PHP,27564,10345,2.6644755920734653,9
2017-02,Perl,10313,3768,2.7369957537154987,18
2017-02,Python,90658,35095,2.583216982476136,2
2017-02,R,19708,7957,2.4768128691717983,11
2017-02,Ruby,16601,6916,2.4003759398496243,12
2017-02,Rust,12969,6674,1.9432124662870842,13
2017-02,Scala,14521,5487,2.6464370329870603,15
2017-02,Swift,15207,6318,2.4069325735992404,14
2017-02,TypeScript,65174,25266,2.5795139713448902,3
2017-03,C,28161,11265,2.499866844207723,9
2017-03,C#,30468,11566,2.6342728687532424,7
2017-03,C++,29718,11373,2.613030862569243,8
2017-03,Dart,27816,11700,2.3774358974358973,6
2017-03,Go,29917,11752,2.54569434989789,5
2017-03,Haskell,6907,2979,2.318563276267204,21
2017-03,Java,63401,23839,2.6595494777465496,4
2017-03,JavaScript,115612,42513,2.7194505210171007,1
2017-03,Julia,12036,4547,2.6470200131955135,16
2017-03,Kotlin,8039,3294,2.4404978749241044,20
2017-03,Lua,8897,3706,2.4007015650296815,19
2017-03,Objective-C,10349,4311,2.4006031083275343,17
2017-03,PHP,29232,10943,2.671296719363977,10
2017-03,Perl,9791,3898,2.5118009235505387,18
2017-03,Python,97117,40886,2.3753118426845377,2
2017-03,R,17944,7218,2.486007204211693,11
2017-03,Ruby,16862,6543,2.5771053033776554,13
2017-03,Rust,14378,6778,2.1212747123045146,12
2017-03,Scala,14862,5798,2.563297688858227,15
2017-03,Swift,15147,6182,2.4501779359430604,14
2017-03,TypeScript,63667,26030,2.445908567038033,3
2017-04,C,25141,9595,2.620218863991662,10
2017-04,C#,33812,14068,2.403468865510378,5
2017-04,C++,28632,11937,2.3985926112088465,7
2017-04,Dart,29705,11097,2.676849598990718,9
2017-04,Go,32947,12963,2.541618452518707,6
2017-04,Haskell,7389,2723,2.713551230260742,21
2017-04,Java,63238,24011,2.6337095497896796,4
2017-04,JavaScript,112595,38339,2.9368267299616577,2
2017-04,Julia,14311,5865,2.440068201193521,16
2017-04,Kotlin,8337,3491,2.388140933829848,20
2017-04,Lua,10459,4679,2.2353066894635605,18
2017-04,Objective-C,10842,5189,2.0894199267681635,17
2017-04,PHP,29759,11294,2.6349389056136,8
2017-04,Perl,9866,4132,2.3877057115198452,19
2017-04,Python,101105,42273,2.39171575237149,1
2017-04,R,16979,7113,2.387037818079573,12
2017-04,Ruby,17727,7715,2.2977316915100454,11
2017-04,Rust,14195,6913,2.0533776941993347,13
2017-04,Scala,16050,6037,2.6586052675169785,14
2017-04,Swift,15450,5873,2.6306827856291504,15
2017-04,TypeScript,63285,28647,2.209131846266625,3
2017-05,C,25100,8949,2.804782657280143,10
2017-05,C#,31691,14022,2.2600912851233774,5
2017-05,C++,29079,10724,2.7115814994405074,8
2017-05,Dart,24647,9788,2.5180833673886394,9
2017-05,Go,31952,12805,2.4952752830925418,7
2017-05,Haskell,6903,2426,2.8454245671887883,21
2017-05,Java,63555,25528,2.489619241617048,4
2017-05,JavaScript,123105,44030,2.795934590052237,1
2017-05,Julia,14225,5720,2.486888111888112,15
2017-05,Kotlin,8825,3536,2.495757918552036,19
2017-05,Lua,9592,3982,2.408839779005525,18
2017-05,Objective-C,10558,4255,2.481316098707403,17
2017-05,PHP,31619,13186,2.397922038525709,6
2017-05,Perl,9522,3485,2.732281205164993,20
2017-05,Python,101635,39924,2.5457118525197875,2
2017-05,R,17568,7374,2.382424735557364,11
2017-05,Ruby,18128,6829,2.654561429199004,13
2017-05,Rust,14668,7011,2.092140921409214,12
2017-05,Scala,14456,5674,2.5477617201268945,16
2017-05,Swift,15881,6583,2.4124259456174997,14
2017-05,TypeScript,65470,27230,2.4043334557473375,3
2017-06,C,26303,9216,2.8540581597222223,10
2017-06,C#,32396,12183,2.659115160469507,7
2017-06,C++,31000,12604,2.459536655030149,6
2017-06,Dart,26833,11155,2.405468399820708,9
2017-06,Go,32303,13200,2.4471969696969698,5
2017-06,Haskell,7311,2682,2.7259507829977627,21
2017-06,Java,60606,23949,2.5306275836151824,4
2017-06,JavaScript,116818,45492,2.5678800668249364,1
2017-06,Julia,13759,5374,2.560290286564942,16
2017-06,Kotlin,10113,3818,2.648768988999476,20
2017-06,Lua,9553,4124,2.316440349175558,19
2017-06,Objective-C,10600,4832,2.193708609271523,17
2017-06,PHP,30100,11528,2.611034004163775,8
2017-06,Perl,10863,4553,2.385899406984406,18
2017-06,Python,98661,40102,2.460251359034462,2
2017-06,R,20357,7961,2.5570908177364653,11
2017-06,Ruby,18507,7594,2.4370555701869896,13
2017-06,Rust,16223,7660,2.1178851174934725,12
2017-06,Scala,15108,5682,2.658922914466737,15
2017-06,Swift,16508,6835,2.4152158010241402,14
2017-06,TypeScript,65965,31352,2.104012503189589,3
2017-07,C,25523,10794,2.3645543820641097,10
2017-07,C#,31198,11497,2.7135774549882576,8
2017-07,C++,29514,11139,2.649609480204686,9
2017-07,Dart,27810,11591,2.39927529980157,7
2017-07,Go,30307,12178,2.4886680899983578,6
2017-07,Haskell,6777,2683,2.5259038389862094,21
2017-07,Java,65810,24570,2.6784696784696784,4
2017-07,JavaScript,119238,43454,2.744005154876421,1
2017-07,Julia,13296,5412,2.456762749445676,16
2017-07,Kotlin,9972,4097,2.4339760800585792,18
2017-07,Lua,9721,3386,2.870939161252215,20
2017-07,Objective-C,10638,4204,2.5304471931493815,17
2017-07,PHP,29689,12580,2.3600158982511923,5
2017-07,Perl,10103,4040,2.500742574257426,19
2017-07,Python,98048,38109,2.5728305649584087,2
2017-07,R,18668,6974,2.6767995411528536,14
2017-07,Ruby,17521,7203,2.43245869776482,13
2017-07,Rust,17840,9247,1.9292743592516493,11
2017-07,Scala,15385,6272,2.45296556122449,15
2017-07,Swift,17617,7253,2.4289259616710326,12
2017-07,TypeScript,64059,25286,2.533378153919165,3
2017-08,C,25142,9063,2.7741365993600353,10
2017-08,C#,32759,13648,2.400278429073857,6
2017-08,C++,28798,10905,2.640806969280147,9
2017-08,Dart,28624,12192,2.347769028871391,7
2017-08,Go,33063,14190,2.330021141649049,5
2017-08,Haskell,6780,2704,2.507396449704142,21
2017-08,Java,67702,24660,2.745417680454177,4
2017-08,JavaScript,120663,45290,2.664230514462354,1
2017-08,Julia,13798,5278,2.6142478211443727,16
2017-08,Kotlin,9442,3369,2.802612051053725,20
2017-08,Lua,9402,3776,2.4899364406779663,17
2017-08,Objective-C,9800,3687,2.6579875237320314,19
2017-08,PHP,27217,11424,2.3824404761904763,8
2017-08,Perl,9309,3694,2.520032485110991,18
2017-08,Python,97566,38668,2.5231716147719045,2
2017-08,R,17646,6742,2.6173242361317115,12
2017-08,Ruby,16186,5996,2.699466310873916,15
2017-08,Rust,17440,8713,2.001606794445082,11
2017-08,Scala,15288,6313,2.421669570727071,14
2017-08,Swift,16506,6376,2.588770388958595,13
2017-08,TypeScript,64202,24829,2.5857666438438924,3
2017-09,C,25295,9403,2.6900989046049135,10
2017-09,C#,34169,14198,2.4066065643048318,5
2017-09,C++,29707,12270,2.421108394458028,7
2017-09,Dart,27996,11353,2.465956134942306,9
2017-09,Go,31124,11701,2.659943594564567,8
2017-09,Haskell,6979,2810,2.483629893238434,21
2017-09,Java,63202,25285,2.4995847340320347,4
2017-09,JavaScript,115883,40583,2.8554567183303354,1
2017-09,Julia,13841,5003,2.766540075954427,16
2017-09,Kotlin,10227,4137,2.472081218274112,17
2017-09,Lua,9923,3779,2.625826938343477,19
2017-09,Objective-C,9677,3786,2.5559957739038563,18
2017-09,PHP,29300,12568,2.331317632081477,6
2017-09,Perl,9482,3739,2.535972185076224,20
2017-09,Python,93654,36017,2.6002720937335146,2
2017-09,R,19132,7839,2.4406174256920528,11
2017-09,Ruby,16600,6432,2.5808457711442787,13
2017-09,Rust,17713,7393,2.39591505478155,12
2017-09,Scala,16157,6365,2.5384131971720345,14
2017-09,Swift,17813,6028,2.9550431320504313,15
2017-09,TypeScript,70569,29308,2.407840862563123,3
2017-10,C,24405,9408,2.5940688775510203,11
2017-10,C#,31565,14117,2.2359566480130337,5
2017-10,C++,28095,10684,2.6296330962186447,9
2017-10,Dart,28819,11069,2.6035775589484147,8
2017-10,Go,30550,11947,2.557127312295974,7
2017-10,Haskell,6785,2955,2.296108291032149,21
2017-10,Java,63867,24508,2.60596539905337,4
2017-10,JavaScript,125016,43060,2.9032977241058986,1
2017-10,Julia,13130,5741,2.287058003832085,16
2017-10,Kotlin,11617,4854,2.3932838895756077,17
2017-10,Lua,9524,3893,2.446442332391472,19
2017-10,Objective-C,9088,3800,2.391578947368421,20
2017-10,PHP,32065,12691,2.5265936490426286,6
2017-10,Perl,10145,4268,2.376991565135895,18
2017-10,Python,94084,35550,2.6465260196905764,2
2017-10,R,19179,8151,2.3529628266470373,12
2017-10,Ruby,16121,6854,2.35205719288007,14
2017-10,Rust,19066,10166,1.8754672437536888,10
2017-10,Scala,15414,6716,2.2951161405598572,15
2017-10,Swift,18095,7000,2.585,13
2017-10,TypeScript,67588,26857,2.5165878541907136,3
2017-11,C,24558,9048,2.7141909814323606,11
2017-11,C#,31208,11639,2.6813300111693446,7
2017-11,C++,29169,10288,2.8352449455676516,10
2017-11,Dart,28125,11903,2.36284970175586,6
2017-11,Go,32218,12821,2.51290850947664,5
2017-11,Haskell,7136,2617,2.726786396637371,21
2017-11,Java,63232,23682,2.6700447597331305,4
2017-11,JavaScript,125803,47540,2.64625578460244,1
2017-11,Julia,13953,5966,2.3387529332886356,16
2017-11,Kotlin,12619,4971,2.5385234359283846,17
2017-11,Lua,9658,3970,2.4327455919395464,19
2017-11,Objective-C,9680,4241,2.2824805470407923,18
2017-11,PHP,30045,11336,2.6504057868736766,8
2017-11,Perl,10003,3802,2.630983692793267,20
2017-11,Python,94762,35724,2.6526144888590304,2
2017-11,R,19468,7509,2.5926221867092822,14
2017-11,Ruby,17339,7703,2.2509411917434767,12
2017-11,Rust,19791,10854,1.8233830845771144,9
2017-11,Scala,16326,6555,2.4906178489702517,15
2017-11,Swift,18210,7552,2.411281779661017,13
2017-11,TypeScript,72292,32823,2.202479968314901,3
2017-12,C,24443,9587,2.549598414519662,11
2017-12,C#,34605,14128,2.449391279728199,5
2017-12,C++,28524,11336,2.5162314749470713,8
2017-12,Dart,27461,11194,2.453189208504556,9
2017-12,Go,33811,12331,2.741951179952964,7
2017-12,Haskell,6804,2784,2.4439655172413794,21
2017-12,Java,67184,23601,2.846659039871192,4
2017-12,JavaScript,123842,43433,2.8513342389427394,1
2017-12,Julia,14731,6658,2.2125262841694204,16
2017-12,Kotlin,12968,6211,2.0879085493479312,17
2017-12,Lua,9946,4021,2.473514051231037,19
2017-12,Objective-C,9594,3914,2.4512008175779254,20
2017-12,PHP,30167,12913,2.336172849066832,6
2017-12,Perl,9559,4102,2.3303266699171137,18
2017-12,Python,103581,43107,2.402881202588907,2
2017-12,R,19622,7370,2.662415196743555,12
2017-12,Ruby,16681,6874,2.4266802443991855,15
2017-12,Rust,21381,9901,2.1594788405211593,10
2017-12,Scala,16767,7053,2.3772862611654615,13
2017-12,Swift,17471,7004,2.4944317532838376,14
2017-12,TypeScript,72878,32125,2.2685758754863814,3
2018-01,C,27749,9364,2.9633703545493377,11
2018-01,C#,37266,13265,2.8093479080286468,5
2018-01,C++,32174,12182,2.6411098341815795,7
2018-01,Dart,29077,11995,2.4240933722384326,8
2018-01,Go,33816,13120,2.577439024390244,6
2018-01,Haskell,7298,2775,2.6299099099099097,21
2018-01,Java,64919,24752,2.6227779573367807,4
2018-01,JavaScript,135295,48477,2.790911153743012,1
2018-01,Julia,15111,6103,2.4759954120924137,17
2018-01,Kotlin,14522,6183,2.3486980430211872,16
2018-01,Lua,10565,3967,2.663221578018654,19
2018-01,Objective-C,9102,3610,2.521329639889197,20
2018-01,PHP,29049,10976,2.6465925655976674,9
2018-01,Perl,10110,4213,2.3997151673391883,18
2018-01,Python,97793,40181,2.4338120006968467,2
2018-01,R,20478,8277,2.474084813338166,12
2018-01,Ruby,17635,6854,2.572950102130143,14
2018-01,Rust,21356,9682,2.2057426151621566,10
2018-01,Scala,16660,6414,2.5974430932335517,15
2018-01,Swift,18446,7580,2.433509234828496,13
2018-01,TypeScript,73134,29459,2.482568994195322,3
2018-02,C,27003,10637,2.538591708188399,11
2018-02,C#,35406,13527,2.6174318030605455,7
2018-02,C++,32726,14355,2.279763148728666,5
2018-02,Dart,30799,11738,2.6238711875958427,9
2018-02,Go,36078,14279,2.526647524336438,6
2018-02,Haskell,7479,3088,2.4219559585492227,21
2018-02,Java,63611,23432,2.7147063844315467,4
2018-02,JavaScript,136620,53455,2.555794593583388,1
2018-02,Julia,15215,6482,2.3472693613082383,16
2018-02,Kotlin,14547,5796,2.509834368530021,17
2018-02,Lua,10320,4287,2.4072778166550033,19
2018-02,Objective-C,9181,4383,2.0946840063883183,18
2018-02,PHP,30923,12544,2.4651626275510203,8
2018-02,Perl,9478,3753,2.5254463096189714,20
2018-02,Python,112155,45819,2.447783670529693,2
2018-02,R,20155,8232,2.448372206025267,12
2018-02,Ruby,16976,6577,2.5811160103390605,15
2018-02,Rust,22975,11707,1.9625010677372512,10
2018-02,Scala,15726,6609,2.3794825238311392,14
2018-02,Swift,18970,7401,2.563167139575733,13
2018-02,TypeScript,75027,28278,2.653193295141099,3
2018-03,C,27781,12251,2.267651620275896,11
2018-03,C#,37641,14681,2.563926163067911,6
2018-03,C++,31803,12739,2.496506790171913,9
2018-03,Dart,31864,12314,2.587623842780575,10
2018-03,Go,37478,15465,2.423407694794698,5
2018-03,Haskell,7642,3150,2.426031746031746,21
2018-03,Java,71962,28788,2.4997221064332362,4
2018-03,JavaScript,136026,47749,2.8487717020251733,1
2018-03,Julia,15530,6066,2.5601714474118036,17
2018-03,Kotlin,15149,6363,2.3807952223793807,16
2018-03,Lua,10843,4881,2.2214710100389263,18
2018-03,Objective-C,9633,3914,2.4611650485436893,20
2018-03,PHP,31185,12860,2.4249611197511665,8
2018-03,Perl,10343,3942,2.623795027904617,19
2018-03,Python,105297,37852,2.781808094684561,2
2018-03,R,20990,8877,2.3645375689985357,12
2018-03,Ruby,17695,7565,2.3390614672835426,14
2018-03,Rust,25416,13805,1.8410720753350236,7
2018-03,Scala,17755,6854,2.5904581266413773,15
2018-03,Swift,18807,8027,2.342967484739006,13
2018-03,TypeScript,77655,32505,2.389017074296262,3
2018-04,C,28054,12417,2.2593218973987277,9
2018-04,C#,37879,14688,2.578907952069717,5
2018-04,C++,35876,12897,2.7817321857796387,7
2018-04,Dart,32889,13690,2.402410518626735,6
2018-04,Go,33916,12512,2.710677749360614,8
2018-04,Haskell,7960,3175,2.5070866141732284,21
2018-04,Java,67081,25253,2.656357660475983,4
2018-04,JavaScript,132284,49857,2.653268347473775,1
2018-04,Julia,15676,6246,2.509766250400256,17
2018-04,Kotlin,16525,7159,2.30828327978768,14
2018-04,Lua,11529,4121,2.7976219364231985,19
2018-04,Objective-C,9220,3306,2.7888687235329703,20
2018-04,PHP,31606,12068,2.61899237653298,11
2018-04,Perl,10555,4318,2.4444187123668364,18
2018-04,Python,120885,41368,2.9221862309031135,2
2018-04,R,22331,9087,2.457466710685595,12
2018-04,Ruby,16079,6565,2.4492003046458493,16
2018-04,Rust,26135,12350,2.1161943319838055,10
2018-04,Scala,17771,7065,2.5153573956121726,15
2018-04,Swift,19157,7428,2.579025309639203,13
2018-04,TypeScript,77216,31425,2.4571519490851235,3
2018-05,C,28533,10709,2.66439443458773,11
2018-05,C#,35511,13448,2.640615704937537,7
2018-05,C++,33136,14608,2.2683461117196058,6
2018-05,Dart,31378,11749,2.6706953783300706,9
2018-05,Go,39614,15339,2.582567312080318,5
2018-05,Haskell,7487,2776,2.6970461095100866,21
2018-05,Java,69076,29830,2.31565538048944,4
2018-05,JavaScript,141268,45429,3.1096436197142796,1
2018-05,Julia,14798,5624,2.6312233285917497,17
2018-05,Kotlin,16638,7634,2.1794603091433062,14
2018-05,Lua,10277,3883,2.6466649497810972,18
2018-05,Objective-C,8881,3372,2.6337485172004746,20
2018-05,PHP,28609,11655,2.4546546546546546,10
2018-05,Perl,10079,3785,2.662879788639366,19
2018-05,Python,113343,41911,2.7043735534823794,2
2018-05,R,21944,9048,2.425287356321839,12
2018-05,Ruby,17566,7625,2.3037377049180328,15
2018-05,Rust,27449,12524,2.1917119131267966,8
2018-05,Scala,17257,6895,2.5028281363306744,16
2018-05,Swift,20089,8144,2.466723968565815,13
2018-05,TypeScript,83823,32077,2.6131807837391277,3
2018-06,C,27868,10913,2.553651608173738,11
2018-06,C#,34391,15011,2.291053227633069,6
2018-06,C++,31822,13225,2.4062003780718335,8
2018-06,Dart,33416,13976,2.3909559244419003,7
2018-06,Go,38862,15834,2.4543387646835924,5
2018-06,Haskell,7954,2907,2.7361541107671137,21
2018-06,Java,70001,28636,2.4445104064813523,4
2018-06,JavaScript,140244,48913,2.867213215300636,1
2018-06,Julia,16766,6555,2.5577421815408083,16
2018-06,Kotlin,18585,7428,2.5020193861066238,14
2018-06,Lua,10374,4392,2.362021857923497,18
2018-06,Objective-C,8822,3899,2.26263144395999,20
2018-06,PHP,29884,11228,2.6615603847524048,10
2018-06,Perl,9687,4209,2.301496792587313,19
2018-06,Python,115723,44821,2.581892416501194,2
2018-06,R,22430,9143,2.453242918079405,12
2018-06,Ruby,16822,6553,2.5670685182359225,17
2018-06,Rust,27076,12948,2.091133765832561,9
2018-06,Scala,17143,6840,2.5062865497076023,15
2018-06,Swift,19791,7616,2.598608193277311,13
2018-06,TypeScript,79838,32236,2.4766720436778757,3
2018-07,C,26219,10622,2.468367539069855,11
2018-07,C#,38194,17017,2.244461420932009,5
2018-07,C++,33635,12745,2.6390741467242056,9
2018-07,Dart,33374,14437,2.3116991064625614,7
2018-07,Go,38496,15028,2.5616183124833642,6
2018-07,Haskell,8506,3664,2.3215065502183405,19
2018-07,Java,74227,30643,2.422315047482296,4
2018-07,JavaScript,130532,45240,2.8853227232537577,2
2018-07,Julia,16576,6440,2.5739130434782607,16
2018-07,Kotlin,17934,6877,2.6078231787116475,15
2018-07,Lua,10691,4099,2.608197121249085,18
2018-07,Objective-C,8327,3026,2.7518175809649703,21
2018-07,PHP,30735,12483,2.4621485219899064,10
2018-07,Perl,9427,3587,2.628101477557848,20
2018-07,Python,114352,47874,2.388603417303756,1
2018-07,R,21823,8061,2.7072323533060416,13
2018-07,Ruby,16526,6387,2.587443244089557,17
2018-07,Rust,27245,13787,1.976136940596214,8
2018-07,Scala,17253,6972,2.4746127366609296,14
2018-07,Swift,20349,8084,2.5171944581890155,12
2018-07,TypeScript,80521,31514,2.55508662816526,3
2018-08,C,27258,12202,2.2338960826094083,9
2018-08,C#,34740,12088,2.8739245532759763,10
2018-08,C++,30102,12357,2.436028162175285,7
2018-08,Dart,32302,12866,2.5106482201150317,6
2018-08,Go,37465,13827,2.7095537716062776,5
2018-08,Haskell,7609,3050,2.4947540983606555,20
2018-08,Java,69051,25888,2.667297589616811,4
2018-08,JavaScript,142307,47402,3.002130711784313,1
2018-08,Julia,15375,5920,2.5971283783783785,16
2018-08,Kotlin,20417,8909,2.291727466606802,13
2018-08,Lua,10884,4157,2.6182343035843156,18
2018-08,Objective-C,7703,2831,2.720946661956906,21
2018-08,PHP,29729,12313,2.414440022740193,8
2018-08,Perl,9429,3953,2.385277004806476,19
2018-08,Python,116070,41900,2.770167064439141,2
2018-08,R,22970,10196,2.252844252648097,12
2018-08,Ruby,15383,5815,2.6453998280309543,17
2018-08,Rust,26651,10821,2.4628962203123557,11
2018-08,Scala,17225,6572,2.620967741935484,15
2018-08,Swift,19990,7352,2.7189880304678997,14
2018-08,TypeScript,79475,33912,2.343565699457419,3
2018-09,C,27064,11940,2.2666666666666666,11
2018-09,C#,37930,14045,2.70060519757921,5
2018-09,C++,31965,12606,2.5356972870061876,10
2018-09,Dart,35681,13149,2.713590387101681,7
2018-09,Go,37904,13784,2.749854904236796,6
2018-09,Haskell,8217,3236,2.539245982694685,21
2018-09,Java,63753,26493,2.4064092401766506,4
2018-09,JavaScript,138559,49825,2.780913196186653,1
2018-09,Julia,16816,6398,2.628321350422007,16
2018-09,Kotlin,20548,8356,2.4590713259932984,13
2018-09,Lua,11238,4140,2.714492753623188,18
2018-09,Objective-C,8283,3302,2.5084797092671107,20
2018-09,PHP,29813,12972,2.2982577860006166,8
2018-09,Perl,9234,3540,2.6084745762711865,19
2018-09,Python,111846,45203,2.4743048027785766,2
2018-09,R,20790,7685,2.705270006506181,14
2018-09,Ruby,15814,6360,2.4864779874213836,17
2018-09,Rust,25520,12741,2.00298249744918,9
2018-09,Scala,17269,7074,2.441193101498445,15
2018-09,Swift,20206,8868,2.278529544429409,12
2018-09,TypeScript,83813,35507,2.360464133832765,3
2018-10,C,27613,10955,2.520584208124144,10
2018-10,C#,34819,13861,2.512012120337638,6
2018-10,C++,32721,13605,2.405071664829107,7
2018-10,Dart,31422,10857,2.894169660127107,11
2018-10,Go,36830,15139,2.432789484113878,5
2018-10,Haskell,8128,3531,2.301897479467573,20
2018-10,Java,67461,25063,2.691657024298767,4
2018-10,JavaScript,145667,47049,3.096070054623903,2
2018-10,Julia,14838,5511,2.6924333151878064,17
2018-10,Kotlin,19004,8198,2.3181263722859233,13
2018-10,Lua,11132,5038,2.2096069868995634,18
2018-10,Objective-C,7742,3112,2.4877892030848328,21
2018-10,PHP,28909,11186,2.5843912032898264,9
2018-10,Perl,8822,3704,2.3817494600431965,19
2018-10,Python,115184,49162,2.3429478052154105,1
2018-10,R,21678,8312,2.608036573628489,12
2018-10,Ruby,16085,6866,2.3427031750655405,15
2018-10,Rust,26210,12246,2.140290707169688,8
2018-10,Scala,15999,5920,2.702533783783784,16
2018-10,Swift,20175,7868,2.564184036603965,14
2018-10,TypeScript,87346,38026,2.297007310787356,3
2018-11,C,27322,10995,2.4849477035015917,10
2018-11,C#,37531,14410,2.6045107564191534,6
2018-11,C++,32827,12433,2.6403120727097242,8
2018-11,Dart,33818,14151,2.3897957741502367,7
2018-11,Go,39904,14735,2.7081099423142176,5
2018-11,Haskell,7986,3282,2.43327239488117,20
2018-11,Java,67630,25596,2.642209720268792,4
2018-11,JavaScript,143501,50057,2.866751902830773,1
2018-11,Julia,16119,6642,2.426829268292683,16
2018-11,Kotlin,22216,8738,2.5424582284275576,12
2018-11,Lua,11329,4512,2.510859929078014,18
2018-11,Objective-C,7567,3096,2.4441214470284236,21
2018-11,PHP,28734,10897,2.6368725337248784,11
2018-11,Perl,9827,3597,2.731998887962191,19
2018-11,Python,117712,45832,2.568336533426427,2
2018-11,R,23049,7875,2.926857142857143,14
2018-11,Ruby,16067,6339,2.534626912762265,17
2018-11,Rust,27259,12419,2.194943232144295,9
2018-11,Scala,18129,6958,2.6054900833572865,15
2018-11,Swift,20782,8191,2.5371749481137833,13
2018-11,TypeScript,80463,33429,2.406981961769721,3
2018-12,C,28414,10768,2.638744427934621,11
2018-12,C#,36005,13909,2.5886116902724856,7
2018-12,C++,35785,14370,2.4902574808629088,6
2018-12,Dart,34225,13353,2.5630944357073315,8
2018-12,Go,37475,14599,2.5669566408658127,5
2018-12,Haskell,8341,3246,2.5696241528034505,20
2018-12,Java,67694,24943,2.7139478009862485,4
2018-12,JavaScript,146114,57707,2.531997851213891,1
2018-12,Julia,16224,6517,2.4894890286941846,16
2018-12,Kotlin,24099,9900,2.434242424242424,12
2018-12,Lua,11285,4773,2.364341085271318,18
2018-12,Objective-C,7439,3152,2.3600888324873095,21
2018-12,PHP,33420,12491,2.675526378992875,9
2018-12,Perl,9735,4390,2.21753986332574,19
2018-12,Python,119775,49221,2.4334125678064242,2
2018-12,R,23674,8888,2.6635913591359137,14
2018-12,Ruby,16903,6404,2.6394440974391005,17
2018-12,Rust,27324,12349,2.2126487974734794,10
2018-12,Scala,18036,6985,2.582104509663565,15
2018-12,Swift,21070,9167,2.2984618741136686,13
2018-12,TypeScript,84513,34559,2.4454700656847708,3
2019-01,C,29171,11738,2.4851763503152156,10
2019-01,C#,41890,19888,2.1062952534191473,5
2019-01,C++,33670,14175,2.3753086419753084,7
2019-01,Dart,36622,13704,2.6723584354932868,8
2019-01,Go,43423,16958,2.560620356174077,6
2019-01,Haskell,8753,3565,2.455259467040673,19
2019-01,Java,70121,26509,2.64517710966087,4
2019-01,JavaScript,152357,56687,2.6876885352902784,1
2019-01,Julia,17183,6499,2.6439452223418987,16
2019-01,Kotlin,24769,10231,2.420975466718796,12
2019-01,Lua,11099,4059,2.734417344173442,18
2019-01,Objective-C,6833,2703,2.5279319274879763,21
2019-01,PHP,29413,11653,2.524071054664035,11
2019-01,Perl,9374,3491,2.685190489830994,20
2019-01,Python,115404,46780,2.4669516887558784,2
2019-01,R,23002,9235,2.4907417433676233,13
2019-01,Ruby,15873,6248,2.540492957746479,17
2019-01,Rust,27922,13592,2.054296645085344,9
2019-01,Scala,17233,7209,2.3904841170758773,15
2019-01,Swift,21121,8574,2.4633776533706553,14
2019-01,TypeScript,93639,36758,2.547445454050819,3
2019-02,C,28638,11062,2.5888627734586875,11
2019-02,C#,41384,14216,2.911086100168824,8
2019-02,C++,36810,13996,2.6300371534724207,9
2019-02,Dart,37165,15966,2.3277589878491796,6
2019-02,Go,39940,16720,2.388755980861244,5
2019-02,Haskell,8216,3151,2.6074262139003492,20
2019-02,Java,73905,32848,2.2499086702386752,4
2019-02,JavaScript,152340,49500,3.0775757575757576,2
2019-02,Julia,17622,7587,2.3226571767497033,17
2019-02,Kotlin,23264,9254,2.513939917873352,14
2019-02,Lua,11787,5085,2.3179941002949853,18
2019-02,Objective-C,7141,2790,2.5594982078853046,21
2019-02,PHP,30617,12873,2.378388875941894,10
2019-02,Perl,9693,3529,2.7466704448852366,19
2019-02,Python,127788,50852,2.512939510737041,1
2019-02,R,23634,9690,2.4390092879256966,13
2019-02,Ruby,17857,7774,2.2970156933367636,15
2019-02,Rust,29148,14234,2.0477729380356893,7
2019-02,Scala,19159,7658,2.5018281535648996,16
2019-02,Swift,23295,10497,2.2192054872820806,12
2019-02,TypeScript,91072,38170,2.385957558291852,3
2019-03,C,29672,13807,2.149054827261534,10
2019-03,C#,41686,17433,2.391212069064418,6
2019-03,C++,38602,16655,2.3177424196937855,7
2019-03,Dart,38594,16050,2.4046105919003113,8
2019-03,Go,41937,17909,2.341671785135965,5
2019-03,Haskell,9071,3679,2.465615656428377,19
2019-03,Java,78529,30941,2.5380239811253675,4
2019-03,JavaScript,146013,51991,2.8084283818353177,2
2019-03,Julia,19173,8493,2.257506181561286,14
2019-03,Kotlin,25224,10991,2.2949686106814666,12
2019-03,Lua,12934,5693,2.2719128754610924,18
2019-03,Objective-C,7051,2712,2.5999262536873156,21
2019-03,PHP,31059,13574,2.2881243553852952,11
2019-03,Perl,9419,3285,2.867275494672755,20
2019-03,Python,128203,54488,2.3528666862428427,1
2019-03,R,24767,9539,2.596393751965615,13
2019-03,Ruby,15887,6124,2.5942194644023515,17
2019-03,Rust,28916,15544,1.8602676273803396,9
2019-03,Scala,18251,7162,2.5483105277855347,16
2019-03,Swift,21708,7840,2.7688775510204082,15
2019-03,TypeScript,102267,43320,2.3607340720221606,3
2019-04,C,30160,11783,2.559619791224646,10
2019-04,C#,44568,17054,2.6133458426175675,5
2019-04,C++,42865,16792,2.5527036684135305,6
2019-04,Dart,40030,15902,2.5172934222110426,7
2019-04,Go,40215,15887,2.531314911562913,8
2019-04,Haskell,9231,3703,2.4928436402916554,20
2019-04,Java,76104,30604,2.4867337602927724,4
2019-04,JavaScript,150633,58232,2.5867735952740762,1
2019-04,Julia,19497,7231,2.696307564652192,16
2019-04,Kotlin,24948,9938,2.510364258402093,13
2019-04,Lua,12926,4813,2.6856430500727195,18
2019-04,Objective-C,6821,2617,2.6064195643867025,21
2019-04,PHP,31122,11678,2.665011132043158,11
2019-04,Perl,10145,4601,2.204955444468594,19
2019-04,Python,132804,58123,2.2848786194793798,2
2019-04,R,24848,10465,2.3743908265647398,12
2019-04,Ruby,16777,6260,2.680031948881789,17
2019-04,Rust,31112,14334,2.1705036975024417,9
2019-04,Scala,19947,8127,2.4544112218530825,15
2019-04,Swift,23642,8685,2.7221646516983307,14
2019-04,TypeScript,93310,41627,2.241573978427463,3
2019-05,C,28598,11228,2.547025293908087,11
2019-05,C#,40961,14867,2.755162440304029,8
2019-05,C++,37365,15570,2.3998073217726397,7
2019-05,Dart,40754,16658,2.446512186336895,6
2019-05,Go,41683,16931,2.461933731025929,5
2019-05,Haskell,8679,3382,2.566232998225902,20
2019-05,Java,74970,28474,2.632928285453396,4
2019-05,JavaScript,157008,59364,2.6448352536891044,2
2019-05,Julia,17688,6601,2.679594000908953,16
2019-05,Kotlin,24231,9505,2.549289847448711,14
2019-05,Lua,11919,5112,2.3315727699530515,18
2019-05,Objective-C,6634,2756,2.40711175616836,21
2019-05,PHP,30793,12102,2.544455461907123,10
2019-05,Perl,9227,3903,2.364078913656162,19
2019-05,Python,135212,59684,2.265464781180886,1
2019-05,R,24133,10143,2.3792763482204475,12
2019-05,Ruby,16988,6504,2.611931119311193,17
2019-05,Rust,30192,13622,2.216414623403318,9
2019-05,Scala,19534,8512,2.2948778195488724,15
2019-05,Swift,24223,9840,2.461686991869919,13
2019-05,TypeScript,106791,43853,2.4352039769229017,3
2019-06,C,30709,12524,2.4520121366975407,10
2019-06,C#,42108,16958,2.4830758344144357,6
2019-06,C++,37045,13587,2.7265032751895193,9
2019-06,Dart,42552,17978,2.366892869062187,5
2019-06,Go,42150,16854,2.5008899964400144,7
2019-06,Haskell,8799,3478,2.5299022426682,20
2019-06,Java,76156,26642,2.85849410704902,4
2019-06,JavaScript,161329,56836,2.838500246322753,1
2019-06,Julia,19508,8421,2.3165894786842416,16
2019-06,Kotlin,26103,11366,2.29658631004751,12
2019-06,Lua,12624,5101,2.4748088610076455,18
2019-06,Objective-C,6378,2457,2.595848595848596,21
2019-06,PHP,31920,12067,2.6452307947294273,11
2019-06,Perl,9508,3911,2.431091792380465,19
2019-06,Python,130315,50062,2.6030721904838,2
2019-06,R,24420,10160,2.4035433070866143,14
2019-06,Ruby,15393,6085,2.5296631059983565,17
2019-06,Rust,31604,14670,2.154328561690525,8
2019-06,Scala,20258,8601,2.3553075223811186,15
2019-06,Swift,23467,10344,2.268658159319412,13
2019-06,TypeScript,94965,39150,2.4256704980842914,3
2019-07,C,30276,11934,2.5369532428355956,10
2019-07,C#,44216,16960,2.607075471698113,5
2019-07,C++,37432,14461,2.5884793582739785,9
2019-07,Dart,38257,16098,2.376506398310349,7
2019-07,Go,43048,16186,2.65958235512171,6
2019-07,Haskell,9336,3769,2.4770496152825685,19
2019-07,Java,73443,27647,2.6564545882012514,4
2019-07,JavaScript,163292,60061,2.7187692512612176,1
2019-07,Julia,18421,7439,2.476273692700632,16
2019-07,Kotlin,23485,9292,2.527442961687473,13
2019-07,Lua,12288,4980,2.4674698795180725,18
2019-07,Objective-C,6065,2797,2.1683947086163746,21
2019-07,PHP,29157,11732,2.485254006137061,11
2019-07,Perl,9281,3421,2.7129494299912307,20
2019-07,Python,136867,52929,2.5858603034253433,2
2019-07,R,23929,9625,2.48612987012987,12
2019-07,Ruby,15648,6514,2.4022106232729508,17
2019-07,Rust,31010,15460,2.0058214747736094,8
2019-07,Scala,18697,7512,2.48895101171459,15
2019-07,Swift,22163,8649,2.562492773731067,14
2019-07,TypeScript,96992,38338,2.5299180969273305,3
2019-08,C,32255,13533,2.3834330894849627,10
2019-08,C#,40899,16578,2.467064784654361,5
2019-08,C++,37555,14529,2.5848303393213574,8
2019-08,Dart,36942,13580,2.7203240058910163,9
2019-08,Go,44419,15992,2.777576288144072,6
2019-08,Haskell,8993,3482,2.5827110855829982,20
2019-08,Java,69445,25506,2.72269269975692,4
2019-08,JavaScript,158072,62348,2.535317893116058,1
2019-08,Julia,18220,7659,2.378900639770205,15
2019-08,Kotlin,25539,11949,2.1373336680893797,12
2019-08,Lua,12634,5256,2.4037290715372905,18
2019-08,Objective-C,6558,2538,2.5839243498817965,21
2019-08,PHP,31803,12592,2.525651207115629,11
2019-08,Perl,9463,3928,2.4091140529531567,19
2019-08,Python,132302,51229,2.582560659001737,2
2019-08,R,25997,10061,2.5839379783321736,13
2019-08,Ruby,15666,6401,2.447430089048586,17
2019-08,Rust,33349,15046,2.2164694935531037,7
2019-08,Scala,18936,7560,2.5047619047619047,16
2019-08,Swift,22972,8535,2.6915055653192734,14
2019-08,TypeScript,97021,39352,2.465465541776784,3
2019-09,C,30379,11197,2.7131374475305887,11
2019-09,C#,39107,12957,3.0182140927683876,9
2019-09,C++,37980,14936,2.5428494911622925,7
2019-09,Dart,36753,15058,2.440762385442954,6
2019-09,Go,44278,19910,2.2239075841285785,5
2019-09,Haskell,8585,3553,2.416267942583732,19
2019-09,Java,71869,27163,2.645841770054854,4
2019-09,JavaScript,169280,59810,2.8302959371342586,1
2019-09,Julia,18080,7078,2.554393896580955,16
2019-09,Kotlin,24376,9818,2.4827867182725605,13
2019-09,Lua,12125,5057,2.3976666007514336,18
2019-09,Objective-C,5573,2347,2.374520664678313,21
2019-09,PHP,27824,11389,2.4430590921064184,10
2019-09,Perl,9305,3445,2.7010159651669086,20
2019-09,Python,136884,58282,2.348649668851446,2
2019-09,R,23690,9266,2.5566587524282323,14
2019-09,Ruby,15010,5970,2.5142378559463987,17
2019-09,Rust,32241,13438,2.3992409584759637,8
2019-09,Scala,19331,7111,2.7184643510054847,15
2019-09,Swift,22742,10152,2.2401497241922774,12
2019-09,TypeScript,92724,38991,2.3780872509040547,3
2019-10,C,30736,12006,2.5600533066799933,10
2019-10,C#,41774,14640,2.853415300546448,7
2019-10,C++,35499,14224,2.4957114735658044,8
2019-10,Dart,39872,15415,2.5865715212455402,6
2019-10,Go,41972,17167,2.44492339954564,5
2019-10,Haskell,9249,4103,2.254204240799415,19
2019-10,Java,70948,27163,2.61193535323786,4
2019-10,JavaScript,172581,64344,2.6821615069004103,1
2019-10,Julia,19159,8732,2.1941136051305543,15
2019-10,Kotlin,25624,9667,2.65066721837178,12
2019-10,Lua,12095,4757,2.5425688459112887,18
2019-10,Objective-C,5075,2138,2.373713751169317,21
2019-10,PHP,28750,11240,2.557829181494662,11
2019-10,Perl,8099,3178,2.548458149779736,20
2019-10,Python,136408,50885,2.6807114080770367,2
2019-10,R,24182,8984,2.691674087266251,14
2019-10,Ruby,14416,6029,2.391109636755681,17
2019-10,Rust,31418,12992,2.4182573891625614,9
2019-10,Scala,18900,8044,2.3495773247140725,16
2019-10,Swift,24317,9269,2.623476103139497,13
2019-10,TypeScript,92309,42199,2.187468897367236,3
2019-11,C,31687,13204,2.3998030899727354,10
2019-11,C#,43713,17056,2.5629104127579736,6
2019-11,C++,37429,14623,2.559597893729057,7
2019-11,Dart,39128,14576,2.6844127332601535,8
2019-11,Go,46515,17647,2.635858786195954,5
2019-11,Haskell,9812,3779,2.59645408838317,20
2019-11,Java,76922,31771,2.4211387743539707,4
2019-11,JavaScript,161522,56057,2.8813885866171933,1
2019-11,Julia,18803,7507,2.50472891967497,15
2019-11,Kotlin,25675,10898,2.3559368691503026,11
2019-11,Lua,12656,5086,2.488399528116398,18
2019-11,Objective-C,5300,2091,2.534672405547585,21
2019-11,PHP,28828,10323,2.7925990506635667,13
2019-11,Perl,9308,3922,2.373278939316675,19
2019-11,Python,125252,41881,2.9906640242592104,3
2019-11,R,26604,10512,2.530821917808219,12
2019-11,Ruby,14642,5474,2.6748264523200587,17
2019-11,Rust,31889,14457,2.205782665836619,9
2019-11,Scala,18888,7292,2.5902358749314316,16
2019-11,Swift,23972,8841,2.711457979866531,14
2019-11,TypeScript,107418,46772,2.2966304626699734,2
2019-12,C,33548,14527,2.3093549941488263,9
2019-12,C#,43244,16949,2.551418962770665,6
2019-12,C++,40025,14969,2.673859309239094,8
2019-12,Dart,42467,16240,2.614963054187192,7
2019-12,Go,45614,19513,2.3376210731307334,5
2019-12,Haskell,9564,4513,2.119211167737647,19
2019-12,Java,78518,31054,2.528434340181619,4
2019-12,JavaScript,164575,56165,2.930205644084394,2
2019-12,Julia,20665,7888,2.6198022312373226,15
2019-12,Kotlin,24442,9551,2.5591037587687153,14
2019-12,Lua,12614,4652,2.7115219260533103,18
2019-12,Objective-C,5231,2220,2.356306306306306,21
2019-12,PHP,28660,11592,2.472394755003451,11
2019-12,Perl,8683,3572,2.4308510638297873,20
2019-12,Python,137110,57145,2.399335024936565,1
2019-12,R,27251,11153,2.4433784631937594,12
2019-12,Ruby,14796,5781,2.5594187856772184,17
2019-12,Rust,33639,14154,2.3766426451886393,10
2019-12,Scala,18282,7419,2.464213505863324,16
2019-12,Swift,23425,9592,2.442139282735613,13
2019-12,TypeScript,102748,45062,2.2801473525365052,3
2020-01,C,30220,12056,2.506635700066357,10
2020-01,C#,43393,20245,2.143393430476661,5
2020-01,C++,40698,15966,2.549041713641488,9
2020-01,Dart,40596,17217,2.357902073531974,7
2020-01,Go,45278,17847,2.5370090211239984,6
2020-01,Haskell,9312,3698,2.518117901568415,19
2020-01,Java,76904,26393,2.9138029022846967,4
2020-01,JavaScript,170028,60723,2.8000592856084188,2
2020-01,Julia,19599,8304,2.3601878612716765,15
2020-01,Kotlin,27299,10532,2.5920053171287503,13
2020-01,Lua,13550,5954,2.2757809875713804,18
2020-01,Objective-C,4622,1837,2.516058791507893,21
2020-01,PHP,28971,11562,2.50570835495589,11
2020-01,Perl,8807,3618,2.4342177998894416,20
2020-01,Python,155025,61058,2.53897933112778,1
2020-01,R,26269,10979,2.392658712086711,12
2020-01,Ruby,15800,6330,2.4960505529225907,17
2020-01,Rust,33716,16115,2.092212224635433,8
2020-01,Scala,21245,7192,2.953976640711902,16
2020-01,Swift,24247,10024,2.4188946528332003,14
2020-01,TypeScript,102641,41886,2.450484648808671,3
2020-02,C,34087,14530,2.3459738472126634,10
2020-02,C#,47653,20471,2.3278296126227347,5
2020-02,C++,38922,15486,2.513366912049593,9
2020-02,Dart,42120,16499,2.5528819928480515,8
2020-02,Go,48671,20386,2.3874717943686843,6
2020-02,Haskell,9504,3592,2.645879732739421,19
2020-02,Java,82267,30721,2.677875069170925,4
2020-02,JavaScript,181246,73625,2.4617453310696096,1
2020-02,Julia,20666,8049,2.567523916014412,15
2020-02,Kotlin,26801,11016,2.432915758896151,13
2020-02,Lua,12886,5932,2.172285906945381,17
2020-02,Objective-C,4467,1853,2.4106853750674584,21
2020-02,PHP,31489,13809,2.280324426098921,11
2020-02,Perl,8445,3414,2.4736379613356765,20
2020-02,Python,151291,59073,2.5610854366631117,2
2020-02,R,28074,11484,2.4446185997910135,12
2020-02,Ruby,14471,5509,2.626792521328735,18
2020-02,Rust,34472,16851,2.045694617530117,7
2020-02,Scala,18530,7264,2.5509361233480177,16
2020-02,Swift,24876,8905,2.7934868051656374,14
2020-02,TypeScript,100695,42486,2.3700748481852845,3
2020-03,C,31113,12396,2.5099225556631173,11
2020-03,C#,43819,18555,2.3615736998113714,8
2020-03,C++,45629,19619,2.3257556450379733,5
2020-03,Dart,44938,18746,2.3972047370105622,7
2020-03,Go,46397,19090,2.4304347826086956,6
2020-03,Haskell,9972,3931,2.536759094378021,19
2020-03,Java,78416,28084,2.7921948440393107,4
2020-03,JavaScript,178105,58595,3.039593821998464,2
2020-03,Julia,21674,8698,2.4918372039549324,15
2020-03,Kotlin,26959,10815,2.492741562644475,14
2020-03,Lua,13415,5543,2.4201695832581636,18
2020-03,Objective-C,4476,1663,2.6915213469633192,21
2020-03,PHP,31546,12431,2.537688037969592,10
2020-03,Perl,8336,3712,2.2456896551724137,20
2020-03,Python,159871,63256,2.527364993044138,1
2020-03,R,27056,10876,2.487679293858036,13
2020-03,Ruby,15202,6474,2.3481618782823603,17
2020-03,Rust,35065,18358,1.910066456040963,9
2020-03,Scala,21172,7749,2.7322235127113177,16
2020-03,Swift,27892,11477,2.4302518079637534,12
2020-03,TypeScript,110433,49329,2.2387033996229397,3
2020-04,C,34277,14965,2.290477781490144,10
2020-04,C#,45264,17229,2.627198328399791,7
2020-04,C++,41001,16827,2.436619718309859,9
2020-04,Dart,43229,17187,2.51521498807238,8
2020-04,Go,49826,21151,2.355727861566829,5
2020-04,Haskell,9991,3994,2.50150225338007,19
2020-04,Java,85554,32203,2.6567090022668696,4
2020-04,JavaScript,188569,73899,2.551712472428585,1
2020-04,Julia,19899,8344,2.3848274209012463,16
2020-04,Kotlin,29288,11741,2.4945064304573714,12
2020-04,Lua,12848,4740,2.710548523206751,18
2020-04,Objective-C,4065,1624,2.50307881773399,21
2020-04,PHP,31642,12064,2.622844827586207,11
2020-04,Perl,8680,3524,2.4631101021566404,20
2020-04,Python,154636,59952,2.5793301307712837,2
2020-04,R,28521,11125,2.563685393258427,13
2020-04,Ruby,15830,6207,2.550346383115837,17
2020-04,Rust,37526,21126,1.7762946132727444,6
2020-04,Scala,19798,8466,2.3385305929600757,15
2020-04,Swift,24371,10384,2.3469761171032357,14
2020-04,TypeScript,110015,40955,2.6862409962153584,3
2020-05,C,34254,13526,2.532456010646163,10
2020-05,C#,44513,18374,2.422608033090236,6
2020-05,C++,42209,16148,2.6138840723309387,9
2020-05,Dart,45835,16642,2.7541761807475065,8
2020-05,Go,50149,20110,2.493734460467429,5
2020-05,Haskell,10267,4342,2.364578535237218,19
2020-05,Java,85154,31810,2.6769569317824584,4
2020-05,JavaScript,170303,58063,2.9330726968981966,2
2020-05,Julia,20685,8655,2.389948006932409,16
2020-05,Kotlin,27909,11124,2.5088996763754046,13
2020-05,Lua,13237,4789,2.764042597619545,18
2020-05,Objective-C,4143,1689,2.452930728241563,21
2020-05,PHP,29346,11470,2.558500435919791,11
2020-05,Perl,9224,3917,2.3548634158794997,20
2020-05,Python,159089,66335,2.398266375216703,1
2020-05,R,27508,10727,2.5643702806003543,14
2020-05,Ruby,14800,5770,2.564991334488735,17
2020-05,Rust,37854,17735,2.1344234564420637,7
2020-05,Scala,20608,8797,2.342616801182221,15
2020-05,Swift,27104,11275,2.40390243902439,12
2020-05,TypeScript,126231,51762,2.438680885591747,3
2020-06,C,36320,14649,2.479350126288484,10
2020-06,C#,47176,21068,2.2392253654831973,5
2020-06,C++,42874,18309,2.341689879294336,9
2020-06,Dart,44388,18538,2.394433056424641,8
2020-06,Go,48268,19220,2.5113423517169613,6
2020-06,Haskell,11001,4835,2.275284384694933,19
2020-06,Java,83360,32359,2.5760993850242593,4
2020-06,JavaScript,188769,64137,2.9432153047382945,1
2020-06,Julia,21361,8548,2.4989471221338326,15
2020-06,Kotlin,31368,12727,2.4646813860297008,11
2020-06,Lua,13987,5051,2.769154622846961,18
2020-06,Objective-C,3516,1382,2.5441389290882777,21
2020-06,PHP,28802,11304,2.5479476291578202,12
2020-06,Perl,8708,3408,2.5551643192488265,20
2020-06,Python,151979,57976,2.6214123085414656,2
2020-06,R,29367,11139,2.636412604363049,13
2020-06,Ruby,15468,5824,2.6559065934065935,17
2020-06,Rust,36420,18949,1.9220011610111352,7
2020-06,Scala,20329,7488,2.7148771367521367,16
2020-06,Swift,27733,10969,2.528307047132829,14
2020-06,TypeScript,107909,45788,2.35670918144492,3
2020-07,C,32639,12674,2.575272210825312,10
2020-07,C#,47650,19938,2.3899087170227706,6
2020-07,C++,43184,16949,2.547878930910378,8
2020-07,Dart,43897,17667,2.484688968132677,7
2020-07,Go,51179,20327,2.5177842278742557,5
2020-07,Haskell,11033,4319,2.5545265107663813,19
2020-07,Java,79109,32805,2.4114921505868008,4
2020-07,JavaScript,178257,62124,2.8693741549159744,1
2020-07,Julia,23149,9786,2.36552217453505,15
2020-07,Kotlin,30313,11675,2.5964025695931476,11
2020-07,Lua,14026,5279,2.6569426027656755,18
2020-07,Objective-C,3088,1203,2.56691604322527,21
2020-07,PHP,27507,11155,2.465889735544599,12
2020-07,Perl,8483,3974,2.134625062908908,20
2020-07,Python,158666,60589,2.618726171417254,2
2020-07,R,27410,10762,2.546924363501208,13
2020-07,Ruby,14424,7073,2.0393043970026863,17
2020-07,Rust,33113,15569,2.1268546470550453,9
2020-07,Scala,21421,7799,2.746634183869727,16
2020-07,Swift,26647,10381,2.5669010692611502,14
2020-07,TypeScript,118403,47425,2.496636794939378,3
2020-08,C,33638,14367,2.3413377879863577,10
2020-08,C#,44887,17373,2.5837218672652966,8
2020-08,C++,43811,17646,2.4827722996713137,7
2020-08,Dart,47219,19379,2.4366066360493317,5
2020-08,Go,50180,18622,2.6946622274728815,6
2020-08,Haskell,9922,4222,2.350071056371388,19
2020-08,Java,79141,30361,2.606666447086723,4
2020-08,JavaScript,179668,58266,3.083582192015927,2
2020-08,Julia,21615,7428,2.909935379644588,16
2020-08,Kotlin,27692,11012,2.514711224119143,13
2020-08,Lua,14012,6742,2.0783150400474635,17
2020-08,Objective-C,2885,1049,2.7502383222116302,21
2020-08,PHP,28244,11170,2.5285586392121755,12
2020-08,Perl,8426,3255,2.5886328725038403,20
2020-08,Python,157396,60272,2.611428192195381,1
2020-08,R,27308,11296,2.4174929178470257,11
2020-08,Ruby,14660,6294,2.329202414998411,18
2020-08,Rust,33799,16607,2.0352261094719095,9
2020-08,Scala,20260,8441,2.4001895510010662,15
2020-08,Swift,26897,9610,2.7988553590010405,14
2020-08,TypeScript,116172,48569,2.3918960653915047,3
2020-09,C,34589,13695,2.525666301569916,10
2020-09,C#,49002,20635,2.3747031742185607,5
2020-09,C++,42962,17245,2.491272832705132,7
2020-09,Dart,43202,17131,2.5218609538263967,8
2020-09,Go,49024,19891,2.464632245739279,6
2020-09,Haskell,10077,4273,2.358296278960917,19
2020-09,Java,81528,31391,2.5971775349622503,4
2020-09,JavaScript,180473,66645,2.7079750919048693,1
2020-09,Julia,21327,9451,2.2565866045921066,15
2020-09,Kotlin,27018,10537,2.564107430957578,13
2020-09,Lua,13230,5496,2.4072052401746724,18
2020-09,Objective-C,2240,892,2.5112107623318387,21
2020-09,PHP,28082,11773,2.385288371697953,11
2020-09,Perl,8549,3494,2.446765884373211,20
2020-09,Python,155009,58890,2.632178638138903,2
2020-09,R,26942,11368,2.3699859254046447,12
2020-09,Ruby,13206,5599,2.3586354706197534,17
2020-09,Rust,34462,15324,2.2488906290785695,9
2020-09,Scala,20671,8310,2.48748495788207,16
2020-09,Swift,25606,10525,2.432874109263658,14
2020-09,TypeScript,118664,49574,2.393674103360633,3
2020-10,C,31626,11862,2.6661608497723823,11
2020-10,C#,46941,20633,2.2750448310958173,5
2020-10,C++,42596,17240,2.4707656612529,9
2020-10,Dart,46683,17903,2.6075518069597274,7
2020-10,Go,44668,17558,2.54402551543456,8
2020-10,Haskell,10691,4405,2.4270147559591373,19
2020-10,Java,87421,35057,2.4936817183444107,4
2020-10,JavaScript,189495,70007,2.706800748496579,1
2020-10,Julia,21496,9647,2.2282574893749354,15
2020-10,Kotlin,28286,11397,2.481881196806177,12
2020-10,Lua,12874,4915,2.619328585961343,18
2020-10,Objective-C,2094,837,2.5017921146953404,21
2020-10,PHP,29686,12312,2.411143599740091,10
2020-10,Perl,7509,2956,2.540257104194858,20
2020-10,Python,147547,61410,2.4026542908321122,2
2020-10,R,28586,10739,2.6618865816184,13
2020-10,Ruby,12896,5077,2.540082726019303,17
2020-10,Rust,36977,18595,1.9885453078784618,6
2020-10,Scala,20211,8130,2.4859778597785978,16
2020-10,Swift,26186,10252,2.5542333203277408,14
2020-10,TypeScript,116340,52701,2.20754824386634,3
2020-11,C,32503,11459,2.8364604241207783,12
2020-11,C#,44113,17997,2.451130744012891,6
2020-11,C++,43061,17387,2.4766204635647324,7
2020-11,Dart,44614,17015,2.6220393770202763,9
2020-11,Go,52959,24473,2.163976627303559,5
2020-11,Haskell,10182,4092,2.4882697947214076,19
2020-11,Java,81766,33492,2.441359130538636,4
2020-11,JavaScript,194427,65476,2.9694391838230803,1
2020-11,Julia,21559,8721,2.4720788900355464,15
2020-11,Kotlin,30661,12867,2.3829175409963472,10
2020-11,Lua,13193,5310,2.484557438794727,17
2020-11,Objective-C,1708,687,2.4861717612809318,21
2020-11,PHP,28123,11449,2.4563717355227532,13
2020-11,Perl,7755,3055,2.5384615384615383,20
2020-11,Python,158935,64824,2.451792545970628,2
2020-11,R,28466,11574,2.4594781406601003,11
2020-11,Ruby,12614,5165,2.4422071636011617,18
2020-11,Rust,36066,17178,2.0995459308417743,8
2020-11,Scala,20504,8225,2.492887537993921,16
2020-11,Swift,27280,10353,2.6349850284941563,14
2020-11,TypeScript,113492,46347,2.4487453341100824,3
2020-12,C,32532,13200,2.4645454545454544,11
2020-12,C#,48987,23299,2.1025365895531998,5
2020-12,C++,44212,18053,2.449011244668476,9
2020-12,Dart,46034,18806,2.4478357970860363,8
2020-12,Go,56497,21669,2.6072730629009184,6
2020-12,Haskell,11068,4883,2.2666393610485356,19
2020-12,Java,79824,28105,2.8402063689734924,4
2020-12,JavaScript,200560,67780,2.9589849513130715,2
2020-12,Julia,23001,9991,2.302171954759283,15
2020-12,Kotlin,30865,12399,2.489313654326962,12
2020-12,Lua,15067,6002,2.5103298900366546,17
2020-12,Objective-C,1675,657,2.549467275494673,21
2020-12,PHP,28771,11073,2.598302176465276,13
2020-12,Perl,7465,2983,2.5025142474019444,20
2020-12,Python,154286,67809,2.2753026884336887,1
2020-12,R,32885,13861,2.3724839477671162,10
2020-12,Ruby,12899,5436,2.372884473877851,18
2020-12,Rust,38566,20254,1.9041177051446627,7
2020-12,Scala,21116,7867,2.6841235540866912,16
2020-12,Swift,26162,10445,2.5047391096218288,14
2020-12,TypeScript,112010,46094,2.430034277780188,3
2021-01,C,33849,12166,2.7822620417557125,12
2021-01,C#,49607,19890,2.494067370537959,7
2021-01,C++,44518,17622,2.526273975712178,9
2021-01,Dart,49105,18050,2.7204986149584487,8
2021-01,Go,54264,21899,2.4779213662724326,5
2021-01,Haskell,11582,4702,2.4632071458953635,19
2021-01,Java,79048,31096,2.542063287882686,4
2021-01,JavaScript,212270,76078,2.790162727726807,1
2021-01,Julia,22483,8349,2.6928973529764044,16
2021-01,Kotlin,29904,12309,2.4294418718011213,11
2021-01,Lua,13581,5584,2.4321275071633237,17
2021-01,Objective-C,1335,555,2.4054054054054053,21
2021-01,PHP,29582,13782,2.1464228704106807,10
2021-01,Perl,7526,3395,2.2167893961708396,20
2021-01,Python,170157,67789,2.510097508445323,2
2021-01,R,30995,11858,2.6138471917692696,13
2021-01,Ruby,13581,5249,2.5873499714231283,18
2021-01,Rust,38350,20255,1.8933596642804247,6
2021-01,Scala,21251,8810,2.412145289443814,15
2021-01,Swift,27624,11514,2.399166232412715,14
2021-01,TypeScript,108805,45384,2.397430812621188,3
2021-02,C,35946,14849,2.42076907535861,10
2021-02,C#,48146,17953,2.681780203865649,9
2021-02,C++,46480,20384,2.28021978021978,7
2021-02,Dart,49208,20767,2.3695285789955216,6
2021-02,Go,59821,24253,2.4665402218282275,5
2021-02,Haskell,11065,4400,2.514772727272727,19
2021-02,Java,86545,37053,2.335708309718511,4
2021-02,JavaScript,196499,70942,2.7698542471314593,1
2021-02,Julia,24576,10584,2.3219954648526078,15
2021-02,Kotlin,31261,12023,2.6000998086999916,12
2021-02,Lua,15629,5536,2.823157514450867,18
2021-02,Objective-C,1150,469,2.4520255863539444,21
2021-02,PHP,27462,11426,2.403465779800455,13
2021-02,Perl,7900,3126,2.527191298784389,20
2021-02,Python,165508,58992,2.805600759425007,2
2021-02,R,32873,13899,2.3651341823152743,11
2021-02,Ruby,13914,6154,2.2609684757881054,17
2021-02,Rust,42102,19230,2.1893915756630267,8
2021-02,Scala,22559,8977,2.512977609446363,16
2021-02,Swift,27640,10728,2.576435495898583,14
2021-02,TypeScript,128356,54277,2.3648322493874017,3
2021-03,C,35986,16449,2.1877317770077207,10
2021-03,C#,53410,19867,2.6883777117833594,6
2021-03,C++,49336,19376,2.546242774566474,8
2021-03,Dart,51236,19572,2.61782137747803,7
2021-03,Go,55928,22276,2.510684144370623,5
2021-03,Haskell,11696,4542,2.575077058564509,19
2021-03,Java,87015,33642,2.5864990190832886,4
2021-03,JavaScript,195512,73089,2.6749852919043904,1
2021-03,Julia,23246,9103,2.5536636273755904,16
2021-03,Kotlin,32394,11503,2.816134921324872,13
2021-03,Lua,16019,6720,2.383779761904762,17
2021-03,Objective-C,766,308,2.487012987012987,21
2021-03,PHP,30180,12403,2.4332822704184474,12
2021-03,Perl,7492,3206,2.3368683718028698,20
2021-03,Python,172447,72708,2.371774770314133,2
2021-03,R,33916,13997,2.423090662284775,11
2021-03,Ruby,13597,5430,2.5040515653775324,18
2021-03,Rust,41097,19317,2.127504270849511,9
2021-03,Scala,22789,9674,2.355695679139963,15
2021-03,Swift,30047,11186,2.6861255140354015,14
2021-03,TypeScript,131757,52867,2.4922352318081225,3
2021-04,C,38054,15466,2.460493986809776,10
2021-04,C#,50800,21553,2.356980466756368,6
2021-04,C++,49182,19244,2.5557056744959468,8
2021-04,Dart,51794,20749,2.4962166851414525,7
2021-04,Go,56358,23615,2.3865339826381535,5
2021-04,Haskell,12023,5399,2.2268938692350435,18
2021-04,Java,82773,35232,2.349369891008174,4
2021-04,JavaScript,211563,78363,2.699781784770874,1
2021-04,Julia,24716,9262,2.668538112718635,15
2021-04,Kotlin,33642,12424,2.7078235672891178,11
2021-04,Lua,14439,5802,2.4886246122026887,17
2021-04,Objective-C,433,182,2.379120879120879,21
2021-04,PHP,28280,11677,2.421854928491907,14
2021-04,Perl,7370,2623,2.8097598170034312,20
2021-04,Python,178775,70424,2.5385521981142793,2
2021-04,R,32489,12170,2.6695973705834017,12
2021-04,Ruby,12240,4943,2.4762290107222333,19
2021-04,Rust,39231,16460,2.3834143377885786,9
2021-04,Scala,23372,8898,2.6266576758822207,16
2021-04,Swift,30424,11916,2.5532057737495806,13
2021-04,TypeScript,131850,52635,2.5049871758335707,3
2021-05,C,37415,16380,2.284188034188034,10
2021-05,C#,50607,20007,2.529464687359424,8
2021-05,C++,50359,22448,2.243362437633642,6
2021-05,Dart,54022,23840,2.266023489932886,5
2021-05,Go,56626,22094,2.562958269213361,7
2021-05,Haskell,11472,4310,2.6617169373549885,19
2021-05,Java,94023,37712,2.4931851930420024,4
2021-05,JavaScript,210869,73110,2.884270277663794,1
2021-05,Julia,24593,10044,2.44852648347272,15
2021-05,Kotlin,32007,13194,2.42587539790814,11
2021-05,Lua,13959,5443,2.5645783575234247,17
2021-05,Objective-C,93,38,2.4473684210526314,21
2021-05,PHP,29772,10689,2.78529329216952,14
2021-05,Perl,7639,2918,2.617888965044551,20
2021-05,Python,170046,63711,2.6690210481706456,2
2021-05,R,30570,12656,2.4154551201011376,12
2021-05,Ruby,13181,5151,2.558920597942147,18
2021-05,Rust,42667,19925,2.1413801756587203,9
2021-05,Scala,22587,9070,2.490297684674752,16
2021-05,Swift,29857,11378,2.6240991386886976,13
2021-05,TypeScript,132737,53351,2.4879946017881576,3
2021-06,C,35350,14243,2.4819209436214282,10
2021-06,C#,49904,21294,2.343570958955574,7
2021-06,C++,49398,20277,2.4361591951472112,8
2021-06,Dart,50316,18720,2.687820512820513,9
2021-06,Go,54021,21831,2.4745087261234024,6
2021-06,Haskell,11181,4288,2.607509328358209,19
2021-06,Java,89473,32370,2.764071671300587,4
2021-06,JavaScript,210592,71812,2.9325460925750573,2
2021-06,Julia,24596,10315,2.3844886088221036,15
2021-06,Kotlin,33588,12559,2.6744167529261884,13
2021-06,Lua,15209,6672,2.2795263788968825,17
2021-06,PHP,29149,13838,2.106446018210724,11
2021-06,Perl,7015,3114,2.2527296082209376,20
2021-06,Python,176693,74132,2.383491609561323,1
2021-06,R,34323,12941,2.652267985472529,12
2021-06,Ruby,12923,4925,2.623959390862944,18
2021-06,Rust,41829,23020,1.8170721112076456,5
2021-06,Scala,21204,8508,2.4922425952045133,16
2021-06,Swift,31095,11854,2.6231651763117934,14
2021-06,TypeScript,134836,57624,2.339927807857837,3
2021-07,C,38446,14598,2.6336484449924646,10
2021-07,C#,47081,19172,2.45571667014396,8
2021-07,C++,43943,17207,2.5537862497820654,9
2021-07,Dart,54765,22276,2.458475489315856,6
2021-07,Go,54925,22900,2.398471615720524,5
2021-07,Haskell,11331,4513,2.5107467316640815,19
2021-07,Java,85877,35001,2.453558469758007,4
2021-07,JavaScript,201152,76115,2.6427379622938973,1
2021-07,Julia,25034,9528,2.6274139378673382,15
2021-07,Kotlin,33377,13390,2.4926811053024647,12
2021-07,Lua,15155,5914,2.5625634088603313,17
2021-07,PHP,29770,13642,2.1822313443776573,11
2021-07,Perl,7124,2971,2.3978458431504546,20
2021-07,Python,180417,68854,2.6202834984169403,2
2021-07,R,31860,12714,2.5058990089664936,13
2021-07,Ruby,12259,4569,2.6830816371197197,18
2021-07,Rust,44712,22044,2.0283070223189985,7
2021-07,Scala,21459,7989,2.6860683439729627,16
2021-07,Swift,30121,10807,2.787174979180161,14
2021-07,TypeScript,136846,57807,2.367291158510215,3
2021-08,C,35627,14476,2.461108040895275,10
2021-08,C#,51721,21754,2.377539762802243,5
2021-08,C++,49927,18958,2.633558392235468,9
2021-08,Dart,52146,18983,2.746984143707528,8
2021-08,Go,54037,20853,2.591329784683259,7
2021-08,Haskell,11038,4611,2.3938408154413358,19
2021-08,Java,87943,34090,2.579730126136697,4
2021-08,JavaScript,203695,66984,3.040950077630479,1
2021-08,Julia,23952,9219,2.598112593556785,15
2021-08,Kotlin,33264,13297,2.5016169060690383,11
2021-08,Lua,16725,6771,2.470093043863536,17
2021-08,PHP,26533,10860,2.443186003683241,13
2021-08,Perl,6672,2641,2.526315789473684,20
2021-08,Python,174090,65537,2.656362055022354,2
2021-08,R,31420,11990,2.6205170975813177,12
2021-08,Ruby,12875,5208,2.4721582181259603,18
2021-08,Rust,43340,20990,2.0647927584564076,6
2021-08,Scala,22349,8636,2.5878879110699398,16
2021-08,Swift,28308,10807,2.619413343203479,14
2021-08,TypeScript,132676,55155,2.405511739642825,3
2021-09,C,36821,15978,2.304481161597196,10
2021-09,C#,53239,19445,2.737927487786063,9
2021-09,C++,48037,20133,2.3859832116425768,8
2021-09,Dart,50926,21499,2.3687613377366388,5
2021-09,Go,57578,20982,2.7441616623772758,6
2021-09,Haskell,11657,5341,2.182550084253885,18
2021-09,Java,86503,36845,2.3477541050346042,4
2021-09,JavaScript,201670,73945,2.7272973155723848,1
2021-09,Julia,24818,9959,2.4920172708103223,15
2021-09,Kotlin,32568,12048,2.7031872509960158,12
2021-09,Lua,14854,6172,2.4066753078418666,17
2021-09,PHP,28569,11426,2.5003500787677226,13
2021-09,Perl,5995,2631,2.2786012922843026,20
2021-09,Python,175334,65869,2.661859144665928,2
2021-09,R,32292,12544,2.574298469387755,11
2021-09,Ruby,11082,4455,2.4875420875420877,19
2021-09,Rust,42807,20316,2.107058476077968,7
2021-09,Scala,21509,8951,2.402971735001676,16
2021-09,Swift,28237,10863,2.599374021909233,14
2021-09,TypeScript,130776,54108,2.4169438899977824,3
2021-10,C,38898,15460,2.5160413971539457,10
2021-10,C#,45656,18264,2.4997809899255365,8
2021-10,C++,44111,17528,2.516602008215427,9
2021-10,Dart,50631,20166,2.5107110978875333,6
2021-10,Go,58149,22567,2.5767270793636725,5
2021-10,Haskell,10900,4294,2.5384257102934327,18
2021-10,Java,81580,30967,2.63441728291407,4
2021-10,JavaScript,224242,69009,3.249460215334232,2
2021-10,Julia,24481,10081,2.4284297192738817,15
2021-10,Kotlin,30705,11322,2.711976682564918,14
2021-10,Lua,14474,5866,2.467439481759291,17
2021-10,PHP,27074,11553,2.343460573011339,13
2021-10,Perl,6395,2710,2.359778597785978,20
2021-10,Python,175261,74948,2.3384346480226292,1
2021-10,R,32984,13686,2.410054069852404,11
2021-10,Ruby,10891,4272,2.54939138576779,19
2021-10,Rust,41232,18865,2.1856347733898756,7
2021-10,Scala,23184,9974,2.32444355323842,16
2021-10,Swift,31688,12000,2.6406666666666667,12
2021-10,TypeScript,127369,51101,2.492495254495998,3
2021-11,C,37974,16787,2.262107583248943,10
2021-11,C#,49936,19543,2.5551860001023385,8
2021-11,C++,47812,19489,2.453281338190774,9
2021-11,Dart,52156,20450,2.5504156479217603,7
2021-11,Go,61480,25417,2.418853523232482,5
2021-11,Haskell,10871,4538,2.395548699867783,18
2021-11,Java,87983,33744,2.6073672356567092,4
2021-11,JavaScript,210948,71468,2.9516426932333353,1
2021-11,Julia,27335,10440,2.618295019157088,14
2021-11,Kotlin,34369,13947,2.464257546425755,11
2021-11,Lua,16196,6164,2.627514600908501,17
2021-11,PHP,25459,9679,2.630333712160347,16
2021-11,Perl,6658,2537,2.6243594797004337,20
2021-11,Python,172148,67295,2.5581098149936845,2
2021-11,R,34089,13789,2.472187975922837,12
2021-11,Ruby,10913,3888,2.806841563786008,19
2021-11,Rust,43436,21652,2.006096434509514,6
2021-11,Scala,23490,9830,2.389623601220753,15
2021-11,Swift,29782,12578,2.3677850214660516,13
2021-11,TypeScript,130629,55381,2.358733139524386,3
2021-12,C,38153,15850,2.4071293375394323,10
2021-12,C#,50848,21301,2.387117975681893,7
2021-12,C++,45314,17223,2.631016663763572,9
2021-12,Dart,49492,20333,2.434072689716225,8
2021-12,Go,61697,23834,2.588612905932701,6
2021-12,Haskell,11535,4906,2.3512026090501426,18
2021-12,Java,97338,42330,2.29950389794472,4
2021-12,JavaScript,221058,79395,2.7842811260154923,1
2021-12,Julia,25485,9667,2.6362884038481433,14
2021-12,Kotlin,30891,12265,2.5186302486750916,13
2021-12,Lua,15539,6076,2.5574391046741276,17
2021-12,PHP,25312,9493,2.6663857579268937,15
2021-12,Perl,5884,2312,2.5449826989619377,20
2021-12,Python,179406,78896,2.273955587102008,2
2021-12,R,32025,14100,2.271276595744681,11
2021-12,Ruby,11050,4602,2.401129943502825,19
2021-12,Rust,43998,24133,1.8231467285459744,5
2021-12,Scala,20288,7255,2.7964162646450723,16
2021-12,Swift,30009,12352,2.429485103626943,12
2021-12,TypeScript,140211,55836,2.511121856866538,3
2022-01,C,37980,15355,2.4734614132204493,10
2022-01,C#,56028,23815,2.3526348939743857,6
2022-01,C++,49893,21276,2.3450366610265085,8
2022-01,Dart,55612,21911,2.5380858929304915,7
2022-01,Go,65970,26429,2.496121684513224,5
2022-01,Haskell,12292,5177,2.3743480780374733,18
2022-01,Java,86169,30745,2.80269962595544,4
2022-01,JavaScript,221457,78525,2.8202101241642787,1
2022-01,Julia,27511,10990,2.503275705186533,14
2022-01,Kotlin,32847,12167,2.6996794608366894,13
2022-01,Lua,16144,6721,2.402023508406487,17
2022-01,PHP,25044,9730,2.573895169578623,15
2022-01,Perl,6611,2409,2.7442922374429224,20
2022-01,Python,179991,73366,2.4533298803260366,2
2022-01,R,31934,14061,2.271104473366048,11
2022-01,Ruby,10531,3957,2.661359615870609,19
2022-01,Rust,47054,21254,2.213889150277595,9
2022-01,Scala,22663,8702,2.6043438290048266,16
2022-01,Swift,30431,13768,2.2102701917489833,12
2022-01,TypeScript,146134,58291,2.5069736322931497,3
2022-02,C,40611,16249,2.499292264139332,10
2022-02,C#,53623,21074,2.544509822530132,8
2022-02,C++,50537,19079,2.6488285549557107,9
2022-02,Dart,57716,23802,2.424838248886648,6
2022-02,Go,63247,24046,2.6302503534891457,5
2022-02,Haskell,11804,4640,2.543965517241379,18
2022-02,Java,91876,35397,2.595587196655084,4
2022-02,JavaScript,236989,78600,3.0151272264631044,1
2022-02,Julia,25496,9108,2.7992973210364513,15
2022-02,Kotlin,35588,14611,2.435699130791869,11
2022-02,Lua,14452,5895,2.4515691263782866,17
2022-02,PHP,26198,11026,2.376020315617631,14
2022-02,Perl,5738,2373,2.4180362410450904,20
2022-02,Python,184716,71716,2.5756595459869485,2
2022-02,R,33542,12028,2.788659793814433,13
2022-02,Ruby,9867,4465,2.209854423292273,19
2022-02,Rust,46518,22242,2.0914486107364447,7
2022-02,Scala,22660,8989,2.5208588274557795,16
2022-02,Swift,31192,12577,2.4800826906257454,12
2022-02,TypeScript,146978,63481,2.3153069422346846,3
2022-03,C,38702,14924,2.5932725810774593,10
2022-03,C#,54187,24006,2.25722735982671,7
2022-03,C++,50563,21283,2.3757459004839543,9
2022-03,Dart,59140,22661,2.609770089581219,8
2022-03,Go,63633,24802,2.5656398677526004,5
2022-03,Haskell,12592,4710,2.673460721868365,18
2022-03,Java,98112,34538,2.8406972030806648,4
2022-03,JavaScript,236995,89082,2.660414000583732,1
2022-03,Julia,25307,11186,2.2623815483640266,14
2022-03,Kotlin,34634,12931,2.678369808986157,13
2022-03,Lua,16901,6665,2.5357839459864966,17
2022-03,PHP,25306,9950,2.543316582914573,15
2022-03,Perl,5846,2334,2.50471293916024,20
2022-03,Python,195315,79400,2.4598866498740555,2
2022-03,R,32860,13140,2.5007610350076104,12
2022-03,Ruby,10143,3789,2.676959619952494,19
2022-03,Rust,45405,24736,1.835583764553687,6
2022-03,Scala,22146,9622,2.3016004988567866,16
2022-03,Swift,32578,13279,2.4533473906167633,11
2022-03,TypeScript,151586,69324,2.1866308926201605,3
2022-04,C,37424,15518,2.411650985951798,10
2022-04,C#,54124,20402,2.6528771689050092,9
2022-04,C++,54621,23152,2.359234623358673,6
2022-04,Dart,55876,21415,2.609199159467663,8
2022-04,Go,65141,26176,2.4885773227383865,5
2022-04,Haskell,12145,5374,2.2599553405284705,18
2022-04,Java,97492,36826,2.64736870689187,4
2022-04,JavaScript,218182,69415,3.1431534970827633,3
2022-04,Julia,27732,11115,2.4950067476383264,15
2022-04,Kotlin,34623,13853,2.4993142279650615,12
2022-04,Lua,16076,6715,2.3940431868950114,17
2022-04,PHP,28044,11690,2.398973481608212,14
2022-04,Perl,6166,2288,2.69493006993007,20
2022-04,Python,207449,91231,2.2738871655467987,1
2022-04,R,34891,13046,2.6744596044764677,13
2022-04,Ruby,10607,4162,2.5485343584814992,19
2022-04,Rust,47425,21829,2.172568601401805,7
2022-04,Scala,23289,9345,2.492134831460674,16
2022-04,Swift,33794,14689,2.3006331268296005,11
2022-04,TypeScript,161383,72141,2.2370496666250816,2
2022-05,C,37072,14284,2.595351442173061,11
2022-05,C#,52923,20832,2.5404665898617513,8
2022-05,C++,51170,21859,2.340912210073654,7
2022-05,Dart,56444,20808,2.7126105344098423,9
2022-05,Go,66989,25442,2.633008411288421,5
2022-05,Haskell,13289,5549,2.3948459181834565,18
2022-05,Java,91018,34075,2.671107850330154,4
2022-05,JavaScript,230412,83621,2.755432247880317,1
2022-05,Julia,28163,11973,2.3522091372254237,14
2022-05,Kotlin,37265,15398,2.4201194960384464,10
2022-05,Lua,17071,6126,2.786647078028077,17
2022-05,PHP,26862,11344,2.3679478138222847,15
2022-05,Perl,5954,2489,2.392125351546806,20
2022-05,Python,202142,83245,2.4282779746531324,2
2022-05,R,33652,12847,2.6194442282244883,13
2022-05,Ruby,10160,4319,2.35239638805279,19
2022-05,Rust,50017,22728,2.2006775783174937,6
2022-05,Scala,23233,8863,2.621347173643236,16
2022-05,Swift,32518,12994,2.5025396336770815,12
2022-05,TypeScript,165100,70494,2.3420432944647773,3
2022-06,C,41772,15932,2.6218930454431333,10
2022-06,C#,58145,23834,2.43958210959134,6
2022-06,C++,54660,21766,2.51125608747588,9
2022-06,Dart,58764,23733,2.476046011882189,7
2022-06,Go,67330,28628,2.3518932513623025,5
2022-06,Haskell,12971,5260,2.4659695817490492,18
2022-06,Java,95277,38004,2.5070255762551312,4
2022-06,JavaScript,234468,83683,2.801859397966134,1
2022-06,Julia,29079,11657,2.4945526293214377,14
2022-06,Kotlin,34214,14381,2.3791113274459357,11
2022-06,Lua,16171,6385,2.53265465935787,17
2022-06,PHP,25924,9552,2.7139865996649917,16
2022-06,Perl,5788,2419,2.3927242662257133,20
2022-06,Python,189795,83652,2.268863864581839,2
2022-06,R,34596,13470,2.5683741648106904,12
2022-06,Ruby,9538,3665,2.602455661664393,19
2022-06,Rust,48770,22208,2.196055475504323,8
2022-06,Scala,23914,10449,2.2886400612498803,15
2022-06,Swift,32295,12291,2.6275323407371247,13
2022-06,TypeScript,154464,66041,2.3389106767008374,3
2022-07,C,40117,17453,2.2985733111785938,10
2022-07,C#,51835,20432,2.5369518402505875,8
2022-07,C++,50044,19441,2.5741474204001853,9
2022-07,Dart,58381,22660,2.5763901147396293,5
2022-07,Go,60402,22014,2.7437994003815755,7
2022-07,Haskell,11984,4737,2.529871226514672,18
2022-07,Java,92731,36025,2.5740735600277587,4
2022-07,JavaScript,237310,82282,2.8841058797792956,2
2022-07,Julia,28570,10864,2.6297864506627393,14
2022-07,Kotlin,37007,16080,2.3014303482587066,11
2022-07,Lua,16656,6712,2.4815256257449345,17
2022-07,PHP,23107,9575,2.4132637075718018,15
2022-07,Perl,5288,2159,2.449282075034738,20
2022-07,Python,200261,83266,2.405075300843081,1
2022-07,R,37255,16071,2.318150706241055,12
2022-07,Ruby,9221,3209,2.8734808351511374,19
2022-07,Rust,48968,22595,2.1672051338791767,6
2022-07,Scala,24516,9076,2.701189951520494,16
2022-07,Swift,31195,13085,2.3840275124188,13
2022-07,TypeScript,154471,63709,2.424633882183051,3
2022-08,C,40558,14729,2.753615316722113,10
2022-08,C#,54972,22976,2.39258356545961,8
2022-08,C++,50562,19880,2.5433601609657948,9
2022-08,Dart,58777,23819,2.4676518745539275,6
2022-08,Go,64536,23890,2.701381331100879,5
2022-08,Haskell,12499,4737,2.6385898247836184,18
2022-08,Java,95381,36019,2.648074627280047,4
2022-08,JavaScript,219737,76858,2.8589997137578393,2
2022-08,Julia,28025,11695,2.3963232150491662,14
2022-08,Kotlin,34539,13888,2.4869671658986174,12
2022-08,Lua,15766,6133,2.5706831893037667,17
2022-08,PHP,23900,9754,2.4502768095140457,15
2022-08,Perl,5323,2220,2.3977477477477476,20
2022-08,Python,204237,79495,2.5691804516007295,1
2022-08,R,35912,14169,2.534547251041005,11
2022-08,Ruby,8983,3461,2.595492632187229,19
2022-08,Rust,51253,23763,2.1568404662710936,7
2022-08,Scala,22287,8860,2.5154627539503385,16
2022-08,Swift,32037,13863,2.3109716511577583,13
2022-08,TypeScript,151145,63726,2.371794871794872,3
2022-09,C,42092,18953,2.2208621326439086,10
2022-09,C#,52894,20705,2.554648635595267,7
2022-09,C++,50478,19506,2.5878191325745923,9
2022-09,Dart,58263,24551,2.3731416235591216,5
2022-09,Go,63163,24258,2.603800807980872,6
2022-09,Haskell,13006,5690,2.2857644991212656,18
2022-09,Java,87503,32810,2.6669612922889363,4
2022-09,JavaScript,245730,87801,2.7987152765913828,2
2022-09,Julia,24555,9384,2.616687979539642,15
2022-09,Kotlin,34677,15749,2.2018540859737126,11
2022-09,Lua,14858,5806,2.5590768170857734,17
2022-09,PHP,24228,9936,2.4384057971014492,14
2022-09,Perl,5036,1944,2.590534979423868,20
2022-09,Python,201057,93623,2.1475171699261932,1
2022-09,R,35203,14043,2.5068005411949015,13
2022-09,Ruby,8522,3084,2.7632944228274967,19
2022-09,Rust,44350,19542,2.2694708832258725,8
2022-09,Scala,18721,8279,2.261263437613238,16
2022-09,Swift,33797,14870,2.2728312037659717,12
2022-09,TypeScript,148104,57569,2.57263457763727,3
2022-10,C,39345,16104,2.4431818181818183,10
2022-10,C#,54702,20819,2.627503722561122,9
2022-10,C++,52089,21521,2.420380093861809,8
2022-10,Dart,58527,22596,2.590148698884758,7
2022-10,Go,64045,27037,2.36879091615194,6
2022-10,Haskell,12581,5114,2.460109503324208,18
2022-10,Java,84062,31632,2.6574987354577644,4
2022-10,JavaScript,234343,86035,2.7238100772941243,2
2022-10,Julia,27932,10285,2.715799708313077,14
2022-10,Kotlin,36216,13266,2.729986431478969,11
2022-10,Lua,16766,6850,2.4475912408759126,17
2022-10,PHP,24273,8717,2.7845589078811517,16
2022-10,Perl,4728,1819,2.5992303463441453,20
2022-10,Python,198971,88308,2.253148072654799,1
2022-10,R,36057,13009,2.7716965177953723,12
2022-10,Ruby,8262,3514,2.3511667615253273,19
2022-10,Rust,50793,27606,1.8399261030210823,5
2022-10,Scala,22303,9428,2.365613067458634,15
2022-10,Swift,33453,12364,2.7056777741831124,13
2022-10,TypeScript,151087,62054,2.4347664936990365,3
2022-11,C,39251,13184,2.977169296116505,12
2022-11,C#,50159,19881,2.52296162164881,8
2022-11,C++,50442,19255,2.619683199169047,9
2022-11,Dart,58575,25470,2.2997644287396937,6
2022-11,Go,64035,25383,2.522751447819407,7
2022-11,Haskell,13693,5463,2.5064982610287387,18
2022-11,Java,87858,31885,2.7554649521718675,4
2022-11,JavaScript,257538,92016,2.7988393322900365,1
2022-11,Julia,26254,10717,2.449752729308575,14
2022-11,Kotlin,37343,15440,2.4185880829015542,10
2022-11,Lua,16467,6086,2.7057180414065067,17
2022-11,PHP,24118,9637,2.502646051675833,16
2022-11,Perl,4476,2015,2.2213399503722084,20
2022-11,Python,200037,82299,2.430612765647213,2
2022-11,R,36073,14401,2.504895493368516,11
2022-11,Ruby,7392,2922,2.529774127310062,19
2022-11,Rust,48534,26328,1.843436645396536,5
2022-11,Scala,21799,10016,2.176417731629393,15
2022-11,Swift,33015,12355,2.6721974908943746,13
2022-11,TypeScript,147816,59823,2.470889122912592,3
2022-12,C,40301,16463,2.4479742452772886,10
2022-12,C#,57178,22119,2.585017405850174,8
2022-12,C++,54830,22744,2.410745691171298,6
2022-12,Dart,59478,22188,2.6806381828015144,7
2022-12,Go,67055,26610,2.5199173243141675,5
2022-12,Haskell,12194,4232,2.8813799621928164,18
2022-12,Java,85083,40735,2.0886952252362834,4
2022-12,JavaScript,244601,88247,2.7717769442587286,1
2022-12,Julia,28841,11320,2.547791519434629,14
2022-12,Kotlin,34673,13957,2.4842731245969762,12
2022-12,Lua,17337,6501,2.6668204891555147,17
2022-12,PHP,23652,8480,2.7891509433962263,16
2022-12,Perl,4274,1697,2.518562168532705,20
2022-12,Python,209748,82310,2.5482687401287816,2
2022-12,R,36182,14520,2.4918732782369144,11
2022-12,Ruby,7791,3210,2.4271028037383178,19
2022-12,Rust,45861,19533,2.347872830594379,9
2022-12,Scala,23369,9030,2.5879291251384275,15
2022-12,Swift,32175,12755,2.5225401803214424,13
2022-12,TypeScript,163499,59202,2.7617141312793487,3
2023-01,C,40151,16432,2.4434639727361245,10
2023-01,C#,53459,20520,2.605214424951267,8
2023-01,C++,51383,19261,2.6677223404807644,9
2023-01,Dart,64302,25020,2.5700239808153476,6
2023-01,Go,72190,30643,2.355839832914532,5
2023-01,Haskell,13104,5374,2.438407145515445,18
2023-01,Java,91372,36122,2.529538785227839,4
2023-01,JavaScript,245388,91437,2.683683847895272,1
2023-01,Julia,32009,12597,2.541001825831547,14
2023-01,Kotlin,36720,15636,2.3484267075978513,11
2023-01,Lua,16244,6210,2.615780998389694,17
2023-01,PHP,22720,9260,2.4535637149028076,15
2023-01,Perl,4347,1767,2.460101867572156,20
2023-01,Python,222326,86793,2.561566024909843,2
2023-01,R,35906,13639,2.6325976977784293,12
2023-01,Ruby,7511,3031,2.4780600461893765,19
2023-01,Rust,48789,24205,2.0156579219169592,7
2023-01,Scala,23522,9096,2.585971855760774,16
2023-01,Swift,35746,12840,2.783956386292835,13
2023-01,TypeScript,159533,72816,2.1909058448692593,3
2023-02,C,42588,16105,2.6443961502638933,10
2023-02,C#,59210,23021,2.5719994787368057,8
2023-02,C++,55586,20467,2.7158841061220502,9
2023-02,Dart,64507,24836,2.5973184087614754,6
2023-02,Go,72335,26623,2.717011606505653,5
2023-02,Haskell,13847,5291,2.617085617085617,18
2023-02,Java,95519,37340,2.558087841456883,4
2023-02,JavaScript,254406,98378,2.5860050011181364,1
2023-02,Julia,29333,11748,2.496850527749404,14
2023-02,Kotlin,38439,14497,2.6515141063668346,12
2023-02,Lua,16138,6563,2.458936461983849,17
2023-02,PHP,21876,8381,2.610189714831166,16
2023-02,Perl,4238,1586,2.6721311475409837,20
2023-02,Python,223487,92631,2.412658829117682,2
2023-02,R,36597,15417,2.3738081338781862,11
2023-02,Ruby,8035,3107,2.586095912455745,19
2023-02,Rust,51765,24714,2.0945617868414663,7
2023-02,Scala,24445,10713,2.2818071501913564,15
2023-02,Swift,33476,12580,2.6610492845786964,13
2023-02,TypeScript,159792,66627,2.398306992660633,3
2023-03,C,40848,14608,2.796276013143483,10
2023-03,C#,59265,22642,2.6174807879162616,8
2023-03,C++,54308,19870,2.733165576245596,9
2023-03,Dart,64059,23920,2.678051839464883,7
2023-03,Go,72505,27520,2.6346293604651163,5
2023-03,Haskell,12865,4676,2.7512831479897346,18
2023-03,Java,100684,38838,2.5924094958545756,4
2023-03,JavaScript,258803,87144,2.969831543192876,2
2023-03,Julia,31513,12285,2.565160765160765,14
2023-03,Kotlin,39251,14242,2.756003370313158,12
2023-03,Lua,16924,6543,2.586581079015742,17
2023-03,PHP,21495,8412,2.55527817403709,16
2023-03,Perl,4175,1625,2.5692307692307694,20
2023-03,Python,230521,94256,2.4456904600237652,1
2023-03,R,35489,14382,2.4675983868724796,11
2023-03,Ruby,6974,2829,2.4651820431247793,19
2023-03,Rust,56654,25470,2.2243423635649786,6
2023-03,Scala,23907,9548,2.5038751571009636,15
2023-03,Swift,38216,13649,2.79991208147117,13
2023-03,TypeScript,161152,67398,2.39105017953055,3
2023-04,C,41065,15863,2.5887284876757235,12
2023-04,C#,63892,27113,2.3565079482167226,8
2023-04,C++,56833,22874,2.4846113491300166,9
2023-04,Dart,65359,28889,2.262418221468379,6
2023-04,Go,72772,28811,2.5258408246850164,7
2023-04,Haskell,13856,5461,2.5372642373191723,18
2023-04,Java,97933,40479,2.4193532448924135,4
2023-04,JavaScript,252648,82669,3.0561395444483423,1
2023-04,Julia,30508,11771,2.591793390536063,14
2023-04,Kotlin,40540,16457,2.463389439144437,11
2023-04,Lua,17880,6838,2.6147996490201812,17
2023-04,PHP,23311,8848,2.6346066907775767,16
2023-04,Perl,3852,1731,2.2253032928942806,20
2023-04,Python,224228,77144,2.906616198278544,3
2023-04,R,38900,16682,2.3318546936818128,10
2023-04,Ruby,7080,2744,2.5801749271137027,19
2023-04,Rust,57715,28912,1.9962299391256226,5
2023-04,Scala,24986,10742,2.3260100539936697,15
2023-04,Swift,36604,14659,2.4970325397366806,13
2023-04,TypeScript,174763,79039,2.2110983185516013,2
2023-05,C,44818,16423,2.7289776532911163,10
2023-05,C#,55965,23511,2.380375143549828,9
2023-05,C++,60106,24165,2.4873163666459757,8
2023-05,Dart,66298,26513,2.5005846188662164,7
2023-05,Go,81471,31754,2.565692511179694,4
2023-05,Haskell,14523,6342,2.2899716177861875,18
2023-05,Java,88993,30834,2.8861970551988065,5
2023-05,JavaScript,241552,79477,3.0392692225423708,2
2023-05,Julia,30866,12928,2.3875309405940595,14
2023-05,Kotlin,37955,15228,2.492448121880746,12
2023-05,Lua,17027,7044,2.4172345258375922,17
2023-05,PHP,22376,8885,2.518401800787845,16
2023-05,Perl,3527,1294,2.7256568778979906,20
2023-05,Python,236594,95021,2.489912756127593,1
2023-05,R,37527,15537,2.4153311450086887,11
2023-05,Ruby,5883,2328,2.527061855670103,19
2023-05,Rust,56652,27367,2.070084408228889,6
2023-05,Scala,24784,10154,2.4408115028560173,15
2023-05,Swift,37030,13736,2.695835760046593,13
2023-05,TypeScript,185414,71776,2.5832311636201517,3
2023-06,C,42005,18636,2.2539708091865207,10
2023-06,C#,59633,26077,2.286804463703647,6
2023-06,C++,56907,23023,2.471745645658689,9
2023-06,Dart,63205,23815,2.6539995800965777,8
2023-06,Go,65986,25323,2.605773407574142,7
2023-06,Haskell,13993,5629,2.4858767098951855,18
2023-06,Java,89578,33402,2.6818154601520865,4
2023-06,JavaScript,256624,88766,2.8910168307685375,2
2023-06,Julia,31471,14025,2.243921568627451,14
2023-06,Kotlin,40345,17024,2.369889567669173,11
2023-06,Lua,17116,6914,2.4755568411917848,17
2023-06,PHP,22958,8962,2.5617049765677304,16
2023-06,Perl,3652,1473,2.479293957909029,20
2023-06,Python,236628,115308,2.052138620043709,1
2023-06,R,41593,15638,2.659739097071237,12
2023-06,Ruby,6321,2417,2.6152254861398427,19
2023-06,Rust,55954,26555,2.107098474863491,5
2023-06,Scala,24770,10895,2.273519963285911,15
2023-06,Swift,35223,14968,2.3532202030999465,13
2023-06,TypeScript,180742,80348,2.249489719719221,3
2023-07,C,42545,17437,2.439926592877215,10
2023-07,C#,57403,21871,2.624617072836176,9
2023-07,C++,58851,23766,2.476268619035597,8
2023-07,Dart,65225,27847,2.342263080403634,6
2023-07,Go,75676,32612,2.3204955231203237,5
2023-07,Haskell,13646,5759,2.3695085952422295,18
2023-07,Java,98553,36079,2.7315890129992515,4
2023-07,JavaScript,264106,90556,2.916493661380803,1
2023-07,Julia,29561,11715,2.5233461374306443,14
2023-07,Kotlin,39718,15295,2.596796338672769,11
2023-07,Lua,19418,8017,2.4221030310589997,17
2023-07,PHP,20130,8422,2.3901686060318212,16
2023-07,Perl,3099,1203,2.576059850374065,20
2023-07,Python,213687,85782,2.4910470728124783,2
2023-07,R,37235,13970,2.6653543307086616,13
2023-07,Ruby,5971,2133,2.799343647444913,19
2023-07,Rust,55604,26661,2.0855931885525676,7
2023-07,Scala,24579,9971,2.4650486410590715,15
2023-07,Swift,35279,14581,2.419518551539675,12
2023-07,TypeScript,174197,75086,2.319966438483872,3
2023-08,C,38741,15814,2.449791324143164,11
2023-08,C#,54989,22939,2.3971838353895114,8
2023-08,C++,53348,21062,2.5329028582280886,9
2023-08,Dart,62360,23534,2.6497832922580096,7
2023-08,Go,72002,29726,2.422189329206755,5
2023-08,Haskell,13608,5632,2.4161931818181817,18
2023-08,Java,96274,35568,2.7067588843904633,4
2023-08,JavaScript,272744,105139,2.59412777370909,1
2023-08,Julia,29364,10633,2.761591272453682,14
2023-08,Kotlin,35460,13387,2.6488384253380146,13
2023-08,Lua,15992,6680,2.394011976047904,17
2023-08,PHP,20147,8734,2.306732310510648,16
2023-08,Perl,2877,1129,2.5482728077945085,20
2023-08,Python,222770,85137,2.6166061759282098,2
2023-08,R,35628,14534,2.4513554424108985,12
2023-08,Ruby,5219,2031,2.569670113244707,19
2023-08,Rust,53898,23927,2.2526016633928196,6
2023-08,Scala,25462,10211,2.4935853491332876,15
2023-08,Swift,38572,16250,2.3736615384615383,10
2023-08,TypeScript,174525,65321,2.6718053918341726,3
2023-09,C,40784,17891,2.279581912693533,10
2023-09,C#,55796,22509,2.4788306899462436,8
2023-09,C++,54490,21575,2.525608342989571,9
2023-09,Dart,63194,23257,2.7172034226254462,7
2023-09,Go,67941,26026,2.610504879735649,6
2023-09,Haskell,13234,5307,2.493687582438289,18
2023-09,Java,102422,36672,2.792921029668412,4
2023-09,JavaScript,258907,88750,2.917261971830986,1
2023-09,Julia,30365,11488,2.643192896935933,14
2023-09,Kotlin,37197,17005,2.1874154660394,11
2023-09,Lua,18071,6467,2.794340497912479,17
2023-09,PHP,20286,7702,2.633861334718255,16
2023-09,Perl,2636,1083,2.4339796860572482,20
2023-09,Python,215986,83921,2.5736823917732154,2
2023-09,R,40892,16015,2.5533562285357476,12
2023-09,Ruby,4864,1947,2.4982023626091423,19
2023-09,Rust,56839,29280,1.9412226775956285,5
2023-09,Scala,22913,8328,2.7513208453410183,15
2023-09,Swift,33882,13664,2.4796545667447307,13
2023-09,TypeScript,177942,75132,2.3683916307299153,3
2023-10,C,41003,14874,2.756689525346242,12
2023-10,C#,57358,25802,2.2230059685295713,7
2023-10,C++,54491,22214,2.4530026109660574,9
2023-10,Dart,68595,27378,2.505478851632698,6
2023-10,Go,77047,30373,2.536693774075659,4
2023-10,Haskell,14578,5498,2.6515096398690434,18
2023-10,Java,87026,29880,2.912516733601071,5
2023-10,JavaScript,258937,107892,2.3999647795944092,1
2023-10,Julia,32198,14107,2.2824129864606224,14
2023-10,Kotlin,39552,18754,2.1089900821158154,10
2023-10,Lua,17430,7135,2.4428871758934827,17
2023-10,PHP,19447,8383,2.3198139091017533,16
2023-10,Perl,2720,1073,2.5349487418452936,20
2023-10,Python,217247,87248,2.4899940399779936,2
2023-10,R,37740,17086,2.2088259393655623,11
2023-10,Ruby,4909,2058,2.3853255587949467,19
2023-10,Rust,51360,24397,2.1051768660081156,8
2023-10,Scala,24074,9164,2.6270187690964644,15
2023-10,Swift,34746,14866,2.337279698641195,13
2023-10,TypeScript,182128,70078,2.59893261794001,3
2023-11,C,40128,16333,2.456866466662585,10
2023-11,C#,60444,22816,2.649193548387097,8
2023-11,C++,52871,20886,2.5314085990615722,9
2023-11,Dart,69405,28298,2.4526468301646758,6
2023-11,Go,70936,28388,2.4988023108355644,5
2023-11,Haskell,12652,5152,2.455745341614907,18
2023-11,Java,92431,36881,2.5061956020715273,4
2023-11,JavaScript,262235,88775,2.9539284708532807,2
2023-11,Julia,33037,13238,2.495618673515637,13
2023-11,Kotlin,38597,16109,2.3959898193556395,11
2023-11,Lua,17496,6988,2.503720663995421,17
2023-11,PHP,19482,7452,2.6143317230273753,16
2023-11,Perl,2337,887,2.6347237880496053,20
2023-11,Python,237502,98679,2.406814013113226,1
2023-11,R,38618,14774,2.613916339515365,12
2023-11,Ruby,4244,1767,2.4018109790605546,19
2023-11,Rust,55584,24863,2.235611149097052,7
2023-11,Scala,22750,9088,2.503301056338028,15
2023-11,Swift,35955,13205,2.7228322605073836,14
2023-11,TypeScript,170807,66153,2.581999304642269,3
2023-12,C,41709,17931,2.3260833193909987,10
2023-12,C#,60084,24886,2.414369525034156,8
2023-12,C++,61929,24449,2.532987034234529,9
2023-12,Dart,67479,27523,2.4517312792936816,7
2023-12,Go,73129,29229,2.5019330117349208,5
2023-12,Haskell,13415,5231,2.564519212387689,18
2023-12,Java,96065,35477,2.7078106942526143,4
2023-12,JavaScript,260919,91996,2.836199399973912,2
2023-12,Julia,31537,11812,2.6699119539451406,14
2023-12,Kotlin,40204,16643,2.4156702517574957,11
2023-12,Lua,18941,8136,2.328048180924287,16
2023-12,PHP,19608,7430,2.6390309555854645,17
2023-12,Perl,2435,978,2.4897750511247443,20
2023-12,Python,228860,93037,2.459881552500618,1
2023-12,R,41571,16577,2.507751704168426,12
2023-12,Ruby,3656,1567,2.3331206126356094,19
2023-12,Rust,53787,27548,1.9524829388703353,6
2023-12,Scala,23718,9871,2.402796069293891,15
2023-12,Swift,38430,14944,2.571600642398287,13
2023-12,TypeScript,184663,72385,2.551122470125026,3
2024-01,C,43974,17472,2.516826923076923,11
2024-01,C#,69246,29742,2.3282227153520276,7
2024-01,C++,58290,26265,2.2193032552826955,8
2024-01,Dart,70430,30123,2.3380805364671513,5
2024-01,Go,79651,30090,2.647092057161848,6
2024-01,Haskell,13500,5514,2.4483133841131663,18
2024-01,Java,89690,34291,2.615555101921787,4
2024-01,JavaScript,266674,98112,2.7180569145466404,1
2024-01,Julia,32644,12136,2.689848384970336,14
2024-01,Kotlin,42653,17828,2.3924725151447164,10
2024-01,Lua,19105,8545,2.2358104154476304,16
2024-01,PHP,19399,8389,2.3124329479079746,17
2024-01,Perl,2000,876,2.2831050228310503,20
2024-01,Python,238472,87579,2.722935863620274,2
2024-01,R,40513,14393,2.814771069269784,13
2024-01,Ruby,3671,1519,2.4167215273206057,19
2024-01,Rust,52180,22341,2.335616131775659,9
2024-01,Scala,23318,8803,2.648869703510167,15
2024-01,Swift,41101,16678,2.464384218731263,12
2024-01,TypeScript,186078,80340,2.31613144137416,3
2024-02,C,42291,15731,2.6883859894475877,13
2024-02,C#,66321,29811,2.224715708966489,5
2024-02,C++,64287,25142,2.5569564871529713,9
2024-02,Dart,68378,29069,2.3522652998039146,6
2024-02,Go,72586,28981,2.5046064663055105,7
2024-02,Haskell,14746,5679,2.596583905617186,18
2024-02,Java,98683,42308,2.332490309161388,4
2024-02,JavaScript,275277,97453,2.8247155038839233,2
2024-02,Julia,33191,13269,2.5013942271459793,14
2024-02,Kotlin,41856,16139,2.5934692360121443,11
2024-02,Lua,18025,7313,2.464788732394366,17
2024-02,PHP,19202,8364,2.295791487326638,16
2024-02,Perl,1980,774,2.558139534883721,20
2024-02,Python,251562,102147,2.462744867690681,1
2024-02,R,44807,17549,2.5532508974870365,10
2024-02,Ruby,3327,1350,2.4644444444444447,19
2024-02,Rust,54595,27665,1.9734321344659316,8
2024-02,Scala,24870,9285,2.678513731825525,15
2024-02,Swift,37588,15797,2.379439134012787,12
2024-02,TypeScript,189772,87977,2.157063778032895,3
2024-03,C,46012,18468,2.4914446610353043,11
2024-03,C#,62245,27864,2.2338860178007467,7
2024-03,C++,62655,24072,2.6028165503489533,9
2024-03,Dart,69788,24825,2.8111983887210474,8
2024-03,Go,73916,30275,2.4414863748967797,5
2024-03,Haskell,15351,5988,2.563627254509018,18
2024-03,Java,97682,39058,2.500947309130012,4
2024-03,JavaScript,262836,96191,2.7324385857304736,2
2024-03,Julia,34269,13765,2.4895750090810025,14
2024-03,Kotlin,42661,18354,2.3243434673640624,12
2024-03,Lua,17940,7414,2.4197464256811436,17
2024-03,PHP,19713,7735,2.5485455720749837,16
2024-03,Perl,1825,796,2.292713567839196,20
2024-03,Python,266485,105792,2.518952283726558,1
2024-03,R,43959,19329,2.2742511252522117,10
2024-03,Ruby,3008,1271,2.3666404405979544,19
2024-03,Rust,63400,28698,2.2092131855878456,6
2024-03,Scala,24546,9014,2.723097404038163,15
2024-03,Swift,38135,14799,2.5768633015744307,13
2024-03,TypeScript,202296,83541,2.4215175781951377,3
2024-04,C,46221,18528,2.4946567357512954,10
2024-04,C#,66971,27019,2.478663162959399,8
2024-04,C++,59059,21216,2.783700980392157,9
2024-04,Dart,75660,28608,2.6447147651006713,6
2024-04,Go,81530,31404,2.596166093491275,5
2024-04,Haskell,15808,6686,2.3643434041280287,18
2024-04,Java,110115,44983,2.4479247715803747,4
2024-04,JavaScript,281237,102164,2.7527994205395245,2
2024-04,Julia,34324,13569,2.5295895054904562,14
2024-04,Kotlin,41794,16766,2.492783013241083,11
2024-04,Lua,18566,7545,2.460702451954937,16
2024-04,PHP,18380,7394,2.485799296727076,17
2024-04,Perl,1431,579,2.471502590673575,20
2024-04,Python,251781,111388,2.2603960929364026,1
2024-04,R,41513,15453,2.686403934511098,12
2024-04,Ruby,2471,1177,2.0994052676295665,19
2024-04,Rust,60573,28428,2.130751371886872,7
2024-04,Scala,24878,10677,2.330055258967875,15
2024-04,Swift,38763,14235,2.723076923076923,13
2024-04,TypeScript,193350,74249,2.6040754757639832,3
2024-05,C,45102,17048,2.645588925387142,11
2024-05,C#,65338,26737,2.443729663013801,8
2024-05,C++,62952,23885,2.63562905589282,9
2024-05,Dart,76942,30509,2.5219443442918483,6
2024-05,Go,77218,31407,2.4586238736587385,5
2024-05,Haskell,14692,5790,2.5374784110535407,18
2024-05,Java,100600,38406,2.6193823881685154,4
2024-05,JavaScript,290293,103796,2.796764807892404,2
2024-05,Julia,33293,13187,2.5246834003184957,14
2024-05,Kotlin,43509,18797,2.3146778741288503,10
2024-05,Lua,19355,7425,2.6067340067340066,16
2024-05,PHP,19474,7230,2.693499308437068,17
2024-05,Perl,1261,536,2.3526119402985075,20
2024-05,Python,251051,104589,2.4003575901863483,1
2024-05,R,40448,14878,2.7186449791638663,13
2024-05,Ruby,2258,864,2.613425925925926,19
2024-05,Rust,59549,28199,2.111741551118834,7
2024-05,Scala,24727,8558,2.8893433045104,15
2024-05,Swift,41271,15867,2.6010588012856872,12
2024-05,TypeScript,199376,81717,2.4398350404444606,3
2024-06,C,45381,15541,2.920082362782318,13
2024-06,C#,64789,22857,2.8345364658529117,9
2024-06,C++,64037,23826,2.687694115671955,8
2024-06,Dart,76686,31914,2.40289528106787,5
2024-06,Go,80538,30813,2.613766916561192,6
2024-06,Haskell,14797,5775,2.5622510822510822,18
2024-06,Java,105163,38518,2.730230022327224,4
2024-06,JavaScript,272937,108996,2.5041010679290983,1
2024-06,Julia,35932,14492,2.4794369307203974,14
2024-06,Kotlin,45175,18697,2.416163020805477,10
2024-06,Lua,19625,8187,2.3970929522413584,16
2024-06,PHP,18924,6964,2.717403790924756,17
2024-06,Perl,1096,495,2.214141414141414,20
2024-06,Python,253555,101670,2.493901839283958,2
2024-06,R,42491,17688,2.4022501130710086,11
2024-06,Ruby,2018,799,2.525657071339174,19
2024-06,Rust,65531,29175,2.2461353898886034,7
2024-06,Scala,25358,9906,2.5598627094690087,15
2024-06,Swift,41029,16306,2.5161903593769166,12
2024-06,TypeScript,187830,76115,2.4677133285160613,3
2024-07,C,46779,17598,2.658199795431299,12
2024-07,C#,64378,28407,2.266272397648467,8
2024-07,C++,64977,25015,2.5975214871077354,9
2024-07,Dart,78123,33152,2.356509411196911,6
2024-07,Go,81115,33312,2.4350084053794427,5
2024-07,Haskell,15949,6428,2.481176104542626,18
2024-07,Java,97545,38031,2.5648812810601878,4
2024-07,JavaScript,269990,102881,2.62429408734363,2
2024-07,Julia,32991,13738,2.401441257825011,14
2024-07,Kotlin,46314,16821,2.7533440342429105,13
2024-07,Lua,20230,8219,2.4613699963499207,16
2024-07,PHP,18512,7114,2.60219285915097,17
2024-07,Perl,879,350,2.5114285714285716,20
2024-07,Python,241310,103619,2.3288200040533105,1
2024-07,R,41950,17949,2.337177558638364,11
2024-07,Ruby,1443,578,2.4965397923875434,19
2024-07,Rust,64693,30873,2.095455576069705,7
2024-07,Scala,22903,9158,2.50087355317755,15
2024-07,Swift,40541,19539,2.0748758892471466,10
2024-07,TypeScript,200412,85199,2.352281130060212,3
2024-08,C,43042,17364,2.4788067265607,11
2024-08,C#,62636,25744,2.433032939714108,8
2024-08,C++,56858,22524,2.524329603977979,9
2024-08,Dart,69448,27154,2.557560580393312,7
2024-08,Go,82212,33622,2.445184700493724,5
2024-08,Haskell,14478,6011,2.4085842621859923,18
2024-08,Java,96775,36198,2.6734902480800042,4
2024-08,JavaScript,292043,115157,2.5360420990473873,1
2024-08,Julia,34429,14218,2.421507947671965,14
2024-08,Kotlin,42125,17530,2.4030233884768966,10
2024-08,Lua,18150,6766,2.6825302985515815,17
2024-08,PHP,17466,6816,2.5625,16
2024-08,Perl,609,247,2.465587044534413,20
2024-08,Python,244850,108362,2.259555932891604,2
2024-08,R,43988,16802,2.6180216640876086,12
2024-08,Ruby,1047,398,2.630653266331658,19
2024-08,Rust,63929,29834,2.1428236240530936,6
2024-08,Scala,23951,8685,2.7577432354634426,15
2024-08,Swift,38790,15480,2.505813953488372,13
2024-08,TypeScript,192069,91129,2.107660569083387,3
2024-09,C,44883,18077,2.4828787962604415,12
2024-09,C#,61898,22816,2.712920757363254,9
2024-09,C++,62315,24352,2.5589273981603156,8
2024-09,Dart,66008,26982,2.4463716551775256,7
2024-09,Go,74411,28881,2.5764689588310654,6
2024-09,Haskell,15093,6103,2.4730460429297065,18
2024-09,Java,102891,39896,2.5789803489071588,4
2024-09,JavaScript,285840,96384,2.9656374501992033,2
2024-09,Julia,34772,14182,2.4518403610210124,14
2024-09,Kotlin,44943,18711,2.4019560686227353,10
2024-09,Lua,20309,8085,2.5119356833642548,16
2024-09,PHP,16750,6997,2.3938830927540375,17
2024-09,Perl,372,147,2.5306122448979593,20
2024-09,Python,236555,98095,2.4114888628370457,1
2024-09,R,41848,18198,2.299593361907902,11
2024-09,Ruby,634,257,2.4669260700389106,19
2024-09,Rust,60916,30158,2.0198952185158165,5
2024-09,Scala,23516,9669,2.4321025959251217,15
2024-09,Swift,38412,15058,2.550936379333245,13
2024-09,TypeScript,200014,89427,2.236617576347188,3
2024-10,C,43308,17769,2.4372784062130677,10
2024-10,C#,61093,24581,2.485374883039746,8
2024-10,C++,57908,24207,2.3922006031313257,9
2024-10,Dart,71291,30696,2.322485014334115,5
2024-10,Go,76094,29023,2.6218516349102434,7
2024-10,Haskell,14431,5820,2.479553264604811,18
2024-10,Java,99021,33378,2.966654682725148,4
2024-10,JavaScript,296385,117220,2.5284507763180346,1
2024-10,Julia,34296,14053,2.4404753433430586,14
2024-10,Kotlin,40850,16510,2.474258025439128,11
2024-10,Lua,19933,8292,2.403883260974433,16
2024-10,PHP,15604,6342,2.4604225796278776,17
2024-10,Perl,156,60,2.6,20
2024-10,Python,252103,90196,2.795057430484722,3
2024-10,R,40078,14319,2.798938473357078,13
2024-10,Ruby,256,103,2.4854368932038833,19
2024-10,Rust,58507,29799,1.963388033155475,6
2024-10,Scala,23589,10469,2.25322380361066,15
2024-10,Swift,40472,15703,2.577341909189327,12
2024-10,TypeScript,190594,95581,1.9940573963444617,2
2024-11,C,44975,18368,2.448551829268293,10
2024-11,C#,62115,26459,2.3475943913224233,8
2024-11,C++,60220,24089,2.4998962181908757,9
2024-11,Dart,69779,27606,2.5276751430848368,7
2024-11,Go,75995,29003,2.6202461814295073,5
2024-11,Haskell,14472,5944,2.4347240915208612,18
2024-11,Java,91536,38120,2.401259181532004,4
2024-11,JavaScript,310864,115898,2.6822205732626965,1
2024-11,Julia,34435,13570,2.5375829034635227,14
2024-11,Kotlin,43599,16276,2.678729417547309,13
2024-11,Lua,18734,8047,2.328072573629924,16
2024-11,PHP,14515,5981,2.426851697040629,17
2024-11,Python,253576,91866,2.7602812792545666,2
2024-11,R,41416,17614,2.3513114567957305,11
2024-11,Rust,65903,28345,2.325030869641912,6
2024-11,Scala,25143,10552,2.382771038665656,15
2024-11,Swift,40046,16417,2.4393007248583785,12
2024-11,TypeScript,184144,69690,2.6423303199885204,3
2024-12,C,40758,16609,2.4539707387560963,11
2024-12,C#,63489,23324,2.7220459612416397,8
2024-12,C++,59305,22997,2.578814627994956,9
2024-12,Dart,75218,30349,2.478434215295397,7
2024-12,Go,85397,32856,2.599129534940346,5
2024-12,Haskell,16230,6306,2.5737392959086582,17
2024-12,Java,106066,37598,2.8210543113995423,4
2024-12,JavaScript,274006,103421,2.6494232312586417,2
2024-12,Julia,37307,15340,2.432007822685789,14
2024-12,Kotlin,42309,17306,2.444759043106437,10
2024-12,Lua,19939,8006,2.4905071196602546,16
2024-12,PHP,15722,6166,2.549789166396367,18
2024-12,Python,255747,111449,2.2947446814237904,1
2024-12,R,41113,15873,2.59012159012159,13
2024-12,Rust,67786,32314,2.09772853871387,6
2024-12,Scala,24808,10422,2.3803492611782766,15
2024-12,Swift,41800,16049,2.6045236463331047,12
2024-12,TypeScript,210490,92187,2.2832937398982502,3
