month,language,push_events,unique_actors,month_total,share,share_pct
2011-01,C#,5597,2360,74997,0.07462965185274077,7.4629651852740775
2011-01,C++,4947,1935,74997,0.06596263850554022,6.596263850554022
2011-01,Java,16114,6034,74997,0.21486192781044575,21.486192781044576
2011-01,JavaScript,17370,6181,74997,0.23160926437057483,23.160926437057483
2011-01,PHP,10508,3992,74997,0.14011227115751296,14.011227115751296
2011-01,Python,11859,4443,74997,0.15812632505300211,15.812632505300211
2011-01,Ruby,8602,3650,74997,0.11469792125018334,11.469792125018333
2011-02,C#,6413,2473,80139,0.08002345923957124,8.002345923957124
2011-02,C++,5486,2055,80139,0.06845605759992014,6.845605759992014
2011-02,Java,16243,6555,80139,0.2026853342317723,20.268533423177228
2011-02,JavaScript,18194,6642,80139,0.22703053444639937,22.703053444639938
2011-02,PHP,11309,4763,80139,0.14111730867617514,14.111730867617513
2011-02,Python,13059,5389,80139,0.16295436678770636,16.295436678770635
2011-02,Ruby,9435,3799,80139,0.11773293901845544,11.773293901845545
2011-03,C#,6681,2724,85959,0.07772310054793564,7.772310054793564
2011-03,C++,6000,2469,85959,0.06980071894740515,6.980071894740515
2011-03,Java,18263,7668,85959,0.2124617550227434,21.24617550227434
2011-03,JavaScript,18758,6597,85959,0.21822031433590433,21.822031433590432
2011-03,PHP,12155,4943,85959,0.14140462313428495,14.140462313428495
2011-03,Python,14273,5500,85959,0.16604427692271898,16.604427692271898
2011-03,Ruby,9829,4088,85959,0.11434521108900755,11.434521108900755
2011-04,C#,7130,3018,91674,0.07777559613412745,7.777559613412745
2011-04,C++,6299,2446,91674,0.06871086676702227,6.871086676702228
2011-04,Java,19341,7959,91674,0.2109758492047909,21.09758492047909
2011-04,JavaScript,21780,7859,91674,0.23758099352051837,23.758099352051836
2011-04,PHP,12614,4844,91674,0.13759626502607064,13.759626502607064
2011-04,Python,14052,6086,91674,0.1532822828719157,15.32822828719157
2011-04,Ruby,10458,4147,91674,0.11407814647555468,11.407814647555469
2011-05,C#,8040,3235,96953,0.08292677895475127,8.292677895475126
2011-05,C++,6642,2726,96953,0.06850742112157437,6.8507421121574374
2011-05,Java,20728,7677,96953,0.21379431270821944,21.379431270821943
2011-05,JavaScript,22228,7739,96953,0.22926572669231482,22.926572669231483
2011-05,PHP,12573,5595,96953,0.12968139201468754,12.968139201468754
2011-05,Python,15919,6201,96953,0.16419295947520965,16.419295947520965
2011-05,Ruby,10823,4350,96953,0.11163140903324291,11.16314090332429
2011-06,C#,8206,3199,101706,0.08068353882760113,8.068353882760112
2011-06,C++,7216,2845,101706,0.07094959982695219,7.094959982695219
2011-06,Java,20801,8885,101706,0.2045208738914125,20.452087389141248
2011-06,JavaScript,23262,8461,101706,0.22871806973039938,22.871806973039938
2011-06,PHP,14486,6344,101706,0.14243014178121252,14.243014178121252
2011-06,Python,16174,6159,101706,0.15902699939039977,15.902699939039977
2011-06,Ruby,11561,4795,101706,0.1136707765520225,11.36707765520225
2011-07,C#,9112,3859,106083,0.08589500674000547,8.589500674000547
2011-07,C++,7264,2975,106083,0.06847468491652763,6.847468491652762
2011-07,Java,21809,8709,106083,0.20558430662782914,20.558430662782914
2011-07,JavaScript,25118,8318,106083,0.23677686339941367,23.677686339941367
2011-07,PHP,14142,5449,106083,0.1333107095387574,13.33107095387574
2011-07,Python,16876,7268,106083,0.15908298219318837,15.908298219318837
2011-07,Ruby,11762,5128,106083,0.11087544658427835,11.087544658427834
2011-08,C#,9372,3523,110430,0.08486824232545503,8.486824232545503
2011-08,C++,8407,3331,110430,0.07612967490718102,7.612967490718102
2011-08,Java,21891,8488,110430,0.1982341754957892,19.82341754957892
2011-08,JavaScript,26578,9708,110430,0.2406773521687947,24.06773521687947
2011-08,PHP,14230,6069,110430,0.12885991125599927,12.885991125599928
2011-08,Python,17444,7243,110430,0.15796432128950466,15.796432128950466
2011-08,Ruby,12508,5051,110430,0.1132663225572761,11.32663225572761
2011-09,C#,9591,3749,115199,0.08325593104106807,8.325593104106806
2011-09,C++,8499,3431,115199,0.07377668208925425,7.377668208925425
2011-09,Java,23876,8714,115199,0.20725874356548235,20.725874356548236
2011-09,JavaScript,26553,9075,115199,0.2304967925068794,23.04967925068794
2011-09,PHP,14981,6237,115199,0.13004453163655935,13.004453163655935
2011-09,Python,19404,8206,115199,0.1684389621437686,16.843896214376862
2011-09,Ruby,12295,4930,115199,0.10672835701698799,10.6728357016988
2011-10,C#,9806,3879,120812,0.08116743369863921,8.116743369863922
2011-10,C++,8906,3844,120812,0.07371784259841738,7.371784259841737
2011-10,Java,23240,8210,120812,0.19236499685461708,19.23649968546171
2011-10,JavaScript,29542,9960,120812,0.24452868920305929,24.452868920305928
2011-10,PHP,16098,5858,120812,0.1332483528126345,13.32483528126345
2011-10,Python,20162,7862,120812,0.16688739529185842,16.688739529185842
2011-10,Ruby,13058,5690,120812,0.1080852895407741,10.80852895407741
2011-11,C#,9739,3907,127529,0.0763669439892103,7.636694398921031
2011-11,C++,8470,3568,127529,0.06641626610418022,6.641626610418022
2011-11,Java,25161,10975,127529,0.19729630123344494,19.729630123344492
2011-11,JavaScript,32411,11519,127529,0.25414611578542917,25.414611578542917
2011-11,PHP,16661,7035,127529,0.13064479451732547,13.064479451732547
2011-11,Python,21616,8324,127529,0.16949870225595748,16.94987022559575
2011-11,Ruby,13471,5813,127529,0.1056308761144524,10.56308761144524
2011-12,C#,10641,4233,135351,0.07861781590087993,7.861781590087993
2011-12,C++,9285,3663,135351,0.06859941928762994,6.859941928762995
2011-12,Java,25885,10620,135351,0.19124350762092635,19.124350762092636
2011-12,JavaScript,31640,11155,135351,0.23376258764249988,23.37625876424999
2011-12,PHP,18740,6737,135351,0.1384548322509623,13.845483225096231
2011-12,Python,24297,9616,135351,0.17951104905024715,17.951104905024714
2011-12,Ruby,14863,5165,135351,0.10981078824685447,10.981078824685447
2012-01,C#,12064,5291,143980,0.08378941519655508,8.378941519655509
2012-01,C++,10898,3865,143980,0.07569106820391722,7.569106820391721
2012-01,Java,28332,12126,143980,0.19677733018474788,19.67773301847479
2012-01,JavaScript,33829,12677,143980,0.23495624392276704,23.495624392276703
2012-01,PHP,17850,7642,143980,0.12397555216002222,12.397555216002223
2012-01,Python,25511,10262,143980,0.17718433115710516,17.718433115710518
2012-01,Ruby,15496,6717,143980,0.1076260591748854,10.76260591748854
2012-02,C#,11991,4730,152891,0.07842842286334709,7.842842286334709
2012-02,C++,11094,4590,152891,0.07256149806070991,7.256149806070991
2012-02,Java,28489,11128,152891,0.18633536310181764,18.633536310181764
2012-02,JavaScript,37263,14366,152891,0.24372265208547267,24.372265208547265
2012-02,PHP,19796,7464,152891,0.12947786331438738,12.947786331438738
2012-02,Python,28714,11652,152891,0.18780699975799753,18.780699975799752
2012-02,Ruby,15544,6046,152891,0.1016672008162678,10.16672008162678
2012-03,C#,12315,5501,161448,0.07627843020663,7.627843020663
2012-03,C++,11256,4265,161448,0.06971904266389178,6.971904266389179
2012-03,Go,1087,423,161448,0.00673281799712601,0.6732817997126009
2012-03,Java,32023,11984,161448,0.19834869431643626,19.834869431643625
2012-03,JavaScript,37334,12533,161448,0.23124473514692037,23.12447351469204
2012-03,PHP,21685,8926,161448,0.13431569297854418,13.431569297854418
2012-03,Python,27611,10872,161448,0.17102100986076013,17.102100986076014
2012-03,Ruby,18137,7772,161448,0.1123395768296913,11.23395768296913
2012-04,C#,13559,5973,169084,0.08019091102647205,8.019091102647206
2012-04,C++,12078,4593,169084,0.07143195098294339,7.143195098294338
2012-04,Go,1825,744,169084,0.01079345177544889,1.079345177544889
2012-04,Java,34007,11894,169084,0.20112488467270706,20.112488467270705
2012-04,JavaScript,40706,16048,169084,0.24074424546379314,24.074424546379312
2012-04,PHP,21536,9195,169084,0.12736864517044783,12.736864517044783
2012-04,Python,29271,11482,169084,0.17311513803789833,17.311513803789833
2012-04,Ruby,16102,6464,169084,0.09523077287028932,9.523077287028931
2012-05,C#,14412,5831,175473,0.0821322938571746,8.21322938571746
2012-05,C++,12234,4572,175473,0.06972012788292216,6.972012788292216
2012-05,Go,2367,905,175473,0.013489254757142124,1.3489254757142124
2012-05,Java,35161,12939,175473,0.20037840579462368,20.03784057946237
2012-05,JavaScript,40248,13650,175473,0.2293686208134585,22.93686208134585
2012-05,PHP,22281,8538,175473,0.12697679984954952,12.697679984954952
2012-05,Python,30737,13230,175473,0.17516654983957647,17.516654983957647
2012-05,Ruby,18033,6502,175473,0.10276794720555299,10.2767947205553
2012-06,C#,15700,6167,180635,0.08691560328839926,8.691560328839925
2012-06,C++,13210,5261,180635,0.07313089932737288,7.313089932737288
2012-06,Go,2762,1078,180635,0.015290502947933679,1.529050294793368
2012-06,Java,35003,15513,180635,0.19377750712763306,19.377750712763305
2012-06,JavaScript,41637,14003,180635,0.23050350153624713,23.050350153624713
2012-06,PHP,22946,10475,180635,0.12702964541755474,12.702964541755474
2012-06,Python,31279,12070,180635,0.17316134746865225,17.316134746865224
2012-06,Ruby,18098,6599,180635,0.10019099288620699,10.0190992886207
2012-07,C#,15010,5868,184961,0.08115224290526112,8.115224290526111
2012-07,C++,13287,5014,184961,0.07183676558842134,7.183676558842134
2012-07,Go,3201,1367,184961,0.01730635106860365,1.7306351068603651
2012-07,Java,34242,13286,184961,0.18513091949113597,18.513091949113598
2012-07,JavaScript,43836,16414,184961,0.23700131379047476,23.700131379047477
2012-07,PHP,23743,8721,184961,0.1283676018187618,12.83676018187618
2012-07,Python,32333,13048,184961,0.17480982477387125,17.480982477387126
2012-07,Ruby,19309,7781,184961,0.10439498056347014,10.439498056347015
2012-08,C#,15050,5581,189134,0.07957321264288811,7.957321264288811
2012-08,C++,13749,6084,189134,0.07269449173601784,7.269449173601784
2012-08,Go,3878,1677,189134,0.020503981304260472,2.0503981304260472
2012-08,Java,37211,14223,189134,0.1967441073524591,19.67441073524591
2012-08,JavaScript,44733,14711,189134,0.23651485190394111,23.651485190394112
2012-08,PHP,23549,9890,189134,0.12450960694534034,12.450960694534034
2012-08,Python,31444,12932,189134,0.16625249822876903,16.625249822876903
2012-08,Ruby,19520,8637,189134,0.10320724988632399,10.3207249886324
2012-09,C#,13875,5485,193951,0.07153868760666354,7.153868760666354
2012-09,C++,13218,5039,193951,0.06815123407458584,6.815123407458584
2012-09,Go,4113,1685,193951,0.02120638718026718,2.120638718026718
2012-09,Java,37642,14629,193951,0.19407994802811018,19.407994802811018
2012-09,JavaScript,47720,16572,193951,0.24604152595243128,24.60415259524313
2012-09,PHP,23937,9729,193951,0.12341777046779857,12.341777046779857
2012-09,Python,34096,14240,193951,0.1757969796494991,17.57969796494991
2012-09,Ruby,19350,7505,193951,0.09976746704064429,9.976746704064428
2012-10,C#,15031,6234,200100,0.07511744127936032,7.511744127936032
2012-10,C++,12622,5541,200100,0.0630784607696152,6.307846076961519
2012-10,Go,4663,1970,200100,0.02330334832583708,2.3303348325837083
2012-10,Java,36003,13774,200100,0.17992503748125938,17.992503748125937
2012-10,JavaScript,48971,17554,200100,0.24473263368315842,24.47326336831584
2012-10,PHP,24139,9211,200100,0.12063468265867067,12.063468265867067
2012-10,Python,36768,13602,200100,0.1837481259370315,18.374812593703147
2012-10,Ruby,20445,8357,200100,0.10217391304347827,10.217391304347826
2012-10,TypeScript,1458,641,200100,0.007286356821589205,0.7286356821589205
2012-11,C#,16261,6026,207956,0.07819442574390736,7.819442574390736
2012-11,C++,13850,5656,207956,0.06660062705572332,6.660062705572332
2012-11,Go,4798,2105,207956,0.023072188347535057,2.3072188347535056
2012-11,Java,39676,14976,207956,0.19079035949912482,19.07903594991248
2012-11,JavaScript,52577,18356,207956,0.25282752120640906,25.282752120640907
2012-11,PHP,23874,9743,207956,0.114803131431649,11.4803131431649
2012-11,Python,34143,13814,207956,0.16418376964357845,16.418376964357844
2012-11,Ruby,20544,7723,207956,0.09879012868106715,9.879012868106715
2012-11,TypeScript,2233,909,207956,0.01073784839100579,1.0737848391005789
2012-12,C#,17575,7535,217458,0.08082020436130195,8.082020436130195
2012-12,C++,15499,6375,217458,0.0712735332799897,7.12735332799897
2012-12,Go,5616,2286,217458,0.02582567668239384,2.5825676682393843
2012-12,Java,39679,16801,217458,0.18246741899585206,18.246741899585206
2012-12,JavaScript,51996,18262,217458,0.23910824159147973,23.91082415914797
2012-12,PHP,26011,9756,217458,0.11961390245472689,11.961390245472689
2012-12,Python,37676,15863,217458,0.1732564449226977,17.32564449226977
2012-12,Ruby,20234,7250,217458,0.09304785291872454,9.304785291872454
2012-12,TypeScript,3172,1518,217458,0.014586724792833558,1.4586724792833559
2013-01,C#,17793,7190,228079,0.07801244305701095,7.801244305701095
2013-01,C++,15970,6701,228079,0.0700195984724591,7.00195984724591
2013-01,Go,6324,2465,228079,0.02772723486160497,2.7727234861604972
2013-01,Java,42733,15902,228079,0.18736051981988697,18.736051981988698
2013-01,JavaScript,51681,17141,228079,0.22659254030401746,22.659254030401748
2013-01,PHP,25780,9916,228079,0.11303101118472109,11.303101118472108
2013-01,Python,41003,16311,228079,0.17977542868918225,17.977542868918224
2013-01,Ruby,22687,9563,228079,0.09946992050999873,9.946992050999873
2013-01,TypeScript,4108,1717,228079,0.01801130310111847,1.801130310111847
2013-02,C#,18072,6312,238970,0.07562455538352095,7.562455538352094
2013-02,C++,16823,6558,238970,0.0703979579026656,7.03979579026656
2013-02,Go,6442,2666,238970,0.026957358664267482,2.695735866426748
2013-02,Java,44525,20658,238970,0.1863204586349751,18.63204586349751
2013-02,JavaScript,57882,21500,238970,0.24221450391262503,24.221450391262504
2013-02,PHP,25641,11316,238970,0.10729798719504541,10.72979871950454
2013-02,Python,42401,18640,238970,0.17743231367954138,17.743231367954138
2013-02,Ruby,22075,8590,238970,0.09237561200150647,9.237561200150648
2013-02,TypeScript,5109,2203,238970,0.021379252625852618,2.1379252625852616
2013-03,C#,19127,7590,249149,0.07676932277472516,7.676932277472516
2013-03,C++,17192,6771,249149,0.06900288582334266,6.900288582334266
2013-03,Go,7205,2634,249149,0.02891843836419171,2.891843836419171
2013-03,Java,46218,18241,249149,0.18550345375658742,18.550345375658743
2013-03,JavaScript,56463,20374,249149,0.22662342614258937,22.662342614258936
2013-03,PHP,30246,12822,249149,0.12139723619199756,12.139723619199756
2013-03,Python,42975,15854,249149,0.17248714624582076,17.248714624582075
2013-03,Ruby,23697,9689,249149,0.09511176043251227,9.511176043251227
2013-03,TypeScript,6026,2301,249149,0.024186330268233067,2.4186330268233065
2013-04,C#,19776,7588,257793,0.07671271136144116,7.6712711361441155
2013-04,C++,18763,7218,257793,0.07278320202643206,7.278320202643205
2013-04,Go,7436,2907,257793,0.028844848386108235,2.8844848386108235
2013-04,Java,46493,17674,257793,0.18035012587618748,18.03501258761875
2013-04,JavaScript,60390,21864,257793,0.23425771840197368,23.425771840197367
2013-04,PHP,28026,11014,257793,0.10871513190815887,10.871513190815888
2013-04,Python,46344,18716,257793,0.17977214276570738,17.977214276570738
2013-04,Ruby,23478,9087,257793,0.09107307025404103,9.107307025404102
2013-04,TypeScript,7087,3151,257793,0.027491049019950115,2.7491049019950116
2013-05,C#,19224,7603,264469,0.07268904862195569,7.268904862195569
2013-05,C++,16864,7387,264469,0.06376550748859035,6.376550748859035
2013-05,Go,8061,3237,264469,0.030479942828838164,3.0479942828838165
2013-05,Java,48209,19267,264469,0.18228601461797034,18.228601461797034
2013-05,JavaScript,66705,22915,264469,0.2522223776699727,25.222237766997267
2013-05,PHP,29743,12576,264469,0.11246308641088369,11.246308641088369
2013-05,Python,44738,18068,264469,0.16916160306122835,16.916160306122833
2013-05,Ruby,23682,9326,264469,0.08954546657642294,8.954546657642295
2013-05,TypeScript,7243,2917,264469,0.0273869527241378,2.7386952724137803
2013-06,C#,20439,8822,269278,0.07590297016466255,7.590297016466255
2013-06,C++,18470,7279,269278,0.06859082435252788,6.8590824352527875
2013-06,Go,8046,2901,269278,0.029879901068783934,2.987990106878393
2013-06,Java,52710,20001,269278,0.19574566061839438,19.574566061839437
2013-06,JavaScript,64567,24610,269278,0.2397782217633821,23.977822176338208
2013-06,PHP,29553,12805,269278,0.10974903259828132,10.974903259828132
2013-06,Python,43637,18378,269278,0.16205185718848178,16.205185718848178
2013-06,Ruby,23111,10261,269278,0.08582580084522315,8.582580084522315
2013-06,TypeScript,8745,3310,269278,0.03247573140026293,3.247573140026293
2013-07,C#,19405,7653,272867,0.07111523196282438,7.1115231962824375
2013-07,C++,18688,8173,272867,0.06848757819743685,6.848757819743685
2013-07,Go,9003,3507,272867,0.03299409602480329,3.299409602480329
2013-07,Java,51749,19304,272867,0.1896491697420355,18.96491697420355
2013-07,JavaScript,64295,22424,272867,0.23562761345270772,23.562761345270772
2013-07,PHP,29175,12642,272867,0.10692022120666846,10.692022120666845
2013-07,Python,45972,20457,272867,0.16847768326693957,16.847768326693956
2013-07,Ruby,25452,10698,272867,0.09327621148764782,9.327621148764782
2013-07,TypeScript,9128,4066,272867,0.0334521946589364,3.3452194658936403
2013-08,C#,20422,8372,276259,0.07392338349157855,7.392338349157855
2013-08,C++,18250,8259,276259,0.06606119619632302,6.6061196196323015
2013-08,Go,9588,3908,276259,0.034706561596183294,3.470656159618329
2013-08,Java,48514,17072,276259,0.17561056834347477,17.561056834347475
2013-08,JavaScript,67762,25629,276259,0.24528431652905425,24.528431652905425
2013-08,PHP,30266,12245,276259,0.10955661173029657,10.955661173029657
2013-08,Python,47833,22371,276259,0.1731454902826695,17.314549028266953
2013-08,Ruby,23358,9506,276259,0.08455109154814866,8.455109154814867
2013-08,TypeScript,10266,3689,276259,0.03716078028227135,3.716078028227135
2013-09,C#,21657,9277,280624,0.07717443981983009,7.717443981983009
2013-09,C++,20049,7746,280624,0.07144435258566623,7.144435258566623
2013-09,Go,9991,3921,280624,0.0356027994754547,3.56027994754547
2013-09,Java,51287,19925,280624,0.18276056217572267,18.27605621757227
2013-09,JavaScript,64180,23411,280624,0.22870460117452535,22.870460117452534
2013-09,PHP,29876,11824,280624,0.1064627401790296,10.64627401790296
2013-09,Python,49882,17961,280624,0.17775386282000114,17.775386282000113
2013-09,Ruby,23801,10044,280624,0.08481455613204858,8.481455613204858
2013-09,TypeScript,9901,3735,280624,0.03528208563772165,3.528208563772165
2013-10,C#,21047,8016,286914,0.07335647615661836,7.335647615661836
2013-10,C++,18921,7413,286914,0.06594659026746691,6.594659026746691
2013-10,Go,10568,3698,286914,0.036833336818698284,3.6833336818698283
2013-10,Java,48597,19494,286914,0.1693782805997616,16.93782805997616
2013-10,JavaScript,73067,25042,286914,0.25466516098900716,25.466516098900716
2013-10,PHP,29201,11414,286914,0.1017761419798267,10.17761419798267
2013-10,Python,50659,19937,286914,0.17656510313194895,17.656510313194897
2013-10,Ruby,23253,9072,286914,0.08104519124197494,8.104519124197495
2013-10,TypeScript,11601,5267,286914,0.04043371881469709,4.043371881469708
2013-11,C#,21147,8875,295610,0.07153682216433815,7.153682216433816
2013-11,C++,18736,8706,295610,0.06338080579141436,6.338080579141437
2013-11,Go,10587,4494,295610,0.03581407936132066,3.581407936132066
2013-11,Java,52827,23351,295610,0.17870505057339062,17.870505057339063
2013-11,JavaScript,68221,24689,295610,0.23078042014816819,23.07804201481682
2013-11,PHP,32760,13264,295610,0.11082169074117926,11.082169074117926
2013-11,Python,53198,20129,295610,0.17996008254118603,17.996008254118603
2013-11,Ruby,25342,10725,295610,0.08572781705625655,8.572781705625655
2013-11,TypeScript,12792,5620,295610,0.04327323162274618,4.327323162274618
2013-12,C#,23572,10404,306575,0.07688820027725679,7.688820027725679
2013-12,C++,19299,7414,306575,0.06295033841637446,6.295033841637446
2013-12,Go,11404,4659,306575,0.037198075511701865,3.7198075511701867
2013-12,Java,51877,20198,306575,0.1692147109190247,16.921471091902472
2013-12,JavaScript,74744,28261,306575,0.2438033107722417,24.38033107722417
2013-12,PHP,31996,12872,306575,0.1043659789611025,10.43659789611025
2013-12,Python,53852,21556,306575,0.17565685395090924,17.565685395090924
2013-12,Ruby,26183,11157,306575,0.0854048764576368,8.54048764576368
2013-12,TypeScript,13648,6154,306575,0.04451765473375194,4.451765473375194
2014-01,C#,25358,9674,319022,0.07948668116932374,7.948668116932374
2014-01,C++,21591,9566,319022,0.06767871808213853,6.767871808213853
2014-01,Go,13510,6246,319022,0.04234817661477892,4.234817661477892
2014-01,Java,53998,20580,319022,0.16926105409658268,16.92610540965827
2014-01,JavaScript,78663,28379,319022,0.24657547128411206,24.657547128411206
2014-01,PHP,32546,12152,319022,0.10201804264282714,10.201804264282714
2014-01,Python,52680,20726,319022,0.16512967757709499,16.5129677577095
2014-01,Ruby,25749,9715,319022,0.08071230197290469,8.071230197290468
2014-01,TypeScript,14927,5931,319022,0.046789876560237226,4.678987656023723
2014-02,C#,26592,10243,331736,0.08016012733016616,8.016012733016616
2014-02,C++,22639,8821,331736,0.06824402536957098,6.824402536957098
2014-02,Go,13908,5175,331736,0.041924904140641955,4.192490414064196
2014-02,Java,59602,24210,331736,0.17966696409192853,17.966696409192853
2014-02,JavaScript,74386,24247,331736,0.22423252224660573,22.423252224660573
2014-02,PHP,34979,13396,331736,0.10544227940289869,10.544227940289868
2014-02,Python,55276,20699,331736,0.1666264740637133,16.66264740637133
2014-02,Ruby,26708,10290,331736,0.08050980297586033,8.050980297586033
2014-02,TypeScript,17646,6979,331736,0.05319290037861432,5.319290037861432
2014-03,C#,24480,10622,343372,0.07129294176578171,7.129294176578171
2014-03,C++,21349,8565,343372,0.062174551215591255,6.217455121559126
2014-03,Go,15839,6366,343372,0.0461278147315448,4.61278147315448
2014-03,Java,55837,20994,343372,0.16261372505620728,16.261372505620727
2014-03,JavaScript,80380,28398,343372,0.23409014130447445,23.409014130447446
2014-03,PHP,36944,14025,343372,0.10759176636417646,10.759176636417646
2014-03,Python,60647,25962,343372,0.17662185617930407,17.662185617930408
2014-03,Ruby,29713,10728,343372,0.08653297298556667,8.653297298556668
2014-03,TypeScript,18183,7547,343372,0.05295423039735331,5.295423039735331
2014-04,C#,24878,10482,352827,0.07051047680591338,7.0510476805913385
2014-04,C++,23170,9912,352827,0.06566957744163571,6.56695774416357
2014-04,Go,15438,6050,352827,0.0437551547925754,4.3755154792575395
2014-04,Java,62122,22558,352827,0.1760692917492142,17.606929174921422
2014-04,JavaScript,81730,27711,352827,0.23164326993115605,23.164326993115605
2014-04,PHP,36594,13588,352827,0.10371655230467056,10.371655230467056
2014-04,Python,62239,23407,352827,0.17640089902416764,17.640089902416765
2014-04,Ruby,27066,10585,352827,0.07671181627256417,7.671181627256416
2014-04,TypeScript,19590,8142,352827,0.05552296167810287,5.552296167810287
2014-05,C#,26570,9783,359559,0.07389607825141353,7.389607825141353
2014-05,C++,23387,10055,359559,0.0650435672587809,6.50435672587809
2014-05,Go,16306,7471,359559,0.04534999819222993,4.534999819222993
2014-05,Java,59487,24489,359559,0.16544433597824001,16.544433597824
2014-05,JavaScript,87299,30775,359559,0.2427946456631596,24.27946456631596
2014-05,PHP,35157,14038,359559,0.09777811151994527,9.777811151994527
2014-05,Python,61817,24328,359559,0.17192449639697518,17.192449639697518
2014-05,Ruby,28791,12964,359559,0.08007308953467998,8.007308953467998
2014-05,TypeScript,20745,8911,359559,0.05769567720457561,5.769567720457561
2014-06,C#,26899,9735,363764,0.07394629485050747,7.394629485050746
2014-06,C++,25139,10112,363764,0.06910799309442386,6.910799309442386
2014-06,Go,16618,6595,363764,0.045683465103748586,4.568346510374859
2014-06,Java,65539,22711,363764,0.18016901067725227,18.01690106772523
2014-06,JavaScript,85012,27640,363764,0.23370097095919332,23.37009709591933
2014-06,PHP,34578,11615,363764,0.09505613529651093,9.505613529651093
2014-06,Python,62141,25367,363764,0.1708277894459045,17.082778944590448
2014-06,Ruby,27887,10915,363764,0.07666234151812713,7.666234151812714
2014-06,TypeScript,19951,8294,363764,0.05484599905433193,5.484599905433193
2014-07,C#,25738,10243,366354,0.07025445334294153,7.025445334294153
2014-07,C++,24198,10099,366354,0.06605086883178565,6.605086883178565
2014-07,Go,17927,6830,366354,0.04893354515031909,4.893354515031909
2014-07,Java,63920,26815,366354,0.17447605321628806,17.447605321628807
2014-07,JavaScript,88072,30369,366354,0.24040136043280544,24.040136043280544
2014-07,PHP,35031,14363,366354,0.09562062922746851,9.562062922746852
2014-07,Python,60503,25716,366354,0.16514900888211947,16.514900888211947
2014-07,Ruby,28088,12219,366354,0.07666901412295211,7.6669014122952115
2014-07,TypeScript,22877,9567,366354,0.062445066793320125,6.244506679332012
2014-08,C#,27664,11842,368730,0.07502508610636509,7.502508610636509
2014-08,C++,23903,9398,368730,0.06482521085889405,6.482521085889405
2014-08,Go,17701,6588,368730,0.0480053155425379,4.800531554253791
2014-08,Java,63335,26028,368730,0.17176524828465273,17.176524828465272
2014-08,JavaScript,85935,30324,368730,0.2330567081604426,23.30567081604426
2014-08,PHP,35640,16773,368730,0.09665608982182085,9.665608982182086
2014-08,Python,64332,24348,368730,0.1744691237490847,17.446912374908468
2014-08,Ruby,26076,10707,368730,0.07071841184606623,7.0718411846066225
2014-08,TypeScript,24144,10855,368730,0.06547880563013588,6.547880563013588
2014-09,C#,27338,9732,372431,0.07340420104663682,7.340420104663682
2014-09,C++,23917,9697,372431,0.06421860693658692,6.421860693658692
2014-09,Go,21089,9135,372431,0.05662525407390899,5.662525407390899
2014-09,Java,62016,21850,372431,0.1665167507538309,16.65167507538309
2014-09,JavaScript,83926,29809,372431,0.22534644001170687,22.534644001170687
2014-09,PHP,34917,14930,372431,0.09375427931616863,9.375427931616862
2014-09,Python,64278,25940,372431,0.17259035901952308,17.25903590195231
2014-09,Ruby,27701,11034,372431,0.07437887823516302,7.437887823516302
2014-09,Swift,642,268,372431,0.0017238092425174059,0.1723809242517406
2014-09,TypeScript,26607,11534,372431,0.07144142136395736,7.144142136395735
2014-10,C#,27600,10772,378699,0.07288110082149675,7.288110082149675
2014-10,C++,24822,10069,378699,0.0655454595866374,6.5545459586637405
2014-10,Go,20787,8277,378699,0.05489055952088598,5.489055952088598
2014-10,Java,59670,20702,378699,0.15756577123256202,15.756577123256202
2014-10,JavaScript,88221,32502,378699,0.23295810128888642,23.295810128888643
2014-10,PHP,32367,12607,378699,0.08546893443077484,8.546893443077485
2014-10,Python,66649,26928,378699,0.17599465538593975,17.599465538593975
2014-10,Ruby,28878,11547,378699,0.07625581266388345,7.6255812663883455
2014-10,Swift,958,358,378699,0.002529713571992532,0.25297135719925323
2014-10,TypeScript,28747,12106,378699,0.07590989149694084,7.590989149694084
2014-11,C#,26303,13469,388131,0.06776835656002742,6.776835656002741
2014-11,C++,24483,10922,388131,0.06307921809904388,6.3079218099043874
2014-11,Go,21952,8549,388131,0.05655822389863216,5.655822389863216
2014-11,Java,62816,29075,388131,0.1618422645962317,16.18422645962317
2014-11,JavaScript,92620,33721,388131,0.2386307715693928,23.86307715693928
2014-11,PHP,36234,15580,388131,0.09335507856883372,9.335507856883373
2014-11,Python,67011,26274,388131,0.17265047110382833,17.265047110382834
2014-11,Ruby,27511,10697,388131,0.07088070780226263,7.088070780226263
2014-11,Swift,1320,551,388131,0.0034009136090649805,0.34009136090649805
2014-11,TypeScript,27881,11345,388131,0.07183399419268237,7.183399419268237
2014-12,C#,27470,11058,400488,0.06859131859131859,6.859131859131859
2014-12,C++,25895,10221,400488,0.06465861648788478,6.4658616487884775
2014-12,Go,22615,8723,400488,0.05646860829787659,5.646860829787659
2014-12,Java,68866,26434,400488,0.17195521463814148,17.19552146381415
2014-12,JavaScript,93249,34682,400488,0.2328384371067298,23.28384371067298
2014-12,PHP,35611,15193,400488,0.08891901879706758,8.891901879706758
2014-12,Python,67047,25409,400488,0.16741325582788996,16.741325582788996
2014-12,Ruby,26709,11365,400488,0.06669113681308804,6.669113681308804
2014-12,Swift,1681,630,400488,0.004197379197379197,0.41973791973791974
2014-12,TypeScript,31345,13295,400488,0.078267014242624,7.8267014242624
2015-01,C#,27091,10044,414712,0.06532485194544647,6.532485194544647
2015-01,C++,26246,10567,414712,0.06328729335056618,6.328729335056618
2015-01,Go,25471,9977,414712,0.061418526591948144,6.141852659194814
2015-01,Java,68443,24254,414712,0.1650374235614113,16.503742356141128
2015-01,JavaScript,91975,33720,414712,0.22178041628889447,22.178041628889446
2015-01,PHP,38938,15462,414712,0.09389166457686297,9.389166457686297
2015-01,Python,69023,26238,414712,0.16643598449044156,16.643598449044156
2015-01,Ruby,29895,11432,414712,0.07208617064372384,7.208617064372384
2015-01,Swift,2171,861,414712,0.005234958236077085,0.5234958236077084
2015-01,TypeScript,35459,13284,414712,0.08550271031462799,8.550271031462799
2015-02,C#,30181,12860,429207,0.07031805166271753,7.031805166271752
2015-02,C++,26678,10637,429207,0.06215648859408164,6.215648859408164
2015-02,Go,25737,10466,429207,0.059964073279326756,5.996407327932675
2015-02,Java,66770,28391,429207,0.15556596234450976,15.556596234450975
2015-02,JavaScript,98320,32595,429207,0.22907361715908642,22.907361715908642
2015-02,PHP,37916,14622,429207,0.0883396589524402,8.83396589524402
2015-02,Python,74227,30610,429207,0.17293986351573948,17.29398635157395
2015-02,Ruby,30652,12513,429207,0.071415424259157,7.1415424259157
2015-02,Swift,2512,984,429207,0.005852653847677228,0.5852653847677228
2015-02,TypeScript,36214,16143,429207,0.08437420638526398,8.437420638526397
2015-03,C#,29985,12409,442238,0.06780285728499134,6.780285728499134
2015-03,C++,25324,9662,442238,0.057263283571289667,5.726328357128967
2015-03,Go,26206,10072,442238,0.0592576847760708,5.925768477607081
2015-03,Java,72757,27985,442238,0.16452000958759763,16.452000958759765
2015-03,JavaScript,99593,34667,442238,0.22520226665279783,22.520226665279782
2015-03,PHP,41038,15508,442238,0.09279618666871685,9.279618666871684
2015-03,Python,77668,32083,442238,0.17562488976523954,17.562488976523955
2015-03,Ruby,30530,12954,442238,0.06903522537638104,6.903522537638104
2015-03,Swift,3069,1178,442238,0.006939702151330279,0.6939702151330279
2015-03,TypeScript,36068,14155,442238,0.08155789416558505,8.155789416558505
2015-04,C#,32314,12589,452418,0.07142509802881405,7.142509802881405
2015-04,C++,27625,11152,452418,0.06106078891644453,6.106078891644453
2015-04,Go,27570,10143,452418,0.06093921992493667,6.093921992493668
2015-04,Java,71017,26681,452418,0.15697209218024039,15.697209218024039
2015-04,JavaScript,103073,34121,452418,0.22782692112161762,22.78269211216176
2015-04,PHP,40033,14994,452418,0.08848675340061625,8.848675340061625
2015-04,Python,76423,30296,452418,0.1689212188728123,16.89212188728123
2015-04,Ruby,29832,12268,452418,0.06593902099385966,6.593902099385966
2015-04,Swift,3469,1443,452418,0.007667687846195333,0.7667687846195332
2015-04,TypeScript,41062,16983,452418,0.09076119871446317,9.076119871446316
2015-05,C#,31639,12771,459092,0.06891646990145767,6.891646990145767
2015-05,C++,28512,11116,459092,0.06210519895794307,6.210519895794307
2015-05,Go,25939,10337,459092,0.05650065782021904,5.650065782021904
2015-05,Java,74705,26535,459092,0.16272337570683001,16.272337570683
2015-05,JavaScript,103663,32179,459092,0.22580005750481386,22.580005750481387
2015-05,PHP,37492,15373,459092,0.08166554851750847,8.166554851750847
2015-05,Python,75342,31236,459092,0.16411089716222457,16.411089716222456
2015-05,Ruby,30780,12230,459092,0.06704538523868854,6.704538523868854
2015-05,Rust,770,407,459092,0.0016772237372901292,0.1677223737290129
2015-05,Swift,4309,1899,459092,0.00938591829088723,0.938591829088723
2015-05,TypeScript,45941,18854,459092,0.10006926716213743,10.006926716213743
2015-06,C#,32257,13812,462551,0.06973717492773769,6.973717492773769
2015-06,C++,28400,10901,462551,0.06139863496133399,6.139863496133399
2015-06,Go,26018,11328,462551,0.056248932550140414,5.624893255014041
2015-06,Java,70053,26044,462551,0.15144924559670178,15.144924559670178
2015-06,JavaScript,106174,35754,462551,0.22954009395720687,22.954009395720686
2015-06,PHP,41392,15355,462551,0.08948634853237805,8.948634853237806
2015-06,Python,76520,29520,462551,0.1654304065930027,16.54304065930027
2015-06,Ruby,31718,13322,462551,0.0685718980177321,6.85718980177321
2015-06,Rust,1254,563,462551,0.00271105240287017,0.27110524028701705
2015-06,Swift,4650,1707,462551,0.01005294551303532,1.005294551303532
2015-06,TypeScript,44115,17803,462551,0.09537326694786089,9.537326694786088
2015-07,C#,31955,12857,463988,0.06887031561161064,6.887031561161064
2015-07,C++,29976,12168,463988,0.0646051190979077,6.46051190979077
2015-07,Go,26944,12329,463988,0.058070467339672575,5.807046733967257
2015-07,Java,71963,28116,463988,0.155096683534919,15.5096683534919
2015-07,JavaScript,105476,38152,463988,0.22732484460805022,22.732484460805022
2015-07,PHP,37718,15329,463988,0.08129089545419278,8.129089545419278
2015-07,Python,75728,30629,463988,0.1632111175289016,16.32111175289016
2015-07,Ruby,30872,13048,463988,0.06653620352250489,6.653620352250488
2015-07,Rust,1745,873,463988,0.0037608731260291212,0.3760873126029121
2015-07,Swift,4777,1764,463988,0.010295524884264249,1.0295524884264249
2015-07,TypeScript,46834,17569,463988,0.10093795529194721,10.093795529194722
2015-08,C#,31191,12340,465200,0.06704858125537404,6.704858125537403
2015-08,C++,28097,10625,465200,0.06039767841788478,6.0397678417884775
2015-08,Go,28989,11408,465200,0.06231513327601032,6.231513327601032
2015-08,Java,71198,25863,465200,0.1530481513327601,15.304815133276009
2015-08,JavaScript,105050,36590,465200,0.22581685296646603,22.581685296646604
2015-08,PHP,35383,13584,465200,0.0760597592433362,7.60597592433362
2015-08,Python,82962,33967,465200,0.17833619948409285,17.833619948409286
2015-08,Ruby,27008,11179,465200,0.05805674978503869,5.805674978503869
2015-08,Rust,2100,992,465200,0.0045141874462596735,0.45141874462596737
2015-08,Swift,5399,2159,465200,0.011605760963026655,1.1605760963026654
2015-08,TypeScript,47823,18720,465200,0.10280094582975065,10.280094582975066
2015-09,C#,31615,13451,468116,0.06753667894282614,6.753667894282614
2015-09,C++,28498,11457,468116,0.06087807295627579,6.087807295627579
2015-09,Go,26369,11667,468116,0.05633005494364644,5.633005494364644
2015-09,Java,68551,29627,468116,0.14644019858325713,14.644019858325713
2015-09,JavaScript,115574,42096,468116,0.24689179605055156,24.689179605055156
2015-09,PHP,37856,15008,468116,0.0808688444744465,8.08688444744465
2015-09,Python,74304,31922,468116,0.15872988746379102,15.872988746379102
2015-09,Ruby,28983,12148,468116,0.06191414093942527,6.1914140939425275
2015-09,Rust,2959,1373,468116,0.006321082808534636,0.6321082808534636
2015-09,Swift,5727,2234,468116,0.01223414709174649,1.223414709174649
2015-09,TypeScript,47680,20012,468116,0.10185509574549897,10.185509574549897
2015-10,C#,31713,13694,474275,0.06686626956934268,6.686626956934267
2015-10,C++,27013,11441,474275,0.05695640714775183,5.695640714775183
2015-10,Go,27641,10151,474275,0.058280533445785675,5.828053344578567
2015-10,Java,69438,24026,474275,0.14640872911285646,14.640872911285646
2015-10,JavaScript,102326,37054,474275,0.21575246428759687,21.575246428759687
2015-10,PHP,39698,17247,474275,0.08370249327921564,8.370249327921563
2015-10,Python,85207,32614,474275,0.17965737177797692,17.965737177797692
2015-10,Ruby,30085,12849,474275,0.06343366190501291,6.343366190501292
2015-10,Rust,3119,1538,474275,0.0065763533814769915,0.6576353381476991
2015-10,Swift,6463,2521,474275,0.013627115070370566,1.3627115070370566
2015-10,TypeScript,51572,19142,474275,0.10873860102261346,10.873860102261347
2015-11,C#,31128,11534,484384,0.06426306401532668,6.426306401532668
2015-11,C++,31918,12801,484384,0.06589400145339235,6.589400145339234
2015-11,Go,29054,10786,484384,0.05998133712096188,5.998133712096188
2015-11,Java,71005,31382,484384,0.1465882440377882,14.65882440377882
2015-11,JavaScript,108840,41969,484384,0.22469776045451542,22.469776045451543
2015-11,PHP,38600,14747,484384,0.07968884191055031,7.968884191055031
2015-11,Python,82629,37079,484384,0.17058573363282023,17.058573363282022
2015-11,Ruby,31062,12125,484384,0.06412680848252626,6.412680848252626
2015-11,Rust,3656,1860,484384,0.007547730726035542,0.7547730726035542
2015-11,Swift,6094,2363,484384,0.012580927528572372,1.2580927528572372
2015-11,TypeScript,50398,22694,484384,0.10404555063751074,10.404555063751074
2015-12,C#,31924,11598,498103,0.06409116186812767,6.409116186812767
2015-12,C++,28347,11711,498103,0.05690991622214683,5.690991622214683
2015-12,Go,27891,10498,498103,0.055994442916424914,5.599444291642492
2015-12,Java,75672,27107,498103,0.15192038594427257,15.192038594427256
2015-12,JavaScript,113230,39142,498103,0.22732246141862225,22.732246141862227
2015-12,PHP,40301,16529,498103,0.08090896862697072,8.090896862697072
2015-12,Python,84601,30957,498103,0.16984639723109476,16.984639723109478
2015-12,Ruby,30282,12063,498103,0.0607946549207694,6.07946549207694
2015-12,Rust,4097,2240,498103,0.00822520643320759,0.822520643320759
2015-12,Swift,7506,3033,498103,0.015069172440238265,1.5069172440238265
2015-12,TypeScript,54252,24114,498103,0.108917231978125,10.8917231978125
2016-01,C#,34129,13746,514094,0.06638669192793535,6.638669192793535
2016-01,C++,29917,12598,514094,0.05819363773940174,5.819363773940174
2016-01,Go,29544,11366,514094,0.05746808949336114,5.746808949336113
2016-01,Java,81408,32139,514094,0.15835236357553287,15.835236357553287
2016-01,JavaScript,106103,37697,514094,0.20638832587036612,20.638832587036614
2016-01,PHP,40848,15777,514094,0.07945628620446844,7.945628620446844
2016-01,Python,93216,35587,514094,0.1813209257450972,18.13209257450972
2016-01,Ruby,31937,12295,514094,0.06212288025147152,6.212288025147152
2016-01,Rust,5236,2246,514094,0.01018490781841453,1.018490781841453
2016-01,Swift,8399,3090,514094,0.016337479138056464,1.6337479138056463
2016-01,TypeScript,53357,22301,514094,0.1037884122358946,10.378841223589461
2016-02,C#,33863,12091,530360,0.06384908364130025,6.384908364130025
2016-02,C++,33934,12933,530360,0.06398295497397993,6.398295497397993
2016-02,Go,31592,12509,530360,0.05956708650727807,5.9567086507278075
2016-02,Java,76923,32037,530360,0.14503921864393995,14.503921864393995
2016-02,JavaScript,113956,40567,530360,0.21486537446262916,21.486537446262915
2016-02,Kotlin,812,319,530360,0.0015310355230409532,0.15310355230409534
2016-02,PHP,43776,17934,530360,0.08254016139980391,8.254016139980392
2016-02,Python,93333,36780,530360,0.17598046609849913,17.598046609849913
2016-02,Ruby,31284,12852,530360,0.05898634889509013,5.898634889509013
2016-02,Rust,5088,2857,530360,0.009593483671468436,0.9593483671468437
2016-02,Swift,9074,3454,530360,0.017109133418809864,1.7109133418809863
2016-02,TypeScript,56725,23669,530360,0.10695565276416019,10.69556527641602
2016-03,C#,36952,15404,544763,0.06783133215728675,6.783133215728674
2016-03,C++,31162,12169,544763,0.057202857022228014,5.720285702222801
2016-03,Go,33809,13079,544763,0.06206185074977559,6.206185074977559
2016-03,Java,79931,32988,544763,0.14672619102251805,14.672619102251804
2016-03,JavaScript,115423,48429,544763,0.21187745863797652,21.18774586379765
2016-03,Kotlin,1398,613,544763,0.0025662535818328338,0.25662535818328336
2016-03,PHP,43412,17578,544763,0.07968969992455435,7.968969992455436
2016-03,Python,94528,38616,544763,0.1735213294588656,17.35213294588656
2016-03,Ruby,34183,12316,544763,0.06274838783103845,6.274838783103845
2016-03,Rust,5847,2711,544763,0.01073310779182874,1.073310779182874
2016-03,Swift,10342,3861,544763,0.01898440239149869,1.898440239149869
2016-03,TypeScript,57776,22920,544763,0.10605712943059642,10.605712943059642
2016-04,C#,37471,14578,555620,0.06743997696267233,6.7439976962672326
2016-04,C++,35435,13635,555620,0.0637756020301645,6.37756020301645
2016-04,Go,33476,11517,555620,0.06024981102192146,6.024981102192146
2016-04,Java,83909,31523,555620,0.15101868183290737,15.101868183290737
2016-04,JavaScript,120597,41138,555620,0.21704942226701704,21.704942226701704
2016-04,Kotlin,1844,718,555620,0.003318815017457975,0.3318815017457975
2016-04,PHP,43331,18203,555620,0.07798675353658975,7.798675353658975
2016-04,Python,94810,37319,555620,0.1706382059681077,17.063820596810768
2016-04,Ruby,30932,12533,555620,0.055671142147510885,5.567114214751088
2016-04,Rust,7283,3365,555620,0.013107879485979626,1.3107879485979625
2016-04,Swift,9960,4114,555620,0.017925920593211186,1.7925920593211186
2016-04,TypeScript,56572,21117,555620,0.10181778913646017,10.181778913646017
2016-05,C#,38013,15557,562161,0.06761941863629814,6.761941863629814
2016-05,C++,33416,12669,562161,0.059442045961921944,5.944204596192194
2016-05,Go,32238,14391,562161,0.0573465608606787,5.73465608606787
2016-05,Java,83501,32894,562161,0.1485357397613851,14.85357397613851
2016-05,JavaScript,118732,43276,562161,0.21120639816707312,21.120639816707314
2016-05,Kotlin,2679,1149,562161,0.0047655386979886544,0.47655386979886544
2016-05,PHP,40232,16467,562161,0.0715666864118998,7.15666864118998
2016-05,Python,104358,43053,562161,0.18563721069231057,18.563721069231057
2016-05,Ruby,32810,12478,562161,0.05836406296416863,5.836406296416863
2016-05,Rust,7658,3551,562161,0.013622432007912324,1.3622432007912324
2016-05,Swift,10930,4049,562161,0.0194428286558477,1.9442828655847701
2016-05,TypeScript,57594,24384,562161,0.10245107718251532,10.245107718251532
2016-06,C#,37041,16556,564779,0.06558494561589577,6.558494561589577
2016-06,C++,31195,12407,564779,0.055233994181795004,5.5233994181795
2016-06,Go,32362,12042,564779,0.05730028913964577,5.730028913964577
2016-06,Java,76630,30022,564779,0.13568139041996957,13.568139041996957
2016-06,JavaScript,130765,43823,564779,0.2315330421279828,23.153304212798282
2016-06,Kotlin,3026,1261,564779,0.0053578479369806595,0.535784793698066
2016-06,PHP,42528,16674,564779,0.07530025018635608,7.530025018635608
2016-06,Python,98243,47461,564779,0.17394945633601816,17.394945633601814
2016-06,Ruby,31935,13664,564779,0.05654424119876979,5.654424119876979
2016-06,Rust,8155,4155,564779,0.014439276247877489,1.4439276247877488
2016-06,Swift,11809,4338,564779,0.02090906354520972,2.090906354520972
2016-06,TypeScript,61090,25718,564779,0.10816620306349918,10.816620306349918
2016-07,C#,37758,15111,564960,0.06683305012744264,6.683305012744264
2016-07,C++,33284,12915,564960,0.05891390540923251,5.891390540923251
2016-07,Go,33652,13807,564960,0.05956527895780232,5.956527895780233
2016-07,Java,75898,28766,564960,0.13434225431888983,13.434225431888983
2016-07,JavaScript,124493,45889,564960,0.22035719342962334,22.035719342962334
2016-07,Kotlin,3535,1306,564960,0.006257080147267063,0.6257080147267063
2016-07,PHP,43659,19277,564960,0.07727803738317757,7.727803738317757
2016-07,Python,97908,37596,564960,0.17330076465590485,17.330076465590487
2016-07,Ruby,29714,10483,564960,0.05259487397337865,5.259487397337865
2016-07,Rust,8692,3797,564960,0.015385160011328235,1.5385160011328236
2016-07,Swift,11511,4852,564960,0.020374893797790995,2.0374893797790996
2016-07,TypeScript,64856,25965,564960,0.11479750778816199,11.479750778816198
2016-08,C#,34922,14736,564902,0.06181957224438929,6.181957224438929
2016-08,C++,31710,14064,564902,0.05613363025799165,5.613363025799165
2016-08,Go,32159,12683,564902,0.05692845838747252,5.692845838747252
2016-08,Java,80839,31585,564902,0.1431026974590283,14.31026974590283
2016-08,JavaScript,134147,46286,564902,0.23746950798545588,23.746950798545587
2016-08,Kotlin,4062,1756,564902,0.00719062775490262,0.719062775490262
2016-08,PHP,39828,16363,564902,0.0705042644564898,7.05042644564898
2016-08,Python,96641,37001,564902,0.17107569100481146,17.107569100481147
2016-08,Ruby,31448,12642,564902,0.05566983299758188,5.5669832997581885
2016-08,Rust,8699,5250,564902,0.01539913117673508,1.539913117673508
2016-08,Swift,12141,4550,564902,0.021492223429904655,2.1492223429904653
2016-08,TypeScript,58306,25791,564902,0.10321436284523687,10.321436284523687
2016-09,C#,36057,12674,566949,0.0635983130757793,6.35983130757793
2016-09,C++,33304,13249,566949,0.05874249712055229,5.874249712055229
2016-09,Go,36121,13050,566949,0.06371119800899198,6.371119800899199
2016-09,Java,75473,26762,566949,0.13312132131814325,13.312132131814325
2016-09,JavaScript,123672,44418,566949,0.21813602281686711,21.813602281686713
2016-09,Kotlin,4532,1910,566949,0.007993664333123438,0.7993664333123438
2016-09,PHP,40081,15156,566949,0.07069595325152703,7.069595325152703
2016-09,Python,98431,40328,566949,0.17361526345403203,17.361526345403202
2016-09,Ruby,32253,12630,566949,0.05688871485795018,5.688871485795018
2016-09,Rust,9694,4868,566949,0.01709853972755927,1.709853972755927
2016-09,Swift,12832,4995,566949,0.022633429109143857,2.263342910914386
2016-09,TypeScript,64499,27067,566949,0.11376508292633024,11.376508292633023
2016-10,C#,34826,13564,572938,0.06078493658999752,6.0784936589997525
2016-10,C++,31260,12095,572938,0.05456087744223633,5.456087744223633
2016-10,Go,33959,13490,572938,0.05927168384711784,5.927168384711784
2016-10,Java,76986,30292,572938,0.1343705601653233,13.437056016532331
2016-10,JavaScript,134457,43172,572938,0.23467984319420251,23.46798431942025
2016-10,Kotlin,5186,1970,572938,0.00905159022442219,0.9051590224422189
2016-10,PHP,41187,15740,572938,0.07188735953977568,7.188735953977568
2016-10,Python,100347,43984,572938,0.175144605524507,17.5144605524507
2016-10,Ruby,32063,12576,572938,0.05596242525369237,5.596242525369237
2016-10,Rust,9818,4962,572938,0.017136234636208454,1.7136234636208454
2016-10,Swift,13260,5780,572938,0.023143865479336334,2.3143865479336334
2016-10,TypeScript,59589,22436,572938,0.10400601810318044,10.400601810318044
2016-11,C#,36283,14699,583692,0.062161208308491464,6.216120830849146
2016-11,C++,32568,12648,583692,0.05579655023539812,5.579655023539812
2016-11,Go,33937,15539,583692,0.058141965283060246,5.814196528306025
2016-11,Java,79864,28535,583692,0.13682558609677706,13.682558609677706
2016-11,JavaScript,131689,48503,583692,0.2256138511406701,22.561385114067008
2016-11,Kotlin,6000,2390,583692,0.010279393926934067,1.0279393926934066
2016-11,PHP,42083,15031,583692,0.07209795577119439,7.209795577119439
2016-11,Python,103150,42866,583692,0.17671991392720818,17.671991392720816
2016-11,Ruby,29405,11792,583692,0.05037759640358271,5.037759640358272
2016-11,Rust,10981,5180,583692,0.0188130041186105,1.8813004118610501
2016-11,Swift,13404,5190,583692,0.022964166032770707,2.2964166032770708
2016-11,TypeScript,64328,26261,583692,0.11020880875530245,11.020880875530246
2016-12,C#,37493,17200,598766,0.06261711586830247,6.2617115868302475
2016-12,C++,37361,14410,598766,0.062396662469144874,6.239666246914488
2016-12,Go,35472,13731,598766,0.059241840719078905,5.924184071907891
2016-12,Java,79546,28615,598766,0.1328498946165948,13.28498946165948
2016-12,JavaScript,138901,50761,598766,0.23197876966962053,23.197876966962053
2016-12,Kotlin,6559,2341,598766,0.010954195796020482,1.0954195796020483
2016-12,PHP,40863,15436,598766,0.06824535795285637,6.824535795285637
2016-12,Python,98889,37150,598766,0.16515466810072715,16.515466810072716
2016-12,Ruby,29305,11508,598766,0.048942324714496145,4.894232471449614
2016-12,Rust,11280,5858,598766,0.01883874501892225,1.883874501892225
2016-12,Swift,15076,6398,598766,0.025178450346212043,2.5178450346212045
2016-12,TypeScript,68021,28647,598766,0.11360197472802397,11.360197472802398
2017-01,C#,38296,15872,616524,0.06211599224036696,6.2115992240366955
2017-01,C++,36969,15119,616524,0.05996360239017459,5.996360239017459
2017-01,Go,36466,15898,616524,0.05914773796316121,5.914773796316121
2017-01,Java,82390,34838,616524,0.1336363223491705,13.36363223491705
2017-01,JavaScript,137644,47748,616524,0.22325813755831078,22.325813755831078
2017-01,Kotlin,6710,2559,616524,0.010883599016421096,1.0883599016421097
2017-01,PHP,45298,18947,616524,0.07347321434364275,7.347321434364275
2017-01,Python,100662,39331,616524,0.16327344920878992,16.327344920878993
2017-01,Ruby,31367,13038,616524,0.05087717590880485,5.087717590880485
2017-01,Rust,13155,5937,616524,0.021337368861552835,2.1337368861552837
2017-01,Swift,15338,6189,616524,0.02487818803485347,2.487818803485347
2017-01,TypeScript,72229,31522,616524,0.11715521212475102,11.715521212475103
2017-02,C#,39056,15594,634560,0.06154815935451336,6.154815935451336
2017-02,C++,36665,13813,634560,0.05778019415027736,5.778019415027736
2017-02,Go,36094,16649,634560,0.056880358043368634,5.688035804336863
2017-02,Java,86787,36435,634560,0.13676720877458395,13.676720877458395
2017-02,JavaScript,137213,48124,634560,0.21623329551185072,21.623329551185073
2017-02,Kotlin,8143,3153,634560,0.012832513867876955,1.2832513867876956
2017-02,PHP,45865,17123,634560,0.07227842914775592,7.227842914775592
2017-02,Python,113101,45275,634560,0.17823531265758952,17.82353126575895
2017-02,Ruby,32879,12884,634560,0.05181385526979324,5.181385526979324
2017-02,Rust,13687,6589,634560,0.021569276348966212,2.156927634896621
2017-02,Swift,17048,7119,634560,0.026865859808371154,2.6865859808371155
2017-02,TypeScript,68022,30770,634560,0.10719553706505296,10.719553706505296
2017-03,C#,40497,16252,650328,0.062271653688600215,6.227165368860021
2017-03,C++,38429,14393,650328,0.05909171987058838,5.909171987058838
2017-03,Go,37032,13768,650328,0.05694357308927187,5.694357308927187
2017-03,Java,84679,29851,650328,0.13020967880823214,13.020967880823214
2017-03,JavaScript,144034,50571,650328,0.2214790075162072,22.147900751620718
2017-03,Kotlin,9191,3567,650328,0.014132868337208301,1.4132868337208302
2017-03,PHP,45385,18500,650328,0.06978786089481,6.978786089481
2017-03,Python,108706,42868,650328,0.16715565068703792,16.715565068703793
2017-03,Ruby,31668,13848,650328,0.048695427538103846,4.869542753810385
2017-03,Rust,15383,6677,650328,0.02365421756405998,2.3654217564059983
2017-03,Swift,18788,7428,650328,0.028890037027469215,2.8890037027469213
2017-03,TypeScript,76536,34169,650328,0.11768830497841089,11.768830497841089
2017-04,C#,41482,16403,661829,0.06267782161253134,6.267782161253134
2017-04,C++,38706,14497,661829,0.05848338468093722,5.848338468093722
2017-04,Go,37426,17420,661829,0.05654935036089383,5.654935036089383
2017-04,Java,92451,34060,661829,0.1396901616580718,13.96901616580718
2017-04,JavaScript,142125,49235,661829,0.21474580291888085,21.474580291888085
2017-04,Kotlin,9656,4167,661829,0.01458987140182736,1.4589871401827361
2017-04,PHP,49921,19528,661829,0.07542884944600493,7.542884944600494
2017-04,Python,111757,44578,661829,0.1688608386758513,16.886083867585132
2017-04,Ruby,33278,12151,661829,0.0502818703925032,5.02818703925032
2017-04,Rust,15195,6718,661829,0.022959102728952643,2.2959102728952643
2017-04,Swift,18182,7654,661829,0.02747235313049141,2.747235313049141
2017-04,TypeScript,71650,27810,661829,0.1082605929930541,10.82605929930541
2017-05,C#,39083,15802,668184,0.05849137363360991,5.849137363360991
2017-05,C++,40393,16859,668184,0.060451911449540846,6.045191144954084
2017-05,Go,38718,15972,668184,0.05794511691390396,5.794511691390396
2017-05,Java,92760,35923,668184,0.13882403649294206,13.882403649294206
2017-05,JavaScript,146777,56974,668184,0.2196655412281647,21.96655412281647
2017-05,Kotlin,9300,3773,668184,0.013918321899357064,1.3918321899357065
2017-05,PHP,41649,16140,668184,0.06233163320283036,6.233163320283036
2017-05,Python,113796,45372,668184,0.17030638267303616,17.030638267303615
2017-05,Ruby,32121,11936,668184,0.04807208792787616,4.807208792787616
2017-05,Rust,17538,8587,668184,0.026247261233432708,2.6247261233432706
2017-05,Swift,19956,8810,668184,0.029866024927265544,2.986602492726554
2017-05,TypeScript,76093,29545,668184,0.11388030841804055,11.388030841804055
2017-06,C#,45918,18219,669892,0.06854537746382999,6.8545377463829995
2017-06,C++,36865,14358,669892,0.0550312587700704,5.50312587700704
2017-06,Go,38358,15555,669892,0.05725997623497519,5.725997623497519
2017-06,Java,93414,36114,669892,0.13944635851749237,13.944635851749238
2017-06,JavaScript,149083,52451,669892,0.2225478136774286,22.254781367742858
2017-06,Kotlin,10930,4571,669892,0.01631606288774907,1.6316062887749072
2017-06,PHP,45476,17171,669892,0.06788556961420647,6.788556961420647
2017-06,Python,105500,44046,669892,0.1574880727042568,15.74880727042568
2017-06,Ruby,34113,15109,669892,0.0509231338782968,5.09231338782968
2017-06,Rust,17367,8060,669892,0.025925074489619223,2.592507448961922
2017-06,Swift,19876,8086,669892,0.02967045434189392,2.9670454341893917
2017-06,TypeScript,72992,33788,669892,0.10896084742018117,10.896084742018116
2017-07,C#,41485,17071,668737,0.06203485077093088,6.203485077093088
2017-07,C++,40167,14063,668737,0.060063971337012904,6.006397133701291
2017-07,Go,38581,17228,668737,0.057692336449157146,5.769233644915714
2017-07,Java,89864,37247,668737,0.13437868698756014,13.437868698756015
2017-07,JavaScript,142521,54969,668737,0.21311965690548004,21.311965690548003
2017-07,Kotlin,11474,4550,668737,0.01715771671075475,1.715771671075475
2017-07,PHP,43492,18659,668737,0.06503603060695011,6.503603060695011
2017-07,Python,111347,46007,668737,0.16650342361795445,16.650342361795445
2017-07,Ruby,32248,12743,668737,0.0482222458156196,4.82222458156196
2017-07,Rust,19693,9720,668737,0.02944804908357097,2.944804908357097
2017-07,Swift,19555,9090,668737,0.029241689931916434,2.9241689931916435
2017-07,TypeScript,78310,31813,668737,0.1171013417830926,11.71013417830926
2017-08,C#,42596,16031,667336,0.06382991476557537,6.382991476557537
2017-08,C++,37287,16280,667336,0.05587440210029131,5.587440210029131
2017-08,Go,37267,15524,667336,0.05584443219008116,5.584443219008116
2017-08,Java,86152,32015,667336,0.12909838522123787,12.909838522123787
2017-08,JavaScript,148096,54598,667336,0.2219211911241114,22.19211911241114
2017-08,Kotlin,11454,4855,667336,0.01716376757735234,1.716376757735234
2017-08,PHP,42796,16033,667336,0.06412961386767685,6.412961386767685
2017-08,Python,121559,50215,667336,0.1821556157617752,18.21556157617752
2017-08,Ruby,27675,9924,667336,0.041470863253293695,4.1470863253293695
2017-08,Rust,18992,8981,667336,0.0284594267355575,2.84594267355575
2017-08,Swift,20237,8360,667336,0.030325053646139275,3.0325053646139275
2017-08,TypeScript,73225,33295,667336,0.10972733375690806,10.972733375690806
2017-09,C#,41093,15800,668449,0.06147514619664327,6.147514619664327
2017-09,C++,35916,15066,668449,0.05373035190418416,5.373035190418416
2017-09,Go,38242,15845,668449,0.05721004893417449,5.721004893417449
2017-09,Java,88318,33003,668449,0.13212376710863508,13.212376710863508
2017-09,JavaScript,149949,54691,668449,0.22432377039983603,22.432377039983603
2017-09,Kotlin,12365,5187,668449,0.01849804547542146,1.849804547542146
2017-09,PHP,39875,16434,668449,0.05965301765729323,5.965301765729323
2017-09,Python,116044,42638,668449,0.17360187538615512,17.360187538615513
2017-09,Ruby,31563,12391,668449,0.047218261976605544,4.721826197660555
2017-09,Rust,20028,8965,668449,0.02996189686872147,2.996189686872147
2017-09,Swift,20568,8544,668449,0.030769737107842185,3.0769737107842183
2017-09,TypeScript,74488,33808,668449,0.11143408098448797,11.143408098448797
2017-10,C#,44094,18665,674221,0.06539992079748332,6.539992079748331
2017-10,C++,41489,14201,674221,0.061536202521131796,6.153620252113179
2017-10,Go,37604,15460,674221,0.05577399695352118,5.577399695352118
2017-10,Java,91935,38029,674221,0.1363573665014884,13.63573665014884
2017-10,JavaScript,144815,54808,674221,0.21478862272162985,21.478862272162985
2017-10,Kotlin,13040,4887,674221,0.019340839279702055,1.9340839279702056
2017-10,PHP,39848,17282,674221,0.05910228248600978,5.910228248600978
2017-10,Python,114286,46113,674221,0.16950821763190407,16.950821763190408
2017-10,Ruby,30068,11975,674221,0.04459665302623324,4.459665302623324
2017-10,Rust,20246,8593,674221,0.030028729452212258,3.0028729452212257
2017-10,Swift,19601,7703,674221,0.029072069840601227,2.9072069840601227
2017-10,TypeScript,77195,30556,674221,0.11449509878808284,11.449509878808284
2017-11,C#,43535,17132,685599,0.06349921747260424,6.349921747260424
2017-11,C++,39103,15928,685599,0.05703479730863085,5.7034797308630845
2017-11,Go,36713,16521,685599,0.05354879455775169,5.354879455775169
2017-11,Java,86192,36657,685599,0.12571780297229138,12.571780297229138
2017-11,JavaScript,143717,50511,685599,0.20962253445527196,20.962253445527196
2017-11,Kotlin,15020,6218,685599,0.02190784992393513,2.190784992393513
2017-11,PHP,43877,17902,685599,0.06399805133904804,6.399805133904804
2017-11,Python,122252,46092,685599,0.17831414573241794,17.831414573241794
2017-11,Ruby,29281,11945,685599,0.04270863872321867,4.2708638723218675
2017-11,Rust,23322,11224,685599,0.03401696910293043,3.401696910293043
2017-11,Swift,19757,8118,685599,0.028817136547748756,2.8817136547748756
2017-11,TypeScript,82830,34529,685599,0.1208140618641509,12.08140618641509
2017-12,C#,42912,16506,702024,0.06112611534648388,6.112611534648388
2017-12,C++,36790,13936,702024,0.05240561576242408,5.240561576242408
2017-12,Go,42098,16364,702024,0.05996661082811983,5.9966610828119835
2017-12,Java,90523,34478,702024,0.12894573404897838,12.894573404897839
2017-12,JavaScript,152697,53746,702024,0.21750965778947728,21.75096577894773
2017-12,Kotlin,14096,5253,702024,0.0200790856153066,2.00790856153066
2017-12,PHP,43235,19797,702024,0.06158621357674381,6.158621357674381
2017-12,Python,126195,50499,702024,0.17975881166455848,17.97588116645585
2017-12,Ruby,30640,12450,702024,0.04364523150205691,4.364523150205691
2017-12,Rust,24271,10955,702024,0.03457289209485716,3.4572892094857157
2017-12,Swift,19855,7646,702024,0.02828250886009595,2.828250886009595
2017-12,TypeScript,78712,33772,702024,0.11212152291089764,11.212152291089764
2018-01,C#,41816,17337,721560,0.05795221464604468,5.7952214646044675
2018-01,C++,40091,16025,721560,0.05556156106214313,5.556156106214313
2018-01,Go,43210,16418,721560,0.05988413991906425,5.988413991906425
2018-01,Java,96254,34111,721560,0.13339708409557072,13.339708409557073
2018-01,JavaScript,148617,52460,721560,0.2059662398137369,20.59662398137369
2018-01,Kotlin,16467,6573,721560,0.022821386994844504,2.2821386994844506
2018-01,PHP,41560,18042,721560,0.057597427795332334,5.759742779533234
2018-01,Python,129297,52534,721560,0.17919091967403958,17.919091967403958
2018-01,Ruby,30806,13538,721560,0.042693608293142636,4.269360829314263
2018-01,Rust,24862,13855,721560,0.03445590110316536,3.445590110316536
2018-01,Swift,21942,9408,721560,0.030409113587227674,3.0409113587227674
2018-01,TypeScript,86638,38252,721560,0.12007040301568823,12.007040301568823
2018-02,C#,44308,17420,741373,0.05976478776540284,5.976478776540284
2018-02,C++,43200,17118,741373,0.05827026341666071,5.827026341666071
2018-02,Go,44206,17906,741373,0.059627205199002394,5.962720519900239
2018-02,Java,93906,33396,741373,0.12666498510196622,12.666498510196622
2018-02,JavaScript,156277,53919,741373,0.21079402675846032,21.079402675846033
2018-02,Kotlin,17591,6686,741373,0.023727597309316634,2.3727597309316635
2018-02,PHP,44259,18106,741373,0.05969869417958302,5.969869417958302
2018-02,Python,133338,57047,741373,0.17985278665395152,17.985278665395153
2018-02,Ruby,30587,11756,741373,0.04125723488716206,4.125723488716206
2018-02,Rust,27226,12750,741373,0.03672375443939825,3.672375443939825
2018-02,Swift,21463,8884,741373,0.02895033943777289,2.895033943777289
2018-02,TypeScript,85012,33290,741373,0.11466832485132315,11.466832485132315
2018-03,C#,48088,21223,758500,0.06339881344759393,6.339881344759394
2018-03,C++,47172,18273,758500,0.06219116677653263,6.219116677653263
2018-03,Go,47656,17958,758500,0.06282926829268293,6.282926829268293
2018-03,Java,96016,39343,758500,0.12658668424522082,12.658668424522082
2018-03,JavaScript,161190,64506,758500,0.21251153592617006,21.251153592617005
2018-03,Kotlin,18376,7469,758500,0.02422676334871457,2.422676334871457
2018-03,PHP,47147,20239,758500,0.06215820698747528,6.215820698747528
2018-03,Python,127994,50391,758500,0.1687462096242584,16.87462096242584
2018-03,Ruby,30253,12697,758500,0.03988529993408042,3.9885299934080423
2018-03,Rust,29654,16691,758500,0.03909558338826632,3.9095583388266317
2018-03,Swift,23742,9840,758500,0.03130125247198418,3.1301252471984182
2018-03,TypeScript,81212,33421,758500,0.10706921555702044,10.706921555702044
2018-04,C#,46433,17977,770627,0.06025353381078005,6.0253533810780056
2018-04,C++,46529,22560,770627,0.06037810769671968,6.037810769671968
2018-04,Go,46676,17425,770627,0.06056886145956474,6.056886145956474
2018-04,Java,99636,40128,770627,0.1292921218695945,12.929212186959449
2018-04,JavaScript,158491,58065,770627,0.2056649974631047,20.56649974631047
2018-04,Kotlin,19753,8054,770627,0.025632374676724277,2.563237467672428
2018-04,PHP,46989,19517,770627,0.060975024233513746,6.097502423351375
2018-04,Python,137815,53722,770627,0.1788348967788567,17.88348967788567
2018-04,Ruby,32126,15726,770627,0.04168813187183942,4.168813187183942
2018-04,Rust,27384,12150,770627,0.035534700964279735,3.5534700964279735
2018-04,Swift,24138,10586,770627,0.03132254644594596,3.132254644594596
2018-04,TypeScript,84657,34184,770627,0.10985470272907645,10.985470272907644
2018-05,C#,47655,19100,776760,0.06135099644677893,6.135099644677893
2018-05,C++,42651,18338,776760,0.054908852155105825,5.490885215510582
2018-05,Go,44649,18616,776760,0.05748107523559401,5.748107523559401
2018-05,Java,93954,39188,776760,0.12095627993202533,12.095627993202534
2018-05,JavaScript,163735,61311,776760,0.21079226530717338,21.07922653071734
2018-05,Kotlin,19216,8297,776760,0.024738658015345794,2.4738658015345796
2018-05,PHP,46986,20350,776760,0.06048972655646532,6.048972655646532
2018-05,Python,141006,52340,776760,0.18153097481847674,18.153097481847674
2018-05,Ruby,30667,12886,776760,0.039480663267933466,3.9480663267933465
2018-05,Rust,29808,14098,776760,0.038374787579175035,3.8374787579175034
2018-05,Swift,23692,10903,776760,0.03050105566713013,3.0501055667130132
2018-05,TypeScript,92741,35120,776760,0.11939466501879603,11.939466501879604
2018-06,C#,46820,18545,777502,0.06021849461480485,6.021849461480485
2018-06,C++,49020,20391,777502,0.0630480693297252,6.304806932972521
2018-06,Go,46493,18904,777502,0.05979791691854169,5.979791691854168
2018-06,Java,99252,38815,777502,0.1276549770933065,12.765497709330651
2018-06,JavaScript,172864,58873,777502,0.22233254705454134,22.233254705454133
2018-06,Kotlin,21873,8625,777502,0.02813240351793307,2.8132403517933073
2018-06,PHP,42289,17695,777502,0.054390856872393895,5.439085687239389
2018-06,Python,127657,55034,777502,0.16418864517390308,16.418864517390308
2018-06,Ruby,32199,13064,777502,0.041413398293509214,4.141339829350922
2018-06,Rust,28763,13237,777502,0.03699411705693362,3.699411705693362
2018-06,Swift,23402,9410,777502,0.030098957944802714,3.0098957944802716
2018-06,TypeScript,86870,37572,777502,0.11172961612960482,11.172961612960481
2018-07,C#,47112,19777,774947,0.060793834933227694,6.079383493322769
2018-07,C++,46706,19013,774947,0.060269928137020985,6.0269928137020985
2018-07,Go,42700,16879,774947,0.055100542359671045,5.510054235967105
2018-07,Java,97393,37391,774947,0.1256769817806895,12.56769817806895
2018-07,JavaScript,168784,59733,774947,0.217800701209244,21.7800701209244
2018-07,Kotlin,23207,9070,774947,0.02994656408760857,2.994656408760857
2018-07,PHP,40258,16921,774947,0.05194935911746223,5.194935911746223
2018-07,Python,137744,57014,774947,0.17774634910516462,17.77463491051646
2018-07,Ruby,31330,13136,774947,0.040428571244227024,4.042857124422702
2018-07,Rust,29009,15300,774947,0.03743352771221774,3.743352771221774
2018-07,Swift,24031,9307,774947,0.03100986260995913,3.100986260995913
2018-07,TypeScript,86673,36691,774947,0.11184377770350747,11.184377770350746
2018-08,C#,46491,17358,772139,0.06021066155187084,6.021066155187084
2018-08,C++,42479,16376,772139,0.055014705901398585,5.501470590139858
2018-08,Go,43486,18822,772139,0.056318875228423895,5.63188752284239
2018-08,Java,96061,37148,772139,0.12440894709372276,12.440894709372277
2018-08,JavaScript,171199,66118,772139,0.22172044152671994,22.172044152671994
2018-08,Kotlin,22537,8229,772139,0.029187749874051174,2.918774987405117
2018-08,PHP,41410,15934,772139,0.05363024015106088,5.363024015106088
2018-08,Python,137211,51420,772139,0.17770246030831235,17.770246030831235
2018-08,Ruby,32055,11586,772139,0.04151454595610376,4.151454595610375
2018-08,Rust,27626,13164,772139,0.03577853210367563,3.577853210367563
2018-08,Swift,23325,9241,772139,0.030208291512279526,3.020829151227953
2018-08,TypeScript,88259,39518,772139,0.11430454879238065,11.430454879238065
2018-09,C#,46658,17952,772265,0.06041708480897101,6.0417084808971016
2018-09,C++,41939,17184,772265,0.05430648805785579,5.430648805785579
2018-09,Go,45764,18181,772265,0.05925945109515516,5.925945109515516
2018-09,Java,99136,35453,772265,0.12837044278842108,12.837044278842107
2018-09,JavaScript,172920,61084,772265,0.22391277605485163,22.391277605485165
2018-09,Kotlin,23863,10150,772265,0.03090001489126142,3.090001489126142
2018-09,PHP,40387,16615,772265,0.05229681521239471,5.2296815212394705
2018-09,Python,132427,54535,772265,0.1714787022589396,17.14787022589396
2018-09,Ruby,29358,11246,772265,0.038015448065107184,3.8015448065107185
2018-09,Rust,27379,12171,772265,0.035452856208684845,3.5452856208684844
2018-09,Swift,21192,8329,772265,0.027441357565084524,2.7441357565084523
2018-09,TypeScript,91242,39227,772265,0.11814856299327303,11.814856299327303
2018-10,C#,43174,17795,777791,0.05550848492718481,5.550848492718481
2018-10,C++,40794,18305,777791,0.052448536946300486,5.244853694630049
2018-10,Go,46201,19173,777791,0.05940027590959525,5.940027590959525
2018-10,Java,102205,38495,777791,0.13140419470011866,13.140419470011865
2018-10,JavaScript,175876,59140,777791,0.22612244163277795,22.612244163277794
2018-10,Kotlin,24377,9593,777791,0.031341324340343354,3.1341324340343353
2018-10,PHP,41732,18279,777791,0.05365451644464901,5.365451644464901
2018-10,Python,138685,47355,777791,0.1783062545079591,17.83062545079591
2018-10,Ruby,29085,12450,777791,0.03739436429580697,3.7394364295806968
2018-10,Rust,27371,11605,777791,0.03519068747259868,3.519068747259868
2018-10,Swift,22018,8611,777791,0.028308375900466833,2.8308375900466833
2018-10,TypeScript,86273,34683,777791,0.1109205429221989,11.09205429221989
2018-11,C#,48108,18784,789773,0.06091370558375635,6.091370558375635
2018-11,C++,43669,17071,789773,0.055293103208137025,5.529310320813702
2018-11,Go,46228,19866,789773,0.058533274751099366,5.8533274751099365
2018-11,Java,101666,44656,789773,0.1287281282089917,12.87281282089917
2018-11,JavaScript,172259,61634,789773,0.21811203978864813,21.811203978864814
2018-11,Kotlin,25274,10167,789773,0.03200160045987898,3.200160045987898
2018-11,PHP,39543,14902,789773,0.05006881724242282,5.006881724242282
2018-11,Python,140276,55930,789773,0.17761559334137783,17.761559334137782
2018-11,Ruby,27556,10918,789773,0.03489103831100835,3.489103831100835
2018-11,Rust,29431,13277,789773,0.037265138210599756,3.7265138210599758
2018-11,Swift,22812,9388,789773,0.02888424901838883,2.888424901838883
2018-11,TypeScript,92951,41079,789773,0.11769331187569086,11.769331187569087
2018-12,C#,47653,19386,807551,0.05900927619432086,5.900927619432085
2018-12,C++,46022,18992,807551,0.05698958951199367,5.698958951199367
2018-12,Go,47631,17575,807551,0.05898203333287928,5.8982033332879285
2018-12,Java,99423,39882,807551,0.12311668241386613,12.311668241386613
2018-12,JavaScript,170143,59941,807551,0.21069009882967143,21.069009882967144
2018-12,Kotlin,24330,9509,807551,0.03012812813060723,3.012812813060723
2018-12,PHP,44422,18662,807551,0.05500829049806142,5.500829049806142
2018-12,Python,146023,65106,807551,0.1808220161946428,18.082201619464282
2018-12,Ruby,29967,12790,807551,0.03710849221906728,3.7108492219067277
2018-12,Rust,29115,13658,807551,0.036053450494148355,3.6053450494148356
2018-12,Swift,25863,10046,807551,0.032026460248331064,3.2026460248331063
2018-12,TypeScript,96959,38540,807551,0.12006548193241046,12.006548193241045
2019-01,C#,48446,18899,828873,0.05844803727470915,5.844803727470915
2019-01,C++,45842,17232,828873,0.05530642209361386,5.530642209361386
2019-01,Go,48904,19447,828873,0.05900059478351931,5.900059478351931
2019-01,Java,102747,35055,828873,0.12395988287711145,12.395988287711145
2019-01,JavaScript,183296,65561,828873,0.2211388234385726,22.11388234385726
2019-01,Kotlin,25961,10907,828873,0.031320841672970404,3.1320841672970405
2019-01,PHP,44401,18172,828873,0.05356791691851466,5.356791691851466
2019-01,Python,147566,58350,828873,0.1780320990067236,17.80320990067236
2019-01,Ruby,30175,10585,828873,0.03640485333700096,3.6404853337000964
2019-01,Rust,30790,14330,828873,0.037146824664333375,3.7146824664333375
2019-01,Swift,24969,10202,828873,0.030124035889696008,3.012403588969601
2019-01,TypeScript,95776,41257,828873,0.1155496680432346,11.55496680432346
2019-02,C#,49188,20728,850479,0.05783564320812154,5.783564320812154
2019-02,C++,46202,19755,850479,0.054324680562365446,5.432468056236544
2019-02,Go,55129,21758,850479,0.06482111845207231,6.482111845207231
2019-02,Java,104321,40271,850479,0.12266146489213725,12.266146489213725
2019-02,JavaScript,181579,66140,850479,0.21350203826314348,21.35020382631435
2019-02,Kotlin,26359,10131,850479,0.03099312269909075,3.099312269909075
2019-02,PHP,42645,16724,850479,0.050142331556687465,5.014233155668746
2019-02,Python,154163,61197,850479,0.18126608652300644,18.126608652300643
2019-02,Ruby,29942,11559,850479,0.035206042712400895,3.5206042712400896
2019-02,Rust,30588,15459,850479,0.03596561467126173,3.5965614671261728
2019-02,Swift,26481,11087,850479,0.031136571273364774,3.1136571273364773
2019-02,TypeScript,103882,41391,850479,0.12214528518634793,12.214528518634793
2019-03,C#,52749,20507,868969,0.060702970992060706,6.070297099206071
2019-03,C++,51412,19956,868969,0.059164366047580526,5.9164366047580526
2019-03,Go,57527,22207,868969,0.06620144101803402,6.620144101803402
2019-03,Java,112957,42621,868969,0.12998967742232462,12.998967742232463
2019-03,JavaScript,183500,66604,868969,0.21116978856552995,21.116978856552997
2019-03,Kotlin,27557,12409,868969,0.03171229353406163,3.1712293534061633
2019-03,PHP,43806,15544,868969,0.050411464620717196,5.04114646207172
2019-03,Python,148528,64089,868969,0.17092439431095932,17.092439431095933
2019-03,Ruby,28234,11552,868969,0.03249137771312901,3.249137771312901
2019-03,Rust,32029,15000,868969,0.036858622114252636,3.6858622114252637
2019-03,Swift,25482,10845,868969,0.02932440627916531,2.932440627916531
2019-03,TypeScript,105188,43687,868969,0.1210491973821851,12.10491973821851
2019-04,C#,57819,23901,881712,0.06557583428602537,6.557583428602537
2019-04,C++,51776,20932,881712,0.05872212241638993,5.8722122416389935
2019-04,Go,54598,21720,881712,0.061922713992777684,6.192271399277768
2019-04,Java,110128,42889,881712,0.12490246248208031,12.490246248208031
2019-04,JavaScript,181833,65573,881712,0.20622720344057924,20.622720344057925
2019-04,Kotlin,29737,12229,881712,0.03372643221369336,3.3726432213693363
2019-04,PHP,44183,16596,881712,0.05011046690982997,5.0110466909829965
2019-04,Python,158588,63381,881712,0.17986371967263687,17.986371967263686
2019-04,Ruby,29631,11437,881712,0.03360621155207143,3.3606211552071428
2019-04,Rust,34118,16595,881712,0.038695174841671655,3.8695174841671656
2019-04,Swift,25551,9958,881712,0.028978850236812022,2.8978850236812024
2019-04,TypeScript,103750,45544,881712,0.11766880795543216,11.766880795543216
2019-05,C#,55103,23598,887587,0.06208180155860778,6.208180155860778
2019-05,C++,53210,20988,887587,0.05994905288157668,5.9949052881576685
2019-05,Go,50094,19857,887587,0.05643841110786886,5.643841110786886
2019-05,Java,111369,42622,887587,0.12547389720669636,12.547389720669635
2019-05,JavaScript,197550,70205,887587,0.2225697311925479,22.256973119254788
2019-05,Kotlin,28255,10982,887587,0.03183349913867598,3.1833499138675982
2019-05,PHP,44361,15687,887587,0.04997932597029925,4.997932597029925
2019-05,Python,151819,63662,887587,0.17104689455794192,17.10468945579419
2019-05,Ruby,29606,11444,887587,0.033355603450703986,3.3355603450703986
2019-05,Rust,33378,15585,887587,0.03760532770308713,3.7605327703087132
2019-05,Swift,25369,10849,887587,0.028581986892552504,2.8581986892552504
2019-05,TypeScript,107473,47118,887587,0.12108446833944166,12.108446833944166
2019-06,C#,53540,21486,887316,0.060339270338864624,6.033927033886463
2019-06,C++,50423,18850,887316,0.05682642936676449,5.682642936676449
2019-06,Go,51251,21859,887316,0.057759580577832474,5.775958057783248
2019-06,Java,105827,44791,887316,0.11926641692474835,11.926641692474835
2019-06,JavaScript,189655,65993,887316,0.21374008808586795,21.374008808586794
2019-06,Kotlin,28188,10616,887316,0.03176771296809705,3.1767712968097053
2019-06,PHP,46987,18063,887316,0.05295407723967561,5.2954077239675605
2019-06,Python,168421,69973,887316,0.18980949289768245,18.980949289768244
2019-06,Ruby,29387,11814,887316,0.0331189790333996,3.3118979033399603
2019-06,Rust,33401,19165,887316,0.037642733817490046,3.7642733817490046
2019-06,Swift,28578,12304,887316,0.03220724071244067,3.220724071244067
2019-06,TypeScript,101658,44424,887316,0.11456797803713671,11.456797803713672
2019-07,C#,47491,18303,883311,0.05376475556174439,5.376475556174439
2019-07,C++,47604,18057,883311,0.053892683324446314,5.389268332444631
2019-07,Go,52221,20730,883311,0.05911960792970992,5.911960792970992
2019-07,Java,110935,41666,883311,0.12558996774635434,12.558996774635434
2019-07,JavaScript,199237,78966,883311,0.22555702351719836,22.555702351719837
2019-07,Kotlin,29880,12357,883311,0.03382727034985413,3.3827270349854133
2019-07,PHP,43842,18993,883311,0.049633707720157454,4.963370772015745
2019-07,Python,156243,64253,883311,0.1768833400693527,17.688334006935268
2019-07,Ruby,28237,13838,883311,0.031967223322250035,3.1967223322250033
2019-07,Rust,34893,14642,883311,0.03950250817662183,3.950250817662183
2019-07,Swift,26543,12051,883311,0.030049438985815868,3.004943898581587
2019-07,TypeScript,106185,47479,883311,0.12021247329649466,12.021247329649466
2019-08,C#,51785,17944,879042,0.05891072326464492,5.891072326464492
2019-08,C++,48416,20278,879042,0.05507814188628075,5.507814188628075
2019-08,Go,52350,21597,879042,0.05955346843495533,5.955346843495533
2019-08,Java,107481,38735,879042,0.12227060823032347,12.227060823032348
2019-08,JavaScript,202883,68072,879042,0.2308001210408604,23.08001210408604
2019-08,Kotlin,29061,13934,879042,0.03305985379538179,3.305985379538179
2019-08,PHP,43125,17772,879042,0.049059089326789845,4.905908932678985
2019-08,Python,152272,62508,879042,0.1732249426079755,17.322494260797548
2019-08,Ruby,29858,12166,879042,0.03396652264624443,3.3966522646244433
2019-08,Rust,31127,15828,879042,0.03541013967478232,3.541013967478232
2019-08,Swift,27301,11212,879042,0.031057674149813093,3.1057674149813095
2019-08,TypeScript,103383,40715,879042,0.11760871494194816,11.760871494194816
2019-09,C#,53560,20898,878139,0.06099262189698897,6.099262189698897
2019-09,C++,48238,17941,878139,0.054932077951212736,5.493207795121274
2019-09,Go,53138,19894,878139,0.06051206016359597,6.051206016359597
2019-09,Java,110770,37739,878139,0.1261417611562634,12.614176115626341
2019-09,JavaScript,197073,71487,878139,0.22442119072265324,22.442119072265324
2019-09,Kotlin,29298,13519,878139,0.03336373854253142,3.336373854253142
2019-09,PHP,43568,20335,878139,0.04961401327124749,4.961401327124749
2019-09,Python,151419,59130,878139,0.17243169930956262,17.243169930956263
2019-09,Ruby,27184,10865,878139,0.030956374788046085,3.0956374788046084
2019-09,Rust,33508,15388,878139,0.03815796815766069,3.815796815766069
2019-09,Swift,26560,9762,878139,0.03024578113487728,3.024578113487728
2019-09,TypeScript,103823,44003,878139,0.11823071290536008,11.823071290536008
2019-10,C#,52107,19874,883389,0.05898533941445954,5.898533941445954
2019-10,C++,48444,20574,883389,0.05483880827132781,5.483880827132781
2019-10,Go,51621,20869,883389,0.0584351854052971,5.84351854052971
2019-10,Java,100139,43694,883389,0.11335776198254675,11.335776198254676
2019-10,JavaScript,198344,65635,883389,0.22452622796978455,22.452622796978456
2019-10,Kotlin,30519,11748,883389,0.03454763416795998,3.454763416795998
2019-10,PHP,46524,17071,883389,0.05266536033389594,5.266536033389594
2019-10,Python,165431,66935,883389,0.1872685759048392,18.72685759048392
2019-10,Ruby,26996,11266,883389,0.03055958360359932,3.055958360359932
2019-10,Rust,35304,15957,883389,0.039964273949528464,3.9964273949528466
2019-10,Swift,27584,10636,883389,0.031225202034437828,3.122520203443783
2019-10,TypeScript,100376,42322,883389,0.11362604696232351,11.362604696232351
2019-11,C#,53100,22428,895970,0.059265377188968384,5.926537718896839
2019-11,C++,50519,19294,895970,0.0563847003805931,5.63847003805931
2019-11,Go,57055,24435,895970,0.06367958748618816,6.367958748618816
2019-11,Java,101435,36646,895970,0.11321249595410561,11.321249595410562
2019-11,JavaScript,200664,63106,895970,0.22396285589919304,22.396285589919305
2019-11,Kotlin,29639,12113,895970,0.033080348672388585,3.3080348672388586
2019-11,PHP,45225,18215,895970,0.05047602040246883,5.0476020402468835
2019-11,Python,166090,61017,895970,0.18537451030726476,18.537451030726476
2019-11,Ruby,28964,11753,895970,0.03232697523354577,3.2326975233545765
2019-11,Rust,33786,14445,895970,0.037708851858879205,3.7708851858879204
2019-11,Swift,27994,13117,895970,0.031244349699208678,3.124434969920868
2019-11,TypeScript,101499,43341,895970,0.11328392691719588,11.328392691719587
2019-12,C#,53105,23591,915105,0.05803159200310347,5.803159200310347
2019-12,C++,52640,20672,915105,0.057523453592757116,5.7523453592757114
2019-12,Go,52314,22102,915105,0.0571672103201272,5.71672103201272
2019-12,Java,108584,47090,915105,0.11865742182591069,11.865742182591068
2019-12,JavaScript,207324,69842,915105,0.22655760814332782,22.65576081433278
2019-12,Kotlin,28719,11949,915105,0.03138328388545577,3.138328388545577
2019-12,PHP,44166,18147,915105,0.04826331404592916,4.826331404592916
2019-12,Python,164294,65895,915105,0.17953568169772868,17.95356816977287
2019-12,Ruby,26749,11499,915105,0.02923052545882713,2.923052545882713
2019-12,Rust,35047,16910,915105,0.03829833734926593,3.829833734926593
2019-12,Swift,28859,11149,915105,0.03153627179394714,3.1536271793947144
2019-12,TypeScript,113304,45214,915105,0.12381529988361992,12.381529988361992
2020-01,C#,53380,22351,938226,0.056894607482632115,5.689460748263212
2020-01,C++,49406,20541,938226,0.05265895423917052,5.265895423917052
2020-01,Go,58047,22390,938226,0.0618688887325655,6.1868888732565495
2020-01,Java,113035,40858,938226,0.12047736899211917,12.047736899211916
2020-01,JavaScript,204106,80211,938226,0.2175446001283273,21.75446001283273
2020-01,Kotlin,30410,11129,938226,0.032412233299865915,3.2412233299865916
2020-01,PHP,39892,17962,938226,0.04251854030905134,4.251854030905134
2020-01,Python,181195,79339,938226,0.1931251105810327,19.312511058103272
2020-01,Ruby,27305,12694,938226,0.0291027961280118,2.91027961280118
2020-01,Rust,36277,17628,938226,0.038665524084815384,3.8665524084815384
2020-01,Swift,30943,12709,938226,0.032980326701668894,3.298032670166889
2020-01,TypeScript,114230,43875,938226,0.12175104932073935,12.175104932073936
2020-02,C#,55425,22077,961634,0.0576362732598889,5.76362732598889
2020-02,C++,57190,22118,961634,0.05947169089279289,5.947169089279289
2020-02,Go,54110,22983,961634,0.05626880913112473,5.6268809131124735
2020-02,Java,122092,44407,961634,0.1269630649498666,12.69630649498666
2020-02,JavaScript,208440,78581,961634,0.21675606311756865,21.675606311756866
2020-02,Kotlin,31302,12809,961634,0.03255084574796648,3.255084574796648
2020-02,PHP,41754,15919,961634,0.0434198458041209,4.34198458041209
2020-02,Python,182276,71720,961634,0.18954820649020312,18.954820649020313
2020-02,Ruby,28468,10903,961634,0.029603778568561428,2.9603778568561427
2020-02,Rust,37396,15015,961634,0.03888797609069563,3.888797609069563
2020-02,Swift,28131,11570,961634,0.02925333338879449,2.925333338879449
2020-02,TypeScript,115050,48329,961634,0.1196401125584162,11.96401125584162
2020-03,C#,58781,24547,981490,0.05988955567555451,5.988955567555451
2020-03,C++,53444,22418,981490,0.054451904757053055,5.445190475705306
2020-03,Go,58451,24015,981490,0.05955333217862637,5.955333217862637
2020-03,Java,113732,44136,981490,0.11587688106857941,11.587688106857941
2020-03,JavaScript,221899,84983,981490,0.22608381134805244,22.608381134805246
2020-03,Kotlin,30416,12512,981490,0.030989617825958493,3.0989617825958495
2020-03,PHP,46211,17778,981490,0.04708249701983719,4.708249701983719
2020-03,Python,185258,80441,981490,0.1887517957391313,18.87517957391313
2020-03,Ruby,27886,10334,981490,0.02841190434950942,2.841190434950942
2020-03,Rust,37732,17946,981490,0.038443590866947194,3.8443590866947193
2020-03,Swift,28084,11533,981490,0.028613638447666304,2.8613638447666303
2020-03,TypeScript,119596,53831,981490,0.12185147072308429,12.185147072308428
2020-04,C#,53967,19938,994832,0.05424735030638339,5.424735030638339
2020-04,C++,56662,22667,994832,0.05695635041896521,5.695635041896521
2020-04,Go,62063,23667,994832,0.062385407787445515,6.238540778744552
2020-04,Java,113562,43409,994832,0.11415193721150908,11.415193721150908
2020-04,JavaScript,222757,79985,994832,0.22391418852630393,22.391418852630395
2020-04,Kotlin,33596,12613,994832,0.03377052607877511,3.3770526078775105
2020-04,PHP,47733,18254,994832,0.04798096563037779,4.798096563037779
2020-04,Python,185164,74577,994832,0.18612589864419318,18.61258986441932
2020-04,Ruby,27363,11426,994832,0.027505146597616482,2.7505146597616483
2020-04,Rust,38024,19148,994832,0.038221528861154444,3.8221528861154446
2020-04,Swift,30759,10862,994832,0.03091878829792367,3.091878829792367
2020-04,TypeScript,123182,48742,994832,0.12382191163935218,12.382191163935218
2020-05,C#,60578,23920,1000429,0.060552023182054895,6.05520231820549
2020-05,C++,57298,21863,1000429,0.05727342969865928,5.727342969865927
2020-05,Go,63246,25111,1000429,0.06321887910086572,6.321887910086573
2020-05,Java,115920,46187,1000429,0.11587029164488434,11.587029164488435
2020-05,JavaScript,223273,76052,1000429,0.22317725695676555,22.317725695676554
2020-05,Kotlin,35868,13884,1000429,0.0358526192263519,3.5852619226351896
2020-05,PHP,46313,18513,1000429,0.046293140242835824,4.629314024283582
2020-05,Python,166669,67919,1000429,0.16659752965977595,16.659752965977596
2020-05,Ruby,27919,11574,1000429,0.02790702788503732,2.7907027885037317
2020-05,Rust,41471,17910,1000429,0.04145321657009143,4.145321657009143
2020-05,Swift,31547,14062,1000429,0.03153347214045175,3.1533472140451746
2020-05,TypeScript,130327,49068,1000429,0.13027111369222605,13.027111369222604
2020-06,C#,63054,26602,999108,0.06311029438258926,6.3110294382589265
2020-06,C++,57313,25396,999108,0.057364168838604034,5.736416883860404
2020-06,Go,59744,23047,999108,0.05979733922659012,5.979733922659012
2020-06,Java,115089,44716,999108,0.1151917510419294,11.51917510419294
2020-06,JavaScript,221791,78186,999108,0.221989014200667,22.1989014200667
2020-06,Kotlin,34961,14258,999108,0.03499221305404421,3.499221305404421
2020-06,PHP,44674,17369,999108,0.044713884785228426,4.471388478522843
2020-06,Python,192476,76324,999108,0.19264784187495246,19.264784187495245
2020-06,Ruby,26022,10028,999108,0.02604523234725375,2.604523234725375
2020-06,Rust,38758,17933,999108,0.038792603001877674,3.8792603001877675
2020-06,Swift,31273,11944,999108,0.031300920421015545,3.1300920421015546
2020-06,TypeScript,113953,44567,999108,0.11405473682524812,11.405473682524812
2020-07,C#,55003,21537,993603,0.055357119493399276,5.535711949339928
2020-07,C++,57188,22812,993603,0.05755618692777699,5.755618692777699
2020-07,Go,56690,21002,993603,0.057054980711612184,5.705498071161219
2020-07,Java,114822,40785,993603,0.11556124528609515,11.556124528609516
2020-07,JavaScript,227662,91610,993603,0.22912773008938178,22.912773008938178
2020-07,Kotlin,34359,13579,993603,0.034580209600816425,3.4580209600816425
2020-07,PHP,41802,15655,993603,0.04207112901229163,4.207112901229163
2020-07,Python,178097,67822,993603,0.17924362144639258,17.924362144639257
2020-07,Ruby,25956,9430,993603,0.02612310953167412,2.612310953167412
2020-07,Rust,36971,18874,993603,0.03720902614021898,3.720902614021898
2020-07,Swift,30360,11831,993603,0.030555463298721924,3.0555463298721923
2020-07,TypeScript,134693,51340,993603,0.13556017846161897,13.556017846161897
2020-08,C#,61150,23802,987833,0.06190317594168245,6.190317594168246
2020-08,C++,55100,20799,987833,0.05577865894336391,5.577865894336391
2020-08,Go,59522,23691,987833,0.06025512409486219,6.025512409486219
2020-08,Java,123810,47859,987833,0.12533495034079647,12.533495034079648
2020-08,JavaScript,209292,78938,987833,0.21186982010117095,21.186982010117095
2020-08,Kotlin,34991,14732,987833,0.03542197922118415,3.5421979221184148
2020-08,PHP,39823,15638,987833,0.04031349428496517,4.031349428496517
2020-08,Python,182827,69116,987833,0.18507885442174943,18.507885442174942
2020-08,Ruby,25374,9357,987833,0.025686527986005733,2.5686527986005734
2020-08,Rust,38086,17362,987833,0.038555099900489255,3.8555099900489256
2020-08,Swift,31869,11285,987833,0.03226152598667993,3.2261525986679933
2020-08,TypeScript,125989,51403,987833,0.12754078877705038,12.75407887770504
2020-09,C#,60499,23055,985864,0.06136647651197325,6.136647651197325
2020-09,C++,55257,24020,985864,0.056049313089837946,5.604931308983795
2020-09,Go,55741,24776,985864,0.05654025301664327,5.654025301664327
2020-09,Java,105494,43039,985864,0.10700664594710832,10.700664594710831
2020-09,JavaScript,230151,77313,985864,0.23345106424415538,23.345106424415537
2020-09,Kotlin,33291,14985,985864,0.033768349386933696,3.37683493869337
2020-09,PHP,39902,16559,985864,0.04047414247807,4.047414247807
2020-09,Python,187001,79057,985864,0.18968234969529266,18.968234969529266
2020-09,Ruby,25548,9737,985864,0.02591432489674032,2.591432489674032
2020-09,Rust,42148,20648,985864,0.042752347179732704,4.27523471797327
2020-09,Swift,30468,12704,985864,0.030904871260133245,3.0904871260133246
2020-09,TypeScript,120364,50775,985864,0.1220898622933792,12.20898622933792
2020-10,C#,55137,22128,990815,0.055648128056196164,5.564812805619616
2020-10,C++,52437,20968,990815,0.05292309866120315,5.2923098661203145
2020-10,Go,63611,23815,990815,0.06420068327588904,6.420068327588904
2020-10,Java,107236,41031,990815,0.10823009340795203,10.823009340795203
2020-10,JavaScript,222378,83054,990815,0.22443947659250213,22.443947659250213
2020-10,Kotlin,34881,13417,990815,0.03520435197287082,3.520435197287082
2020-10,PHP,39042,15931,990815,0.03940392505159893,3.940392505159893
2020-10,Python,188453,75573,990815,0.1901999868794881,19.01999868794881
2020-10,Ruby,23920,8921,990815,0.024141741899345488,2.414174189934549
2020-10,Rust,39243,18977,990815,0.03960678835100397,3.9606788351003974
2020-10,Swift,31696,13139,990815,0.03198982655692536,3.198982655692536
2020-10,TypeScript,132781,58959,990815,0.1340118992950248,13.40118992950248
2020-11,C#,61360,24155,1003987,0.06111632919549755,6.111632919549756
2020-11,C++,54965,23315,1003987,0.05474672480818975,5.474672480818975
2020-11,Go,65841,26623,1003987,0.0655795343963617,6.5579534396361705
2020-11,Java,108807,41898,1003987,0.10837490923687258,10.837490923687259
2020-11,JavaScript,231930,77491,1003987,0.23100896724758388,23.10089672475839
2020-11,Kotlin,32481,13268,1003987,0.032352012526058606,3.2352012526058607
2020-11,PHP,41048,17476,1003987,0.040884991538735066,4.0884991538735065
2020-11,Python,187247,78808,1003987,0.18650341090073874,18.650341090073873
2020-11,Ruby,23356,9096,1003987,0.02326324942454434,2.326324942454434
2020-11,Rust,44664,22388,1003987,0.044486631799017316,4.4486631799017315
2020-11,Swift,28482,12461,1003987,0.02836889322272101,2.836889322272101
2020-11,TypeScript,123806,53546,1003987,0.12331434570367943,12.331434570367943
2020-12,C#,59385,22117,1024487,0.05796559643997435,5.796559643997435
2020-12,C++,55595,22537,1024487,0.05426618395352991,5.426618395352991
2020-12,Go,65433,24697,1024487,0.06386903884578331,6.386903884578331
2020-12,Java,114457,49039,1024487,0.11172128099234056,11.172128099234056
2020-12,JavaScript,227199,74862,1024487,0.22176855343210797,22.176855343210796
2020-12,Kotlin,34500,15425,1024487,0.03367539070773958,3.367539070773958
2020-12,PHP,40592,17825,1024487,0.039621781437929424,3.962178143792942
2020-12,Python,195288,75801,1024487,0.19062028117487093,19.062028117487092
2020-12,Ruby,25468,10627,1024487,0.0248592710302815,2.48592710302815
2020-12,Rust,42644,20103,1024487,0.04162473511132889,4.162473511132888
2020-12,Swift,32188,13063,1024487,0.03141865148118034,3.1418651481180335
2020-12,TypeScript,131738,53376,1024487,0.12858923539293324,12.858923539293324
2021-01,C#,61060,24118,1049420,0.05818452097349012,5.818452097349012
2021-01,C++,58235,23542,1049420,0.05549255779382897,5.549255779382897
2021-01,Go,69478,27139,1049420,0.06620609479522022,6.620609479522022
2021-01,Java,114005,41831,1049420,0.10863619904328105,10.863619904328106
2021-01,JavaScript,248939,85003,1049420,0.2372157953917402,23.72157953917402
2021-01,Kotlin,36444,14622,1049420,0.03472775437860914,3.4727754378609137
2021-01,PHP,43011,16897,1049420,0.04098549675058604,4.098549675058604
2021-01,Python,185795,79631,1049420,0.17704541556288236,17.704541556288238
2021-01,Ruby,25240,12188,1049420,0.02405138076270702,2.4051380762707018
2021-01,Rust,43429,20849,1049420,0.04138381201044387,4.138381201044386
2021-01,Swift,31708,12167,1049420,0.03021478530998075,3.021478530998075
2021-01,TypeScript,132076,51233,1049420,0.12585618722723027,12.585618722723027
2021-02,C#,63001,22693,1074646,0.058624886706878356,5.862488670687836
2021-02,C++,61169,26476,1074646,0.056920139283075544,5.692013928307555
2021-02,Go,70059,30138,1074646,0.0651926308756558,6.51926308756558
2021-02,Java,122275,49618,1074646,0.1137816546099832,11.37816546099832
2021-02,JavaScript,240411,88640,1074646,0.2237118083536346,22.37118083536346
2021-02,Kotlin,34252,13721,1074646,0.031872821375597174,3.1872821375597176
2021-02,PHP,42904,15549,1074646,0.03992384468932095,3.992384468932095
2021-02,Python,195517,79985,1074646,0.1819361910805977,18.19361910805977
2021-02,Ruby,23317,10117,1074646,0.021697377555027424,2.169737755502742
2021-02,Rust,46622,22959,1074646,0.043383588642213346,4.338358864221335
2021-02,Swift,33948,13915,1074646,0.03158993752361243,3.158993752361243
2021-02,TypeScript,141171,59451,1074646,0.1313651193044035,13.136511930440351
2021-03,C#,61043,27044,1095869,0.05570282579395895,5.570282579395895
2021-03,C++,62928,25000,1095869,0.057422921900336626,5.7422921900336625
2021-03,Go,65222,24502,1095869,0.05951623779849599,5.951623779849599
2021-03,Java,136403,51303,1095869,0.1244701693359334,12.44701693359334
2021-03,JavaScript,233701,84217,1095869,0.21325632899552774,21.325632899552772
2021-03,Kotlin,38508,14739,1095869,0.03513923653283376,3.513923653283376
2021-03,PHP,43927,16922,1095869,0.04008417064448397,4.0084170644483965
2021-03,Python,202600,77551,1095869,0.18487611201703855,18.487611201703853
2021-03,Ruby,22292,9607,1095869,0.02034184742884414,2.034184742884414
2021-03,Rust,46740,21742,1095869,0.042651083295539884,4.265108329553988
2021-03,Swift,33320,12665,1095869,0.030405094039524797,3.0405094039524796
2021-03,TypeScript,149185,63728,1095869,0.1361339722174822,13.613397221748219
2021-04,C#,64493,24964,1109813,0.05811159177266801,5.811159177266801
2021-04,C++,62195,25590,1109813,0.05604097266836845,5.604097266836845
2021-04,Go,65120,25340,1109813,0.05867655181548603,5.867655181548603
2021-04,Java,125754,49590,1109813,0.11331098121935858,11.331098121935858
2021-04,JavaScript,247287,89488,1109813,0.22281861899256902,22.281861899256903
2021-04,Kotlin,40036,15546,1109813,0.036074545891965584,3.6074545891965584
2021-04,PHP,44596,16361,1109813,0.0401833462033694,4.01833462033694
2021-04,Python,198302,80107,1109813,0.17868055248947345,17.868055248947346
2021-04,Ruby,26083,11106,1109813,0.02350215757068984,2.350215757068984
2021-04,Rust,48067,24023,1109813,0.04331090012461559,4.331090012461559
2021-04,Swift,36192,13606,1109813,0.03261089931366816,3.261089931366816
2021-04,TypeScript,151688,54267,1109813,0.1366788819377679,13.66788819377679
2021-05,C#,63417,25768,1115103,0.05687097963147799,5.687097963147799
2021-05,C++,61689,23318,1115103,0.055321346996645156,5.532134699664516
2021-05,Go,72937,27720,1115103,0.06540830757338112,6.540830757338112
2021-05,Java,125785,46829,1115103,0.11280123898868535,11.280123898868535
2021-05,JavaScript,256303,88869,1115103,0.229846928938403,22.9846928938403
2021-05,Kotlin,39673,14379,1115103,0.03557787935284902,3.5577879352849022
2021-05,PHP,40346,17011,1115103,0.03618141104454028,3.6181411044540277
2021-05,Python,207754,84405,1115103,0.18630924676913255,18.630924676913256
2021-05,Ruby,23185,9854,1115103,0.020791801295485707,2.0791801295485706
2021-05,Rust,45065,21294,1115103,0.04041330711154037,4.041330711154037
2021-05,Swift,35682,16126,1115103,0.031998837775523876,3.1998837775523876
2021-05,TypeScript,143267,62196,1115103,0.1284787145223356,12.847871452233562
2021-06,C#,64905,25947,1112699,0.05833113896929897,5.8331138969298975
2021-06,C++,62311,25099,1112699,0.05599987058494705,5.599987058494705
2021-06,Go,69915,25182,1112699,0.06283370435310898,6.283370435310898
2021-06,Java,123793,45825,1112699,0.11125470589979859,11.125470589979859
2021-06,JavaScript,262328,102117,1112699,0.23575827784513154,23.575827784513155
2021-06,Kotlin,39907,16890,1112699,0.03586504526381348,3.5865045263813484
2021-06,PHP,39190,17415,1112699,0.035220666146010736,3.5220666146010737
2021-06,Python,198914,78163,1112699,0.1787671239032299,17.87671239032299
2021-06,Ruby,22541,8083,1112699,0.020257949364563103,2.02579493645631
2021-06,Rust,48474,19592,1112699,0.04356434219856403,4.3564342198564034
2021-06,Swift,36443,13767,1112699,0.03275189426790174,3.275189426790174
2021-06,TypeScript,143978,64123,1112699,0.1293952812036319,12.939528120363189
2021-07,C#,65227,24915,1105657,0.05899388327483116,5.899388327483116
2021-07,C++,61884,23384,1105657,0.05597034161588992,5.597034161588992
2021-07,Go,71101,28707,1105657,0.06430656161901928,6.430656161901928
2021-07,Java,124297,49425,1105657,0.11241913179222851,11.241913179222852
2021-07,JavaScript,263486,97576,1105657,0.23830717844684202,23.8307178446842
2021-07,Kotlin,38475,16188,1105657,0.034798314486318996,3.4798314486318995
2021-07,PHP,39249,14508,1105657,0.03549835075434787,3.5498350754347867
2021-07,Python,196083,83681,1105657,0.17734523455284956,17.734523455284958
2021-07,Ruby,21724,8002,1105657,0.019648046365192823,1.9648046365192822
2021-07,Rust,47724,22337,1105657,0.0431634765573772,4.31634765573772
2021-07,Swift,35022,12799,1105657,0.031675284468872356,3.1675284468872356
2021-07,TypeScript,141385,61288,1105657,0.1278741960662303,12.787419606623029
2021-08,C#,60671,25939,1098341,0.0552387646459524,5.52387646459524
2021-08,C++,63290,28563,1098341,0.05762327000448859,5.762327000448859
2021-08,Go,66701,26494,1098341,0.06072886289412851,6.072886289412851
2021-08,Java,120560,51887,1098341,0.1097655464013453,10.97655464013453
2021-08,JavaScript,257242,91555,1098341,0.23420959428811272,23.420959428811273
2021-08,Kotlin,38907,16379,1098341,0.03542342496547065,3.542342496547065
2021-08,PHP,37672,16367,1098341,0.034299001858257135,3.4299001858257134
2021-08,Python,208962,80810,1098341,0.19025238974052686,19.025238974052687
2021-08,Ruby,24057,11119,1098341,0.021903033757275744,2.1903033757275745
2021-08,Rust,44117,21846,1098341,0.040166942689019165,4.016694268901917
2021-08,Swift,36493,14258,1098341,0.03322556473809136,3.322556473809136
2021-08,TypeScript,139669,60768,1098341,0.1271636040173316,12.716360401733159
2021-09,C#,62077,23453,1095277,0.0566769867348625,5.6676986734862504
2021-09,C++,60265,23992,1095277,0.05502261071856709,5.502261071856709
2021-09,Go,68406,28856,1095277,0.06245543364829171,6.245543364829171
2021-09,Java,121077,48417,1095277,0.11054463847958096,11.054463847958097
2021-09,JavaScript,253151,90868,1095277,0.23112965943774955,23.112965943774956
2021-09,Kotlin,35799,13492,1095277,0.032684882454392813,3.2684882454392814
2021-09,PHP,37006,15317,1095277,0.03378688678754324,3.378688678754324
2021-09,Python,210841,87831,1095277,0.19250016205946074,19.250016205946075
2021-09,Ruby,20157,7689,1095277,0.01840356366471678,1.840356366471678
2021-09,Rust,44502,23558,1095277,0.04063081759226205,4.063081759226205
2021-09,Swift,33787,13964,1095277,0.030847904228793264,3.0847904228793266
2021-09,TypeScript,148209,66807,1095277,0.1353164541937793,13.53164541937793
2021-10,C#,60271,25200,1099909,0.054796351334519496,5.47963513345195
2021-10,C++,62119,24517,1099909,0.056476490327836214,5.6476490327836215
2021-10,Go,67614,29282,1099909,0.06147235816781207,6.1472358167812065
2021-10,Java,125100,51123,1099909,0.11373668185277146,11.373668185277145
2021-10,JavaScript,250725,82573,1099909,0.22795067591955334,22.795067591955334
2021-10,Kotlin,38404,14657,1099909,0.03491561574639356,3.491561574639356
2021-10,PHP,38003,15844,1099909,0.03455104013150179,3.4551040131501787
2021-10,Python,210649,75919,1099909,0.1915149344173018,19.15149344173018
2021-10,Ruby,21505,8947,1099909,0.01955161745198921,1.955161745198921
2021-10,Rust,42297,18926,1099909,0.03845499945904616,3.8454999459046157
2021-10,Swift,36756,14462,1099909,0.03341730997746177,3.341730997746177
2021-10,TypeScript,146466,57735,1099909,0.13316192521381315,13.316192521381314
2021-11,C#,67703,27297,1113669,0.06079274901249833,6.079274901249833
2021-11,C++,65045,25668,1113669,0.058406043447379784,5.8406043447379785
2021-11,Go,68909,25149,1113669,0.06187565605220222,6.187565605220223
2021-11,Java,118567,45538,1113669,0.10646520644823551,10.646520644823552
2021-11,JavaScript,245763,80673,1113669,0.22067867562085322,22.067867562085322
2021-11,Kotlin,38183,16425,1113669,0.03428577072720889,3.428577072720889
2021-11,PHP,35902,13761,1113669,0.032237585853606414,3.2237585853606414
2021-11,Python,214819,79865,1113669,0.19289304093047396,19.289304093047395
2021-11,Ruby,17832,6956,1113669,0.016011938915422807,1.6011938915422808
2021-11,Rust,50291,22102,1113669,0.045157941901947524,4.515794190194752
2021-11,Swift,33907,12975,1113669,0.030446209780464393,3.0446209780464395
2021-11,TypeScript,156748,66531,1113669,0.14074918130970693,14.074918130970692
2021-12,C#,68651,24477,1135537,0.060456858737319874,6.045685873731987
2021-12,C++,65532,26263,1135537,0.05771014066472515,5.771014066472515
2021-12,Go,74877,28210,1135537,0.06593972719515084,6.593972719515085
2021-12,Java,116949,41596,1135537,0.10299003907402401,10.299003907402401
2021-12,JavaScript,265122,94542,1135537,0.23347720065484437,23.347720065484438
2021-12,Kotlin,40934,16257,1135537,0.03604814286104284,3.604814286104284
2021-12,PHP,37765,15133,1135537,0.033257392757787725,3.3257392757787727
2021-12,Python,206250,91260,1135537,0.1816321264740823,18.16321264740823
2021-12,Ruby,21841,8764,1135537,0.01923407163306876,1.9234071633068759
2021-12,Rust,49575,24634,1135537,0.043657758399770326,4.365775839977033
2021-12,Swift,35508,13937,1135537,0.03126978689377801,3.126978689377801
2021-12,TypeScript,152533,66383,1135537,0.1343267546544058,13.43267546544058
2022-01,C#,65890,26449,1162297,0.056689469214839236,5.668946921483924
2022-01,C++,68636,24010,1162297,0.05905203231187898,5.9052032311878975
2022-01,Go,72708,29955,1162297,0.06255543978862546,6.255543978862546
2022-01,Java,122470,45424,1162297,0.10536893754350223,10.536893754350222
2022-01,JavaScript,254116,89689,1162297,0.21863258702379856,21.863258702379856
2022-01,Kotlin,40122,15296,1162297,0.03451957632171467,3.4519576321714673
2022-01,PHP,36627,15797,1162297,0.031512599619546465,3.1512599619546466
2022-01,Python,223670,82609,1162297,0.19243790528582624,19.243790528582625
2022-01,Ruby,19551,8197,1162297,0.01682100186097013,1.682100186097013
2022-01,Rust,48066,19621,1162297,0.041354318216428335,4.135431821642833
2022-01,Swift,38511,15719,1162297,0.03313352783324744,3.313352783324744
2022-01,TypeScript,171930,65023,1162297,0.14792260497962226,14.792260497962225
2022-02,C#,66449,27625,1189352,0.055869919081987504,5.58699190819875
2022-02,C++,64578,24290,1189352,0.054296793548083325,5.429679354808332
2022-02,Go,68667,26856,1189352,0.05773480012645541,5.773480012645541
2022-02,Java,137915,50185,1189352,0.1159581015544599,11.59581015544599
2022-02,JavaScript,278657,101817,1189352,0.23429312768633676,23.429312768633675
2022-02,Kotlin,44354,17323,1189352,0.037292576125486816,3.7292576125486816
2022-02,PHP,38173,16480,1189352,0.03209562854394662,3.2095628543946617
2022-02,Python,233714,92824,1189352,0.1965053239074723,19.65053239074723
2022-02,Ruby,19900,9073,1189352,0.01673180017353988,1.673180017353988
2022-02,Rust,51230,22032,1189352,0.043073875522133064,4.3073875522133065
2022-02,Swift,36279,15207,1189352,0.030503164748535337,3.050316474853534
2022-02,TypeScript,149436,64551,1189352,0.12564488898156306,12.564488898156306
2022-03,C#,67850,25232,1211955,0.0559839267959619,5.59839267959619
2022-03,C++,69611,28044,1211955,0.05743695104191162,5.743695104191162
2022-03,Go,77028,32548,1211955,0.06355681522828818,6.355681522828818
2022-03,Java,136924,55327,1211955,0.11297779207973893,11.297779207973893
2022-03,JavaScript,274887,97447,1211955,0.22681287671571965,22.681287671571965
2022-03,Kotlin,43994,17099,1211955,0.03630002764129031,3.6300027641290313
2022-03,PHP,37635,14874,1211955,0.031053133160884688,3.105313316088469
2022-03,Python,235833,94879,1211955,0.19458890800401005,19.458890800401004
2022-03,Ruby,19730,8132,1211955,0.016279482324013682,1.627948232401368
2022-03,Rust,52736,25800,1211955,0.043513166742989634,4.351316674298963
2022-03,Swift,39207,15205,1211955,0.03235021102268649,3.235021102268649
2022-03,TypeScript,156520,65511,1211955,0.12914670924250488,12.914670924250487
2022-04,C#,67550,27498,1226489,0.055075911810052926,5.507591181005292
2022-04,C++,68474,27382,1226489,0.055829281795433956,5.582928179543396
2022-04,Go,75460,29726,1226489,0.06152521547278451,6.152521547278451
2022-04,Java,137506,46286,1226489,0.11211352078983179,11.211352078983179
2022-04,JavaScript,287358,96533,1226489,0.23429317344060974,23.429317344060973
2022-04,Kotlin,40897,15556,1226489,0.03334477520793093,3.334477520793093
2022-04,PHP,37917,13486,1226489,0.030915075471528893,3.0915075471528892
2022-04,Python,246853,97574,1226489,0.20126800974162834,20.126800974162833
2022-04,Ruby,17748,6918,1226489,0.01447057413478637,1.447057413478637
2022-04,Rust,50957,25824,1226489,0.041547050156992844,4.154705015699284
2022-04,Swift,37829,14945,1226489,0.03084332594911165,3.084332594911165
2022-04,TypeScript,157940,65114,1226489,0.12877408602930804,12.877408602930803
2022-05,C#,72482,28727,1231461,0.058858542820276076,5.885854282027608
2022-05,C++,66197,25023,1231461,0.053754848915231586,5.375484891523159
2022-05,Go,75389,28070,1231461,0.06121915350953055,6.121915350953055
2022-05,Java,143029,58963,1231461,0.11614578131179144,11.614578131179144
2022-05,JavaScript,271791,99579,1231461,0.22070613685695284,22.070613685695285
2022-05,Kotlin,43937,15839,1231461,0.035678758807627685,3.5678758807627684
2022-05,PHP,38334,14517,1231461,0.03112887862465803,3.112887862465803
2022-05,Python,247349,94737,1231461,0.20085816765614176,20.085816765614176
2022-05,Ruby,19319,8048,1231461,0.015687869936603756,1.5687869936603756
2022-05,Rust,51547,26002,1231461,0.04185841045717242,4.1858410457172415
2022-05,Swift,38736,16625,1231461,0.031455320144121494,3.1455320144121495
2022-05,TypeScript,163351,72145,1231461,0.13264813095989236,13.264813095989236
2022-06,C#,66933,24406,1227940,0.0545083636008274,5.45083636008274
2022-06,C++,66544,25428,1227940,0.054191572878153654,5.4191572878153655
2022-06,Go,78606,30909,1227940,0.06401452839715295,6.401452839715295
2022-06,Java,140655,53374,1227940,0.1145454989657475,11.45454989657475
2022-06,JavaScript,296529,113788,1227940,0.24148492597358176,24.148492597358175
2022-06,Kotlin,43263,18205,1227940,0.03523217746795446,3.523217746795446
2022-06,PHP,36644,15268,1227940,0.029841848950274443,2.984184895027444
2022-06,Python,224221,94287,1227940,0.18259931267000015,18.259931267000017
2022-06,Ruby,17883,6845,1227940,0.01456341515057739,1.456341515057739
2022-06,Rust,52103,25085,1227940,0.0424312262814144,4.24312262814144
2022-06,Swift,38130,16487,1227940,0.031052005798328907,3.1052005798328906
2022-06,TypeScript,166429,64449,1227940,0.13553512386598693,13.553512386598692
2022-07,C#,70268,26123,1219325,0.05762860599101962,5.762860599101962
2022-07,C++,69122,25987,1219325,0.056688741721854306,5.668874172185431
2022-07,Go,76172,29516,1219325,0.06247062924158858,6.247062924158858
2022-07,Java,132222,52447,1219325,0.10843868533819942,10.843868533819942
2022-07,JavaScript,287533,102406,1219325,0.23581325733500091,23.58132573350009
2022-07,Kotlin,43222,17528,1219325,0.03544748118836241,3.544748118836241
2022-07,PHP,34967,14147,1219325,0.0286773419719927,2.86773419719927
2022-07,Python,232521,96623,1219325,0.19069649191150842,19.06964919115084
2022-07,Ruby,16754,5992,1219325,0.013740389149734484,1.3740389149734484
2022-07,Rust,52992,20742,1219325,0.043460111127058006,4.346011112705801
2022-07,Swift,36815,14503,1219325,0.030192934615463473,3.019293461546347
2022-07,TypeScript,166737,74727,1219325,0.13674533040821765,13.674533040821766
2022-08,C#,74328,29823,1210434,0.06140607418496176,6.140607418496176
2022-08,C++,67751,26239,1210434,0.05597248590175094,5.597248590175094
2022-08,Go,77250,29904,1210434,0.06382008436643385,6.382008436643385
2022-08,Java,131550,55239,1210434,0.10868002716381067,10.868002716381067
2022-08,JavaScript,280225,87549,1210434,0.23150787238296347,23.150787238296346
2022-08,Kotlin,41079,17343,1210434,0.033937414183672965,3.3937414183672967
2022-08,PHP,35854,14918,1210434,0.02962078064561967,2.9620780645619673
2022-08,Python,235420,95680,1210434,0.19449222345043182,19.449222345043182
2022-08,Ruby,15232,5855,1210434,0.012583916182129715,1.2583916182129715
2022-08,Rust,52021,24183,1210434,0.04297714703982208,4.297714703982209
2022-08,Swift,36494,15161,1210434,0.030149516619658735,3.0149516619658736
2022-08,TypeScript,163230,71115,1210434,0.1348524578787443,13.485245787874431
2022-09,C#,71940,27631,1206242,0.059639773776738,5.9639773776738
2022-09,C++,67164,29267,1206242,0.05568036927913304,5.568036927913305
2022-09,Go,79501,33789,1206242,0.06590800187690364,6.590800187690364
2022-09,Java,132179,53015,1206242,0.1095791723385523,10.95791723385523
2022-09,JavaScript,275658,103945,1206242,0.22852628245410125,22.852628245410127
2022-09,Kotlin,43372,18967,1206242,0.035956300642822916,3.595630064282292
2022-09,PHP,36022,14724,1206242,0.02986299598256403,2.986299598256403
2022-09,Python,224123,98502,1206242,0.185802683043701,18.5802683043701
2022-09,Ruby,14186,5931,1206242,0.011760492504820757,1.1760492504820756
2022-09,Rust,53022,27969,1206242,0.04395635370016962,4.395635370016962
2022-09,Swift,38312,16119,1206242,0.03176145416922972,3.176145416922972
2022-09,TypeScript,170763,68724,1206242,0.14156612023126372,14.156612023126373
2022-10,C#,65432,24662,1210539,0.054051955368641574,5.4051955368641575
2022-10,C++,66416,27470,1210539,0.054864816416488854,5.4864816416488855
2022-10,Go,80783,32233,1210539,0.06673308336203955,6.673308336203955
2022-10,Java,125449,46950,1210539,0.10363069673922112,10.363069673922112
2022-10,JavaScript,286049,99865,1210539,0.23629887182486478,23.629887182486478
2022-10,Kotlin,41830,15769,1210539,0.03455485531651603,3.455485531651603
2022-10,PHP,33529,12867,1210539,0.02769757934275558,2.769757934275558
2022-10,Python,226680,92576,1210539,0.1872554291931115,18.72554291931115
2022-10,Ruby,14382,5774,1210539,0.011880658120060568,1.1880658120060568
2022-10,Rust,55325,28426,1210539,0.045702781983893125,4.570278198389312
2022-10,Swift,39486,15364,1210539,0.032618527779774135,3.2618527779774134
2022-10,TypeScript,175178,71557,1210539,0.14471074455263316,14.471074455263317
2022-11,C#,72756,31109,1224879,0.059398520180360674,5.939852018036067
2022-11,C++,67281,25577,1224879,0.05492869091559248,5.492869091559248
2022-11,Go,72950,30054,1224879,0.05955690317166022,5.955690317166022
2022-11,Java,137479,54282,1224879,0.11223884155087972,11.223884155087973
2022-11,JavaScript,268651,92883,1224879,0.21932860307018082,21.932860307018082
2022-11,Kotlin,40836,15489,1224879,0.033338803261383367,3.3338803261383365
2022-11,PHP,34195,12833,1224879,0.027917043234474588,2.791704323447459
2022-11,Python,251757,110318,1224879,0.2055362203123737,20.55362203123737
2022-11,Ruby,13050,5054,1224879,0.01065411358999542,1.065411358999542
2022-11,Rust,51698,23380,1224879,0.042206617959814806,4.2206617959814805
2022-11,Swift,37793,16239,1224879,0.030854476238061066,3.0854476238061066
2022-11,TypeScript,176433,67174,1224879,0.14404116651522314,14.404116651522314
2022-12,C#,71367,29700,1248126,0.05717932324140351,5.717932324140351
2022-12,C++,69597,25338,1248126,0.055761197186822486,5.576119718682248
2022-12,Go,77207,32597,1248126,0.06185833802036012,6.185833802036012
2022-12,Java,129614,50940,1248126,0.10384688725337025,10.384688725337025
2022-12,JavaScript,299702,115749,1248126,0.24012159028816002,24.012159028816
2022-12,Kotlin,45243,17745,1248126,0.03624874411718048,3.624874411718048
2022-12,PHP,35266,14016,1248126,0.028255160136076006,2.8255160136076007
2022-12,Python,237938,89960,1248126,0.19063620179372917,19.06362017937292
2022-12,Ruby,13035,5321,1248126,0.01044365713077045,1.044365713077045
2022-12,Rust,54522,28159,1248126,0.04368308968806034,4.3683089688060335
2022-12,Swift,38745,14131,1248126,0.031042538974430465,3.1042538974430465
2022-12,TypeScript,175890,71753,1248126,0.1409232721696367,14.092327216963671
2023-01,C#,72600,26289,1276725,0.05686424249544734,5.686424249544734
2023-01,C++,70161,26827,1276725,0.0549538859190507,5.49538859190507
2023-01,Go,87750,36313,1276725,0.06873054103272044,6.873054103272044
2023-01,Java,120877,48641,1276725,0.09467739724686208,9.467739724686208
2023-01,JavaScript,293250,99603,1276725,0.22968924396404863,22.968924396404862
2023-01,Kotlin,42027,18303,1276725,0.03291781707102156,3.291781707102156
2023-01,PHP,34969,14637,1276725,0.027389610135307132,2.738961013530713
2023-01,Python,263097,120492,1276725,0.2060717852317453,20.60717852317453
2023-01,Ruby,13666,5069,1276725,0.010703949558440541,1.0703949558440542
2023-01,Rust,56095,24915,1276725,0.04393663474906499,4.393663474906499
2023-01,Swift,39136,14707,1276725,0.030653429673578883,3.0653429673578882
2023-01,TypeScript,183097,78245,1276725,0.1434114629227124,14.34114629227124
2023-02,C#,73573,24828,1305622,0.05635091933193528,5.635091933193528
2023-02,C++,75955,29469,1305622,0.05817533711901301,5.817533711901301
2023-02,Go,83671,32522,1305622,0.06408516400612121,6.408516400612122
2023-02,Java,136566,49825,1305622,0.10459842128885696,10.459842128885697
2023-02,JavaScript,298960,103714,1305622,0.22897898472911762,22.897898472911763
2023-02,Kotlin,45453,18750,1305622,0.03481329205543412,3.4813292055434117
2023-02,PHP,35886,15279,1305622,0.027485750086931746,2.748575008693175
2023-02,Python,252648,89933,1305622,0.19350776871100517,19.350776871100518
2023-02,Ruby,13824,5305,1305622,0.010588056880168992,1.0588056880168992
2023-02,Rust,58027,28536,1305622,0.044443950852543844,4.444395085254384
2023-02,Swift,42154,16230,1305622,0.03228652703462411,3.2286527034624113
2023-02,TypeScript,188905,74185,1305622,0.14468582790424794,14.468582790424794
2023-03,C#,74591,31093,1329609,0.056099951188657717,5.609995118865772
2023-03,C++,72482,29454,1329609,0.05451377058969968,5.451377058969968
2023-03,Go,89302,35680,1329609,0.06716410613947409,6.716410613947408
2023-03,Java,143657,53448,1329609,0.10804454542651261,10.80445454265126
2023-03,JavaScript,301636,102719,1329609,0.22686067859047285,22.686067859047284
2023-03,Kotlin,46526,18547,1329609,0.03499224208019049,3.4992242080190494
2023-03,PHP,32318,14576,1329609,0.024306393834578437,2.4306393834578435
2023-03,Python,262722,103328,1329609,0.19759342784232056,19.759342784232057
2023-03,Ruby,13218,5298,1329609,0.009941268448092636,0.9941268448092635
2023-03,Rust,57481,28171,1329609,0.04323150640526651,4.323150640526651
2023-03,Swift,43247,17595,1329609,0.0325261035387095,3.25261035387095
2023-03,TypeScript,192429,79858,1329609,0.14472600591602494,14.472600591602495
2023-04,C#,76433,29130,1344728,0.05683900387290218,5.683900387290218
2023-04,C++,79198,33288,1344728,0.05889518177653771,5.889518177653771
2023-04,Go,93812,38318,1344728,0.06976280705094265,6.976280705094265
2023-04,Java,135408,51885,1344728,0.10069545662766002,10.069545662766002
2023-04,JavaScript,311698,108194,1344728,0.23179260043666824,23.179260043666826
2023-04,Kotlin,48179,20527,1344728,0.03582806337043625,3.582806337043625
2023-04,PHP,32698,13585,1344728,0.024315698044511603,2.4315698044511604
2023-04,Python,272604,115390,1344728,0.2027205501781773,20.27205501781773
2023-04,Ruby,12912,6164,1344728,0.009601941805331636,0.9601941805331635
2023-04,Rust,59576,29473,1344728,0.044303383286434135,4.430338328643414
2023-04,Swift,43508,17231,1344728,0.03235449845619337,3.2354498456193372
2023-04,TypeScript,178702,72553,1344728,0.13289081509420492,13.289081509420491
2023-05,C#,80943,31206,1349364,0.05998603786672833,5.998603786672833
2023-05,C++,74558,30331,1349364,0.05525417900581311,5.525417900581311
2023-05,Go,89620,38051,1349364,0.06641647472438868,6.641647472438867
2023-05,Java,145153,55854,1349364,0.1075714188313902,10.757141883139019
2023-05,JavaScript,324285,125768,1349364,0.24032433057351463,24.03243305735146
2023-05,Kotlin,48393,17396,1349364,0.03586356238939233,3.586356238939233
2023-05,PHP,35013,13817,1349364,0.025947779842948233,2.594777984294823
2023-05,Python,248501,103009,1349364,0.18416157537921568,18.416157537921567
2023-05,Ruby,11945,4859,1349364,0.008852318573787354,0.8852318573787354
2023-05,Rust,62026,28866,1349364,0.04596684067456965,4.596684067456965
2023-05,Swift,41497,17292,1349364,0.030753006601628618,3.0753006601628616
2023-05,TypeScript,187430,81182,1349364,0.1389024755366232,13.890247553662318
2023-06,C#,73138,28571,1344707,0.05438954359574242,5.438954359574242
2023-06,C++,75102,28624,1344707,0.055850084814015245,5.585008481401524
2023-06,Go,84007,35104,1344707,0.0624723452767034,6.24723452767034
2023-06,Java,139900,60268,1344707,0.10403753382707162,10.403753382707162
2023-06,JavaScript,320972,120466,1344707,0.23869288997528829,23.86928899752883
2023-06,Kotlin,49186,18870,1344707,0.036577484909352,3.6577484909352
2023-06,PHP,32021,14089,1344707,0.023812622377960405,2.3812622377960406
2023-06,Python,270706,109999,1344707,0.20131225612717119,20.131225612717117
2023-06,Ruby,10386,3907,1344707,0.007723615627791036,0.7723615627791036
2023-06,Rust,58233,30442,1344707,0.04330534458435927,4.3305344584359275
2023-06,Swift,44190,16065,1344707,0.032862177411138636,3.2862177411138638
2023-06,TypeScript,186866,80343,1344707,0.1389641014734065,13.89641014734065
2023-07,C#,77863,26645,1334488,0.058346721738974046,5.834672173897404
2023-07,C++,74963,29324,1334488,0.0561736036592311,5.61736036592311
2023-07,Go,83781,32763,1334488,0.06278138132377362,6.278138132377362
2023-07,Java,126765,45935,1334488,0.0949914873719359,9.49914873719359
2023-07,JavaScript,330346,117930,1334488,0.24754512592095246,24.754512592095246
2023-07,Kotlin,48303,21380,1334488,0.03619590434683564,3.619590434683564
2023-07,PHP,32311,11616,1334488,0.024212282163646282,2.421228216364628
2023-07,Python,265633,106993,1334488,0.1990523706470197,19.905237064701968
2023-07,Ruby,10417,4039,1334488,0.0078059900126490455,0.7805990012649046
2023-07,Rust,63119,28446,1334488,0.047298289681136134,4.729828968113614
2023-07,Swift,45047,16619,1334488,0.033756017289027704,3.37560172890277
2023-07,TypeScript,175940,78083,1334488,0.13184082584481838,13.184082584481837
2023-08,C#,73733,30477,1323985,0.055690207970634106,5.569020797063411
2023-08,C++,74433,29840,1323985,0.05621891486686027,5.621891486686027
2023-08,Go,85152,37631,1323985,0.06431492803921494,6.431492803921494
2023-08,Java,127713,50344,1323985,0.09646106262533186,9.646106262533186
2023-08,JavaScript,314867,106162,1323985,0.2378176489914916,23.78176489914916
2023-08,Kotlin,47307,17396,1323985,0.03573076734253031,3.573076734253031
2023-08,PHP,33353,11949,1323985,0.02519137301404472,2.519137301404472
2023-08,Python,263686,107597,1323985,0.19916086662613247,19.916086662613246
2023-08,Ruby,10260,3937,1323985,0.007749332507543514,0.7749332507543515
2023-08,Rust,59891,27122,1323985,0.0452354067455447,4.52354067455447
2023-08,Swift,41308,17406,1323985,0.031199749241872077,3.1199749241872077
2023-08,TypeScript,192282,75499,1323985,0.14522974202879943,14.522974202879944
2023-09,C#,75229,28235,1318643,0.057050316120435936,5.7050316120435935
2023-09,C++,69359,26856,1318643,0.05259877009926114,5.259877009926114
2023-09,Go,81631,35435,1318643,0.06190530719838501,6.190530719838501
2023-09,Java,131366,55470,1318643,0.09962211151919056,9.962211151919057
2023-09,JavaScript,320589,106396,1318643,0.24312038967332325,24.312038967332324
2023-09,Kotlin,49604,18573,1318643,0.03761745976735174,3.7617459767351735
2023-09,PHP,30592,14037,1318643,0.02319960747526055,2.319960747526055
2023-09,Python,253790,96115,1318643,0.19246300932094584,19.246300932094584
2023-09,Ruby,8307,3205,1318643,0.0062996580575637225,0.6299658057563723
2023-09,Rust,64734,31324,1318643,0.04909137651358252,4.909137651358252
2023-09,Swift,38593,15420,1318643,0.02926720878964208,2.926720878964208
2023-09,TypeScript,194849,82755,1318643,0.14776478546505764,14.776478546505764
2023-10,C#,75758,28582,1322592,0.057279947255086984,5.727994725508698
2023-10,C++,74998,28174,1322592,0.05670531804214754,5.670531804214754
2023-10,Go,87351,35432,1322592,0.06604531102562242,6.604531102562242
2023-10,Java,134387,47720,1322592,0.1016088105780165,10.16088105780165
2023-10,JavaScript,304094,110270,1322592,0.2299227577363238,22.992275773632382
2023-10,Kotlin,43901,16915,1322592,0.033193154049018896,3.3193154049018894
2023-10,PHP,28956,11754,1322592,0.02189337301299267,2.189337301299267
2023-10,Python,270572,106683,1322592,0.20457707289927657,20.457707289927658
2023-10,Ruby,8058,3112,1322592,0.0060925818392973796,0.609258183929738
2023-10,Rust,58029,25248,1322592,0.043875208681135223,4.387520868113523
2023-10,Swift,39318,16936,1322592,0.02972798867678014,2.972798867678014
2023-10,TypeScript,197170,82369,1322592,0.14907847620430187,14.907847620430188
2023-11,C#,75212,31457,1337512,0.05623276650975842,5.623276650975842
2023-11,C++,69613,27777,1337512,0.0520466358432672,5.20466358432672
2023-11,Go,87827,35801,1337512,0.06566445758991321,6.566445758991321
2023-11,Java,129143,49634,1337512,0.09655464773400164,9.655464773400164
2023-11,JavaScript,312946,109155,1337512,0.23397621853112346,23.397621853112348
2023-11,Kotlin,47177,18445,1337512,0.03527220690356423,3.527220690356423
2023-11,PHP,27883,11805,1337512,0.02084691576598939,2.084691576598939
2023-11,Python,284038,114026,1337512,0.21236295450059514,21.236295450059515
2023-11,Ruby,7016,3101,1337512,0.005245560413663578,0.5245560413663578
2023-11,Rust,61847,26484,1337512,0.04624033279701416,4.624033279701416
2023-11,Swift,40834,17742,1337512,0.030529819545544266,3.0529819545544266
2023-11,TypeScript,193976,77636,1337512,0.14502748386556533,14.502748386556533
2023-12,C#,80685,32798,1362144,0.05923382549862569,5.923382549862569
2023-12,C++,76989,32043,1362144,0.05652045598703221,5.652045598703221
2023-12,Go,91755,33477,1362144,0.06736071957149904,6.736071957149904
2023-12,Java,144313,56002,1362144,0.10594548006671835,10.594548006671834
2023-12,JavaScript,302309,106953,1362144,0.22193615359315902,22.193615359315903
2023-12,Kotlin,50170,21003,1362144,0.03683164188220922,3.683164188220922
2023-12,PHP,30364,12726,1362144,0.022291328963751262,2.229132896375126
2023-12,Python,277543,108720,1362144,0.20375452228251933,20.375452228251934
2023-12,Ruby,6717,2527,1362144,0.004931196701670308,0.49311967016703084
2023-12,Rust,61040,27932,1362144,0.04481170860055912,4.481170860055912
2023-12,Swift,41873,18030,1362144,0.030740509079803604,3.0740509079803604
2023-12,TypeScript,198386,80622,1362144,0.14564245777245283,14.564245777245283
2024-01,C#,77408,30077,1392593,0.055585515653173614,5.558551565317361
2024-01,C++,79080,30095,1392593,0.05678615359979549,5.678615359979549
2024-01,Go,94128,36080,1392593,0.06759189511939238,6.759189511939239
2024-01,Java,143639,53050,1392593,0.10314499642034679,10.31449964203468
2024-01,JavaScript,339334,112840,1392593,0.24367062020274408,24.367062020274407
2024-01,Kotlin,46980,19503,1392593,0.03373562842840658,3.373562842840658
2024-01,PHP,30061,11767,1392593,0.02158635006782312,2.158635006782312
2024-01,Python,265873,96628,1392593,0.19091938563528613,19.09193856352861
2024-01,Ruby,6349,2425,1392593,0.004559121006640131,0.4559121006640131
2024-01,Rust,63465,30378,1392593,0.04557325794399369,4.557325794399369
2024-01,Swift,43997,19860,1392593,0.03159358118272891,3.159358118272891
2024-01,TypeScript,202279,91057,1392593,0.1452534947396691,14.525349473966909
2024-02,C#,81370,29373,1423347,0.057168069346406745,5.716806934640674
2024-02,C++,86124,33547,1423347,0.06050808411441483,6.050808411441483
2024-02,Go,93553,38286,1423347,0.06572747193762309,6.572747193762309
2024-02,Java,143776,55457,1423347,0.10101261322783552,10.101261322783552
2024-02,JavaScript,333674,124502,1423347,0.23442913077415417,23.44291307741542
2024-02,Kotlin,48107,21536,1423347,0.033798504510846615,3.3798504510846614
2024-02,PHP,29307,12031,1423347,0.020590200421963162,2.059020042196316
2024-02,Python,290043,119954,1423347,0.20377532674744808,20.37753267474481
2024-02,Ruby,5964,2075,1423347,0.004190123701388347,0.41901237013883474
2024-02,Rust,69644,34574,1423347,0.04892974095564891,4.892974095564891
2024-02,Swift,45470,16782,1423347,0.03194582909157078,3.194582909157078
2024-02,TypeScript,196315,75444,1423347,0.13792490517069977,13.792490517069977
2024-03,C#,79457,29662,1448728,0.05484604425399385,5.484604425399385
2024-03,C++,82005,34242,1448728,0.056604828511632274,5.660482851163227
2024-03,Go,86885,34042,1448728,0.0599733007162145,5.99733007162145
2024-03,Java,132620,57112,1448728,0.09154237372370796,9.154237372370796
2024-03,JavaScript,341609,125911,1448728,0.2357992666670348,23.57992666670348
2024-03,Kotlin,51313,21674,1448728,0.03541934717904258,3.541934717904258
2024-03,PHP,29006,11378,1448728,0.02002170179633444,2.0021701796334437
2024-03,Python,314319,129323,1448728,0.21696205222788542,21.696205222788542
2024-03,Ruby,5595,2274,1448728,0.0038620086034093356,0.38620086034093354
2024-03,Rust,64058,31935,1448728,0.04421671977072301,4.421671977072301
2024-03,Swift,43710,16445,1448728,0.03017129509473138,3.017129509473138
2024-03,TypeScript,218151,86250,1448728,0.15058106145529043,15.058106145529043
2024-04,C#,85837,37869,1464430,0.058614614559931166,5.861461455993116
2024-04,C++,83941,30527,1464430,0.05731991286712236,5.731991286712236
2024-04,Go,98080,39445,1464430,0.06697486394023613,6.697486394023613
2024-04,Java,144236,54726,1464430,0.09849292898943617,9.849292898943617
2024-04,JavaScript,339393,122947,1464430,0.2317577487486599,23.17577487486599
2024-04,Kotlin,51194,18866,1464430,0.034958311424923005,3.4958311424923005
2024-04,PHP,27372,11131,1464430,0.01869123140061321,1.8691231400613209
2024-04,Python,316249,117109,1464430,0.21595364749424692,21.595364749424693
2024-04,Ruby,4946,2058,1464430,0.0033774232978018752,0.33774232978018753
2024-04,Rust,65876,35070,1464430,0.044984055229679805,4.498405522967981
2024-04,Swift,44067,18052,1464430,0.030091571464665432,3.0091571464665434
2024-04,TypeScript,203239,92461,1464430,0.13878369058268406,13.878369058268406
2024-05,C#,83877,33894,1468715,0.05710910557868613,5.710910557868613
2024-05,C++,83342,36832,1468715,0.05674484157920359,5.674484157920359
2024-05,Go,96546,38596,1468715,0.06573501325989045,6.573501325989045
2024-05,Java,150244,59254,1468715,0.10229622493131751,10.229622493131751
2024-05,JavaScript,359307,128221,1468715,0.2446403829197632,24.46403829197632
2024-05,Kotlin,49348,19177,1468715,0.03359943896535407,3.359943896535407
2024-05,PHP,26729,11933,1468715,0.018198901761063244,1.8198901761063244
2024-05,Python,287952,112465,1468715,0.19605709753083478,19.605709753083477
2024-05,Ruby,4016,1719,1468715,0.00273436303162969,0.27343630316296896
2024-05,Rust,71038,33500,1468715,0.048367450458393905,4.836745045839391
2024-05,Swift,45905,17799,1468715,0.03125521289017951,3.125521289017951
2024-05,TypeScript,210411,85979,1468715,0.14326196709368394,14.326196709368395
2024-06,C#,80052,27661,1462898,0.054721518520088205,5.47215185200882
2024-06,C++,85149,31507,1462898,0.05820569855177873,5.820569855177872
2024-06,Go,94288,36156,1462898,0.06445288735099781,6.445288735099782
2024-06,Java,137356,56803,1462898,0.09389308072059706,9.389308072059706
2024-06,JavaScript,362091,137027,1462898,0.2475162314802536,24.75162314802536
2024-06,Kotlin,53125,19731,1462898,0.036314903704837934,3.6314903704837933
2024-06,PHP,26245,11879,1462898,0.017940416898512404,1.7940416898512404
2024-06,Python,273375,107620,1462898,0.18687222212348367,18.687222212348367
2024-06,Ruby,3357,1349,1462898,0.0022947601268167705,0.22947601268167706
2024-06,Rust,69548,36572,1462898,0.04754125031273541,4.75412503127354
2024-06,Swift,46302,19442,1462898,0.03165087381348529,3.165087381348529
2024-06,TypeScript,232010,94155,1462898,0.15859615639641314,15.859615639641314
2024-07,C#,83882,33851,1451039,0.057808232583686586,5.780823258368659
2024-07,C++,80459,32028,1451039,0.0554492332735371,5.54492332735371
2024-07,Go,95023,39879,1451039,0.06548617921365311,6.548617921365311
2024-07,Java,138951,52030,1451039,0.09575965911322852,9.575965911322852
2024-07,JavaScript,350273,126056,1451039,0.24139461447969351,24.139461447969353
2024-07,Kotlin,53046,20654,1451039,0.03655725311311412,3.655725311311412
2024-07,PHP,26874,10275,1451039,0.018520522191340136,1.8520522191340136
2024-07,Python,296659,120678,1451039,0.20444591771826945,20.444591771826946
2024-07,Ruby,2561,1080,1451039,0.001764942224158,0.17649422241579998
2024-07,Rust,68200,31475,1451039,0.04700080425129855,4.700080425129856
2024-07,Swift,48545,19096,1451039,0.03345533786479895,3.345533786479895
2024-07,TypeScript,206566,82618,1451039,0.14235730397322194,14.235730397322193
2024-08,C#,79201,32636,1438900,0.05504274098269511,5.504274098269511
2024-08,C++,83206,30459,1438900,0.05782611717284036,5.782611717284036
2024-08,Go,94072,39212,1438900,0.06537771909097227,6.537771909097227
2024-08,Java,141540,54216,1438900,0.09836680797831678,9.836680797831677
2024-08,JavaScript,344373,106722,1438900,0.23933073875877406,23.933073875877405
2024-08,Kotlin,49341,21990,1438900,0.03429077767739245,3.429077767739245
2024-08,PHP,24524,10842,1438900,0.017043574953089165,1.7043574953089164
2024-08,Python,293412,120064,1438900,0.20391410104941274,20.391410104941272
2024-08,Ruby,1865,767,1438900,0.0012961289874209466,0.12961289874209467
2024-08,Rust,66204,33329,1438900,0.04601014663979429,4.601014663979429
2024-08,Swift,46151,17786,1438900,0.03207380637987352,3.207380637987352
2024-08,TypeScript,215011,92158,1438900,0.14942734032941832,14.942734032941832
2024-09,C#,75946,31210,1432388,0.053020550297824334,5.302055029782434
2024-09,C++,81517,31185,1432388,0.05690985961904177,5.690985961904177
2024-09,Go,91440,35922,1432388,0.06383745186360121,6.3837451863601204
2024-09,Java,124918,46969,1432388,0.08720961080377664,8.720961080377663
2024-09,JavaScript,379876,137130,1432388,0.2652046791791051,26.520467917910512
2024-09,Kotlin,49781,18865,1432388,0.03475385161003862,3.475385161003862
2024-09,PHP,23113,9281,1432388,0.01613599108621407,1.613599108621407
2024-09,Python,280291,121378,1432388,0.19568091885718117,19.56809188571812
2024-09,Ruby,1094,422,1432388,0.0007637595400129015,0.07637595400129014
2024-09,Rust,66900,29400,1432388,0.04670522232802844,4.670522232802845
2024-09,Swift,43380,16899,1432388,0.030285090352613956,3.0285090352613957
2024-09,TypeScript,214132,100437,1432388,0.14949301446256183,14.949301446256182
2024-10,C#,80615,29063,1435972,0.05613967403264131,5.61396740326413
2024-10,C++,80379,34681,1435972,0.05597532542417261,5.5975325424172615
2024-10,Go,98887,40352,1435972,0.06886415612560691,6.886415612560691
2024-10,Java,132813,54028,1435972,0.09248996498538968,9.248996498538968
2024-10,JavaScript,357510,125166,1435972,0.24896725005780057,24.896725005780056
2024-10,Kotlin,51027,21012,1435972,0.03553481544208383,3.5534815442083834
2024-10,PHP,22253,8041,1435972,0.015496820272261576,1.5496820272261576
2024-10,Python,301513,135686,1435972,0.20997136434415156,20.997136434415157
2024-10,Ruby,442,176,1435972,0.0003078054446744087,0.03078054446744087
2024-10,Rust,67457,33294,1435972,0.046976542718103136,4.697654271810314
2024-10,Swift,41806,15300,1435972,0.02911338104085595,2.911338104085595
2024-10,TypeScript,201270,77329,1435972,0.14016290011225846,14.016290011225847
2024-11,C#,76025,30591,1451467,0.0523780423530125,5.23780423530125
2024-11,C++,77600,30306,1451467,0.05346315141853036,5.346315141853036
2024-11,Go,101175,39830,1451467,0.0697053394944563,6.97053394944563
2024-11,Java,130639,52778,1451467,0.09000480203821375,9.000480203821375
2024-11,JavaScript,346530,117569,1451467,0.23874466315803253,23.874466315803254
2024-11,Kotlin,52154,21173,1451467,0.03593192266858289,3.593192266858289
2024-11,PHP,22817,9296,1451467,0.0157199578082037,1.5719957808203702
2024-11,Python,312464,148352,1451467,0.21527461526855243,21.527461526855245
2024-11,Rust,66212,32762,1451467,0.04561729615623366,4.561729615623366
2024-11,Swift,47039,17602,1451467,0.03240790179866301,3.2407901798663006
2024-11,TypeScript,218812,90274,1451467,0.15075230783751886,15.075230783751886
2024-12,C#,80176,28415,1477495,0.05426481984710608,5.426481984710608
2024-12,C++,84461,34148,1477495,0.057164998866324424,5.716499886632443
2024-12,Go,103217,43299,1477495,0.06985945806923205,6.985945806923205
2024-12,Java,139648,57439,1477495,0.09451673271313947,9.451673271313947
2024-12,JavaScript,339043,119606,1477495,0.22947150413368572,22.947150413368572
2024-12,Kotlin,52091,20137,1477495,0.03525629528357118,3.525629528357118
2024-12,PHP,22314,8219,1477495,0.015102589179658815,1.5102589179658814
2024-12,Python,304683,120176,1477495,0.2062159262806304,20.62159262806304
2024-12,Rust,67478,31498,1477495,0.045670543724344245,4.567054372434424
2024-12,Swift,48308,19484,1477495,0.03269588052751447,3.2695880527514474
2024-12,TypeScript,236076,104695,1477495,0.15978125137479315,15.978125137479315
