month,language,push_events,unique_actors,month_total,share,share_pct
2011-01,C#,5597,2360,74997,0.0746296518527407,7.462965185274077
2011-01,C++,4947,1935,74997,0.0659626385055402,6.596263850554022
2011-01,Java,16114,6034,74997,0.2148619278104457,21.486192781044576
2011-01,JavaScript,17370,6181,74997,0.2316092643705748,23.160926437057483
2011-01,PHP,10508,3992,74997,0.1401122711575129,14.011227115751296
2011-01,Python,11859,4443,74997,0.1581263250530021,15.812632505300211
2011-01,Ruby,8602,3650,74997,0.1146979212501833,11.469792125018332
2011-02,C#,6413,2473,80139,0.0800234592395712,8.002345923957124
2011-02,C++,5486,2055,80139,0.0684560575999201,6.845605759992014
2011-02,Java,16243,6555,80139,0.2026853342317723,20.268533423177228
2011-02,JavaScript,18194,6642,80139,0.2270305344463993,22.703053444639934
2011-02,PHP,11309,4763,80139,0.1411173086761751,14.111730867617512
2011-02,Python,13059,5389,80139,0.1629543667877063,16.295436678770635
2011-02,Ruby,9435,3799,80139,0.1177329390184554,11.773293901845545
2011-03,C#,6681,2724,85959,0.0777231005479356,7.772310054793564
2011-03,C++,6000,2469,85959,0.0698007189474051,6.980071894740515
2011-03,Java,18263,7668,85959,0.2124617550227434,21.24617550227434
2011-03,JavaScript,18758,6597,85959,0.2182203143359043,21.822031433590432
2011-03,PHP,12155,4943,85959,0.1414046231342849,14.140462313428497
2011-03,Python,14273,5500,85959,0.1660442769227189,16.604427692271898
2011-03,Ruby,9829,4088,85959,0.1143452110890075,11.434521108900755
2011-04,C#,7130,3018,91674,0.0777755961341274,7.777559613412745
2011-04,C++,6299,2446,91674,0.0687108667670222,6.871086676702228
2011-04,Java,19341,7959,91674,0.2109758492047909,21.09758492047909
2011-04,JavaScript,21780,7859,91674,0.2375809935205183,23.75809935205184
2011-04,PHP,12614,4844,91674,0.1375962650260706,13.759626502607064
2011-04,Python,14052,6086,91674,0.1532822828719157,15.32822828719157
2011-04,Ruby,10458,4147,91674,0.1140781464755546,11.407814647555467
2011-05,C#,8040,3235,96953,0.0829267789547512,8.292677895475126
2011-05,C++,6642,2726,96953,0.0685074211215743,6.850742112157437
2011-05,Java,20728,7677,96953,0.2137943127082194,21.379431270821943
2011-05,JavaScript,22228,7739,96953,0.2292657266923148,22.926572669231483
2011-05,PHP,12573,5595,96953,0.1296813920146875,12.968139201468754
2011-05,Python,15919,6201,96953,0.1641929594752096,16.419295947520965
2011-05,Ruby,10823,4350,96953,0.1116314090332429,11.16314090332429
2011-06,C#,8206,3199,101706,0.0806835388276011,8.068353882760112
2011-06,C++,7216,2845,101706,0.0709495998269521,7.094959982695219
2011-06,Java,20801,8885,101706,0.2045208738914125,20.452087389141248
2011-06,JavaScript,23262,8461,101706,0.2287180697303993,22.871806973039934
2011-06,PHP,14486,6344,101706,0.1424301417812125,14.243014178121252
2011-06,Python,16174,6159,101706,0.1590269993903997,15.902699939039977
2011-06,Ruby,11561,4795,101706,0.1136707765520225,11.36707765520225
2011-07,C#,9112,3859,106083,0.0858950067400054,8.589500674000547
2011-07,C++,7264,2975,106083,0.0684746849165276,6.847468491652762
2011-07,Java,21809,8709,106083,0.2055843066278291,20.558430662782914
2011-07,JavaScript,25118,8318,106083,0.2367768633994136,23.677686339941367
2011-07,PHP,14142,5449,106083,0.1333107095387574,13.33107095387574
2011-07,Python,16876,7268,106083,0.1590829821931883,15.908298219318835
2011-07,Ruby,11762,5128,106083,0.1108754465842783,11.087544658427834
2011-08,C#,9372,3523,110430,0.084868242325455,8.486824232545503
2011-08,C++,8407,3331,110430,0.076129674907181,7.612967490718102
2011-08,Java,21891,8488,110430,0.1982341754957892,19.82341754957892
2011-08,JavaScript,26578,9708,110430,0.2406773521687947,24.06773521687947
2011-08,PHP,14230,6069,110430,0.1288599112559992,12.885991125599928
2011-08,Python,17444,7243,110430,0.1579643212895046,15.796432128950466
2011-08,Ruby,12508,5051,110430,0.1132663225572761,11.32663225572761
2011-09,C#,9591,3749,115199,0.083255931041068,8.325593104106806
2011-09,C++,8499,3431,115199,0.0737766820892542,7.377668208925425
2011-09,Java,23876,8714,115199,0.2072587435654823,20.72587435654824
2011-09,JavaScript,26553,9075,115199,0.2304967925068794,23.04967925068794
2011-09,PHP,14981,6237,115199,0.1300445316365593,13.004453163655937
2011-09,Python,19404,8206,115199,0.1684389621437686,16.843896214376862
2011-09,Ruby,12295,4930,115199,0.1067283570169879,10.6728357016988
2011-10,C#,9806,3879,120812,0.0811674336986392,8.116743369863922
2011-10,C++,8906,3844,120812,0.0737178425984173,7.371784259841737
2011-10,Java,23240,8210,120812,0.192364996854617,19.23649968546171
2011-10,JavaScript,29542,9960,120812,0.2445286892030592,24.452868920305928
2011-10,PHP,16098,5858,120812,0.1332483528126345,13.32483528126345
2011-10,Python,20162,7862,120812,0.1668873952918584,16.688739529185842
2011-10,Ruby,13058,5690,120812,0.1080852895407741,10.80852895407741
2011-11,C#,9739,3907,127529,0.0763669439892103,7.636694398921031
2011-11,C++,8470,3568,127529,0.0664162661041802,6.641626610418022
2011-11,Java,25161,10975,127529,0.1972963012334449,19.72963012334449
2011-11,JavaScript,32411,11519,127529,0.2541461157854291,25.41461157854292
2011-11,PHP,16661,7035,127529,0.1306447945173254,13.064479451732549
2011-11,Python,21616,8324,127529,0.1694987022559574,16.94987022559575
2011-11,Ruby,13471,5813,127529,0.1056308761144524,10.56308761144524
2011-12,C#,10641,4233,135351,0.0786178159008799,7.861781590087993
2011-12,C++,9285,3663,135351,0.0685994192876299,6.859941928762995
2011-12,Java,25885,10620,135351,0.1912435076209263,19.12435076209264
2011-12,JavaScript,31640,11155,135351,0.2337625876424998,23.37625876424999
2011-12,PHP,18740,6737,135351,0.1384548322509623,13.845483225096231
2011-12,Python,24297,9616,135351,0.1795110490502471,17.951104905024714
2011-12,Ruby,14863,5165,135351,0.1098107882468544,10.981078824685447
2012-01,C#,12064,5291,143980,0.083789415196555,8.378941519655509
2012-01,C++,10898,3865,143980,0.0756910682039172,7.569106820391721
2012-01,Java,28332,12126,143980,0.1967773301847478,19.67773301847479
2012-01,JavaScript,33829,12677,143980,0.234956243922767,23.495624392276703
2012-01,PHP,17850,7642,143980,0.1239755521600222,12.397555216002225
2012-01,Python,25511,10262,143980,0.1771843311571051,17.718433115710518
2012-01,Ruby,15496,6717,143980,0.1076260591748854,10.76260591748854
2012-02,C#,11991,4730,152891,0.078428422863347,7.842842286334709
2012-02,C++,11094,4590,152891,0.0725614980607099,7.256149806070991
2012-02,Java,28489,11128,152891,0.1863353631018176,18.633536310181764
2012-02,JavaScript,37263,14366,152891,0.2437226520854726,24.372265208547265
2012-02,PHP,19796,7464,152891,0.1294778633143873,12.947786331438738
2012-02,Python,28714,11652,152891,0.1878069997579975,18.780699975799752
2012-02,Ruby,15544,6046,152891,0.1016672008162678,10.16672008162678
2012-03,C#,12315,5501,161448,0.07627843020663,7.627843020663
2012-03,C++,11256,4265,161448,0.0697190426638917,6.971904266389179
2012-03,Go,1087,423,161448,0.006732817997126,0.6732817997126009
2012-03,Java,32023,11984,161448,0.1983486943164362,19.834869431643625
2012-03,JavaScript,37334,12533,161448,0.2312447351469203,23.12447351469204
2012-03,PHP,21685,8926,161448,0.1343156929785441,13.431569297854418
2012-03,Python,27611,10872,161448,0.1710210098607601,17.102100986076014
2012-03,Ruby,18137,7772,161448,0.1123395768296913,11.23395768296913
2012-04,C#,13559,5973,169084,0.080190911026472,8.019091102647206
2012-04,C++,12078,4593,169084,0.0714319509829433,7.143195098294338
2012-04,Go,1825,744,169084,0.0107934517754488,1.079345177544889
2012-04,Java,34007,11894,169084,0.201124884672707,20.112488467270705
2012-04,JavaScript,40706,16048,169084,0.2407442454637931,24.074424546379312
2012-04,PHP,21536,9195,169084,0.1273686451704478,12.736864517044785
2012-04,Python,29271,11482,169084,0.1731151380378983,17.311513803789833
2012-04,Ruby,16102,6464,169084,0.0952307728702893,9.523077287028933
2012-05,C#,14412,5831,175473,0.0821322938571746,8.21322938571746
2012-05,C++,12234,4572,175473,0.0697201278829221,6.972012788292216
2012-05,Go,2367,905,175473,0.0134892547571421,1.3489254757142124
2012-05,Java,35161,12939,175473,0.2003784057946236,20.03784057946237
2012-05,JavaScript,40248,13650,175473,0.2293686208134585,22.93686208134585
2012-05,PHP,22281,8538,175473,0.1269767998495495,12.697679984954952
2012-05,Python,30737,13230,175473,0.1751665498395764,17.516654983957647
2012-05,Ruby,18033,6502,175473,0.1027679472055529,10.2767947205553
2012-06,C#,15700,6167,180635,0.0869156032883992,8.691560328839925
2012-06,C++,13210,5261,180635,0.0731308993273728,7.313089932737288
2012-06,Go,2762,1078,180635,0.0152905029479336,1.529050294793368
2012-06,Java,35003,15513,180635,0.193777507127633,19.377750712763305
2012-06,JavaScript,41637,14003,180635,0.2305035015362471,23.050350153624716
2012-06,PHP,22946,10475,180635,0.1270296454175547,12.702964541755474
2012-06,Python,31279,12070,180635,0.1731613474686522,17.316134746865224
2012-06,Ruby,18098,6599,180635,0.1001909928862069,10.0190992886207
2012-07,C#,15010,5868,184961,0.0811522429052611,8.115224290526111
2012-07,C++,13287,5014,184961,0.0718367655884213,7.183676558842134
2012-07,Go,3201,1367,184961,0.0173063510686036,1.7306351068603651
2012-07,Java,34242,13286,184961,0.1851309194911359,18.5130919491136
2012-07,JavaScript,43836,16414,184961,0.2370013137904747,23.70013137904748
2012-07,PHP,23743,8721,184961,0.1283676018187618,12.83676018187618
2012-07,Python,32333,13048,184961,0.1748098247738712,17.480982477387126
2012-07,Ruby,19309,7781,184961,0.1043949805634701,10.439498056347016
2012-08,C#,15050,5581,189134,0.0795732126428881,7.957321264288811
2012-08,C++,13749,6084,189134,0.0726944917360178,7.269449173601784
2012-08,Go,3878,1677,189134,0.0205039813042604,2.0503981304260472
2012-08,Java,37211,14223,189134,0.1967441073524591,19.67441073524591
2012-08,JavaScript,44733,14711,189134,0.2365148519039411,23.651485190394112
2012-08,PHP,23549,9890,189134,0.1245096069453403,12.450960694534034
2012-08,Python,31444,12932,189134,0.166252498228769,16.625249822876903
2012-08,Ruby,19520,8637,189134,0.1032072498863239,10.3207249886324
2012-09,C#,13875,5485,193951,0.0715386876066635,7.153868760666354
2012-09,C++,13218,5039,193951,0.0681512340745858,6.815123407458584
2012-09,Go,4113,1685,193951,0.0212063871802671,2.120638718026718
2012-09,Java,37642,14629,193951,0.1940799480281101,19.407994802811015
2012-09,JavaScript,47720,16572,193951,0.2460415259524312,24.60415259524313
2012-09,PHP,23937,9729,193951,0.1234177704677985,12.341777046779857
2012-09,Python,34096,14240,193951,0.1757969796494991,17.57969796494991
2012-09,Ruby,19350,7505,193951,0.0997674670406442,9.976746704064428
2012-10,C#,15031,6234,200100,0.0751174412793603,7.511744127936032
2012-10,C++,12622,5541,200100,0.0630784607696152,6.307846076961519
2012-10,Go,4663,1970,200100,0.023303348325837,2.3303348325837083
2012-10,Java,36003,13774,200100,0.1799250374812593,17.992503748125937
2012-10,JavaScript,48971,17554,200100,0.2447326336831584,24.47326336831584
2012-10,PHP,24139,9211,200100,0.1206346826586706,12.063468265867067
2012-10,Python,36768,13602,200100,0.1837481259370315,18.374812593703147
2012-10,Ruby,20445,8357,200100,0.1021739130434782,10.217391304347826
2012-10,TypeScript,1458,641,200100,0.0072863568215892,0.7286356821589205
2012-11,C#,16261,6026,207956,0.0781944257439073,7.819442574390736
2012-11,C++,13850,5656,207956,0.0666006270557233,6.660062705572332
2012-11,Go,4798,2105,207956,0.023072188347535,2.3072188347535056
2012-11,Java,39676,14976,207956,0.1907903594991248,19.07903594991248
2012-11,JavaScript,52577,18356,207956,0.252827521206409,25.282752120640907
2012-11,PHP,23874,9743,207956,0.114803131431649,11.4803131431649
2012-11,Python,34143,13814,207956,0.1641837696435784,16.418376964357844
2012-11,Ruby,20544,7723,207956,0.0987901286810671,9.879012868106717
2012-11,TypeScript,2233,909,207956,0.0107378483910057,1.0737848391005789
2012-12,C#,17575,7535,217458,0.0808202043613019,8.082020436130195
2012-12,C++,15499,6375,217458,0.0712735332799897,7.12735332799897
2012-12,Go,5616,2286,217458,0.0258256766823938,2.5825676682393843
2012-12,Java,39679,16801,217458,0.182467418995852,18.246741899585206
2012-12,JavaScript,51996,18262,217458,0.2391082415914797,23.91082415914797
2012-12,PHP,26011,9756,217458,0.1196139024547268,11.961390245472687
2012-12,Python,37676,15863,217458,0.1732564449226977,17.32564449226977
2012-12,Ruby,20234,7250,217458,0.0930478529187245,9.304785291872454
2012-12,TypeScript,3172,1518,217458,0.0145867247928335,1.458672479283356
2013-01,C#,17793,7190,228079,0.0780124430570109,7.801244305701095
2013-01,C++,15970,6701,228079,0.0700195984724591,7.00195984724591
2013-01,Go,6324,2465,228079,0.0277272348616049,2.772723486160497
2013-01,Java,42733,15902,228079,0.1873605198198869,18.736051981988695
2013-01,JavaScript,51681,17141,228079,0.2265925403040174,22.659254030401748
2013-01,PHP,25780,9916,228079,0.113031011184721,11.303101118472108
2013-01,Python,41003,16311,228079,0.1797754286891822,17.977542868918224
2013-01,Ruby,22687,9563,228079,0.0994699205099987,9.946992050999873
2013-01,TypeScript,4108,1717,228079,0.0180113031011184,1.801130310111847
2013-02,C#,18072,6312,238970,0.0756245553835209,7.562455538352094
2013-02,C++,16823,6558,238970,0.0703979579026656,7.03979579026656
2013-02,Go,6442,2666,238970,0.0269573586642674,2.695735866426748
2013-02,Java,44525,20658,238970,0.1863204586349751,18.63204586349751
2013-02,JavaScript,57882,21500,238970,0.242214503912625,24.221450391262504
2013-02,PHP,25641,11316,238970,0.1072979871950454,10.72979871950454
2013-02,Python,42401,18640,238970,0.1774323136795413,17.743231367954138
2013-02,Ruby,22075,8590,238970,0.0923756120015064,9.237561200150648
2013-02,TypeScript,5109,2203,238970,0.0213792526258526,2.1379252625852616
2013-03,C#,19127,7590,249149,0.0767693227747251,7.676932277472516
2013-03,C++,17192,6771,249149,0.0690028858233426,6.900288582334266
2013-03,Go,7205,2634,249149,0.0289184383641917,2.891843836419171
2013-03,Java,46218,18241,249149,0.1855034537565874,18.550345375658743
2013-03,JavaScript,56463,20374,249149,0.2266234261425893,22.662342614258936
2013-03,PHP,30246,12822,249149,0.1213972361919975,12.139723619199756
2013-03,Python,42975,15854,249149,0.1724871462458207,17.248714624582075
2013-03,Ruby,23697,9689,249149,0.0951117604325122,9.511176043251227
2013-03,TypeScript,6026,2301,249149,0.024186330268233,2.4186330268233065
2013-04,C#,19776,7588,257793,0.0767127113614411,7.6712711361441155
2013-04,C++,18763,7218,257793,0.072783202026432,7.278320202643205
2013-04,Go,7436,2907,257793,0.0288448483861082,2.8844848386108235
2013-04,Java,46493,17674,257793,0.1803501258761874,18.03501258761875
2013-04,JavaScript,60390,21864,257793,0.2342577184019736,23.425771840197367
2013-04,PHP,28026,11014,257793,0.1087151319081588,10.871513190815888
2013-04,Python,46344,18716,257793,0.1797721427657073,17.977214276570738
2013-04,Ruby,23478,9087,257793,0.091073070254041,9.107307025404102
2013-04,TypeScript,7087,3151,257793,0.0274910490199501,2.749104901995012
2013-05,C#,19224,7603,264469,0.0726890486219556,7.268904862195569
2013-05,C++,16864,7387,264469,0.0637655074885903,6.376550748859035
2013-05,Go,8061,3237,264469,0.0304799428288381,3.0479942828838165
2013-05,Java,48209,19267,264469,0.1822860146179703,18.228601461797037
2013-05,JavaScript,66705,22915,264469,0.2522223776699727,25.222237766997267
2013-05,PHP,29743,12576,264469,0.1124630864108836,11.246308641088367
2013-05,Python,44738,18068,264469,0.1691616030612283,16.916160306122833
2013-05,Ruby,23682,9326,264469,0.0895454665764229,8.954546657642295
2013-05,TypeScript,7243,2917,264469,0.0273869527241378,2.7386952724137803
2013-06,C#,20439,8822,269278,0.0759029701646625,7.590297016466255
2013-06,C++,18470,7279,269278,0.0685908243525278,6.859082435252788
2013-06,Go,8046,2901,269278,0.0298799010687839,2.987990106878393
2013-06,Java,52710,20001,269278,0.1957456606183943,19.57456606183944
2013-06,JavaScript,64567,24610,269278,0.2397782217633821,23.977822176338208
2013-06,PHP,29553,12805,269278,0.1097490325982813,10.974903259828132
2013-06,Python,43637,18378,269278,0.1620518571884817,16.205185718848178
2013-06,Ruby,23111,10261,269278,0.0858258008452231,8.582580084522315
2013-06,TypeScript,8745,3310,269278,0.0324757314002629,3.247573140026293
2013-07,C#,19405,7653,272867,0.0711152319628243,7.1115231962824375
2013-07,C++,18688,8173,272867,0.0684875781974368,6.848757819743685
2013-07,Go,9003,3507,272867,0.0329940960248032,3.299409602480329
2013-07,Java,51749,19304,272867,0.1896491697420355,18.96491697420355
2013-07,JavaScript,64295,22424,272867,0.2356276134527077,23.56276134527077
2013-07,PHP,29175,12642,272867,0.1069202212066684,10.692022120666843
2013-07,Python,45972,20457,272867,0.1684776832669395,16.847768326693956
2013-07,Ruby,25452,10698,272867,0.0932762114876478,9.327621148764782
2013-07,TypeScript,9128,4066,272867,0.0334521946589364,3.3452194658936403
2013-08,C#,20422,8372,276259,0.0739233834915785,7.392338349157855
2013-08,C++,18250,8259,276259,0.066061196196323,6.6061196196323015
2013-08,Go,9588,3908,276259,0.0347065615961832,3.470656159618329
2013-08,Java,48514,17072,276259,0.1756105683434747,17.561056834347475
2013-08,JavaScript,67762,25629,276259,0.2452843165290542,24.528431652905425
2013-08,PHP,30266,12245,276259,0.1095566117302965,10.955661173029656
2013-08,Python,47833,22371,276259,0.1731454902826695,17.314549028266953
2013-08,Ruby,23358,9506,276259,0.0845510915481486,8.455109154814867
2013-08,TypeScript,10266,3689,276259,0.0371607802822713,3.716078028227135
2013-09,C#,21657,9277,280624,0.07717443981983,7.717443981983009
2013-09,C++,20049,7746,280624,0.0714443525856662,7.144435258566623
2013-09,Go,9991,3921,280624,0.0356027994754547,3.56027994754547
2013-09,Java,51287,19925,280624,0.1827605621757226,18.27605621757227
2013-09,JavaScript,64180,23411,280624,0.2287046011745253,22.87046011745253
2013-09,PHP,29876,11824,280624,0.1064627401790296,10.64627401790296
2013-09,Python,49882,17961,280624,0.1777538628200011,17.775386282000113
2013-09,Ruby,23801,10044,280624,0.0848145561320485,8.481455613204858
2013-09,TypeScript,9901,3735,280624,0.0352820856377216,3.528208563772165
2013-10,C#,21047,8016,286914,0.0733564761566183,7.335647615661836
2013-10,C++,18921,7413,286914,0.0659465902674669,6.594659026746691
2013-10,Go,10568,3698,286914,0.0368333368186982,3.683333681869828
2013-10,Java,48597,19494,286914,0.1693782805997616,16.93782805997616
2013-10,JavaScript,73067,25042,286914,0.2546651609890071,25.46651609890072
2013-10,PHP,29201,11414,286914,0.1017761419798267,10.17761419798267
2013-10,Python,50659,19937,286914,0.1765651031319489,17.656510313194897
2013-10,Ruby,23253,9072,286914,0.0810451912419749,8.104519124197495
2013-10,TypeScript,11601,5267,286914,0.040433718814697,4.043371881469708
2013-11,C#,21147,8875,295610,0.0715368221643381,7.153682216433816
2013-11,C++,18736,8706,295610,0.0633808057914143,6.338080579141437
2013-11,Go,10587,4494,295610,0.0358140793613206,3.581407936132066
2013-11,Java,52827,23351,295610,0.1787050505733906,17.870505057339063
2013-11,JavaScript,68221,24689,295610,0.2307804201481681,23.07804201481682
2013-11,PHP,32760,13264,295610,0.1108216907411792,11.082169074117926
2013-11,Python,53198,20129,295610,0.179960082541186,17.996008254118603
2013-11,Ruby,25342,10725,295610,0.0857278170562565,8.572781705625655
2013-11,TypeScript,12792,5620,295610,0.0432732316227461,4.327323162274618
2013-12,C#,23572,10404,306575,0.0768882002772567,7.688820027725679
2013-12,C++,19299,7414,306575,0.0629503384163744,6.295033841637446
2013-12,Go,11404,4659,306575,0.0371980755117018,3.7198075511701862
2013-12,Java,51877,20198,306575,0.1692147109190247,16.921471091902472
2013-12,JavaScript,74744,28261,306575,0.2438033107722417,24.38033107722417
2013-12,PHP,31996,12872,306575,0.1043659789611025,10.43659789611025
2013-12,Python,53852,21556,306575,0.1756568539509092,17.565685395090924
2013-12,Ruby,26183,11157,306575,0.0854048764576368,8.54048764576368
2013-12,TypeScript,13648,6154,306575,0.0445176547337519,4.451765473375194
2014-01,C#,25358,9674,319022,0.0794866811693237,7.948668116932374
2014-01,C++,21591,9566,319022,0.0676787180821385,6.767871808213853
2014-01,Go,13510,6246,319022,0.0423481766147789,4.234817661477892
2014-01,Java,53998,20580,319022,0.1692610540965826,16.92610540965827
2014-01,JavaScript,78663,28379,319022,0.246575471284112,24.65754712841121
2014-01,PHP,32546,12152,319022,0.1020180426428271,10.201804264282714
2014-01,Python,52680,20726,319022,0.1651296775770949,16.5129677577095
2014-01,Ruby,25749,9715,319022,0.0807123019729046,8.071230197290468
2014-01,TypeScript,14927,5931,319022,0.0467898765602372,4.678987656023723
2014-02,C#,26592,10243,331736,0.0801601273301661,8.016012733016616
2014-02,C++,22639,8821,331736,0.0682440253695709,6.824402536957098
2014-02,Go,13908,5175,331736,0.0419249041406419,4.192490414064196
2014-02,Java,59602,24210,331736,0.1796669640919285,17.966696409192853
2014-02,JavaScript,74386,24247,331736,0.2242325222466057,22.423252224660573
2014-02,PHP,34979,13396,331736,0.1054422794028986,10.544227940289868
2014-02,Python,55276,20699,331736,0.1666264740637133,16.66264740637133
2014-02,Ruby,26708,10290,331736,0.0805098029758603,8.050980297586033
2014-02,TypeScript,17646,6979,331736,0.0531929003786143,5.319290037861432
2014-03,C#,24480,10622,343372,0.0712929417657817,7.129294176578171
2014-03,C++,21349,8565,343372,0.0621745512155912,6.217455121559126
2014-03,Go,15839,6366,343372,0.0461278147315448,4.61278147315448
2014-03,Java,55837,20994,343372,0.1626137250562072,16.261372505620727
2014-03,JavaScript,80380,28398,343372,0.2340901413044744,23.40901413044745
2014-03,PHP,36944,14025,343372,0.1075917663641764,10.759176636417646
2014-03,Python,60647,25962,343372,0.176621856179304,17.662185617930408
2014-03,Ruby,29713,10728,343372,0.0865329729855666,8.653297298556668
2014-03,TypeScript,18183,7547,343372,0.0529542303973533,5.295423039735331
2014-04,C#,24878,10482,352827,0.0705104768059133,7.0510476805913385
2014-04,C++,23170,9912,352827,0.0656695774416357,6.56695774416357
2014-04,Go,15438,6050,352827,0.0437551547925754,4.37551547925754
2014-04,Java,62122,22558,352827,0.1760692917492142,17.606929174921422
2014-04,JavaScript,81730,27711,352827,0.231643269931156,23.164326993115605
2014-04,PHP,36594,13588,352827,0.1037165523046705,10.371655230467056
2014-04,Python,62239,23407,352827,0.1764008990241676,17.640089902416765
2014-04,Ruby,27066,10585,352827,0.0767118162725641,7.671181627256416
2014-04,TypeScript,19590,8142,352827,0.0555229616781028,5.552296167810287
2014-05,C#,26570,9783,359559,0.0738960782514135,7.389607825141353
2014-05,C++,23387,10055,359559,0.0650435672587809,6.50435672587809
2014-05,Go,16306,7471,359559,0.0453499981922299,4.534999819222993
2014-05,Java,59487,24489,359559,0.16544433597824,16.544433597824
2014-05,JavaScript,87299,30775,359559,0.2427946456631596,24.27946456631596
2014-05,PHP,35157,14038,359559,0.0977781115199452,9.777811151994529
2014-05,Python,61817,24328,359559,0.1719244963969751,17.192449639697518
2014-05,Ruby,28791,12964,359559,0.0800730895346799,8.007308953467998
2014-05,TypeScript,20745,8911,359559,0.0576956772045756,5.769567720457561
2014-06,C#,26899,9735,363764,0.0739462948505074,7.394629485050746
2014-06,C++,25139,10112,363764,0.0691079930944238,6.910799309442386
2014-06,Go,16618,6595,363764,0.0456834651037485,4.568346510374859
2014-06,Java,65539,22711,363764,0.1801690106772522,18.01690106772523
2014-06,JavaScript,85012,27640,363764,0.2337009709591933,23.37009709591933
2014-06,PHP,34578,11615,363764,0.0950561352965109,9.505613529651091
2014-06,Python,62141,25367,363764,0.1708277894459045,17.082778944590448
2014-06,Ruby,27887,10915,363764,0.0766623415181271,7.666234151812714
2014-06,TypeScript,19951,8294,363764,0.0548459990543319,5.484599905433193
2014-07,C#,25738,10243,366354,0.0702544533429415,7.025445334294153
2014-07,C++,24198,10099,366354,0.0660508688317856,6.605086883178565
2014-07,Go,17927,6830,366354,0.048933545150319,4.893354515031909
2014-07,Java,63920,26815,366354,0.174476053216288,17.447605321628807
2014-07,JavaScript,88072,30369,366354,0.2404013604328054,24.040136043280544
2014-07,PHP,35031,14363,366354,0.0956206292274685,9.562062922746852
2014-07,Python,60503,25716,366354,0.1651490088821194,16.514900888211947
2014-07,Ruby,28088,12219,366354,0.0766690141229521,7.6669014122952115
2014-07,TypeScript,22877,9567,366354,0.0624450667933201,6.244506679332012
2014-08,C#,27664,11842,368730,0.075025086106365,7.502508610636509
2014-08,C++,23903,9398,368730,0.064825210858894,6.482521085889405
2014-08,Go,17701,6588,368730,0.0480053155425379,4.800531554253791
2014-08,Java,63335,26028,368730,0.1717652482846527,17.176524828465272
2014-08,JavaScript,85935,30324,368730,0.2330567081604426,23.30567081604426
2014-08,PHP,35640,16773,368730,0.0966560898218208,9.665608982182086
2014-08,Python,64332,24348,368730,0.1744691237490847,17.446912374908468
2014-08,Ruby,26076,10707,368730,0.0707184118460662,7.071841184606623
2014-08,TypeScript,24144,10855,368730,0.0654788056301358,6.547880563013588
2014-09,C#,27338,9732,372431,0.0734042010466368,7.340420104663682
2014-09,C++,23917,9697,372431,0.0642186069365869,6.421860693658692
2014-09,Go,21089,9135,372431,0.0566252540739089,5.662525407390899
2014-09,Java,62016,21850,372431,0.1665167507538309,16.65167507538309
2014-09,JavaScript,83926,29809,372431,0.2253464400117068,22.534644001170687
2014-09,PHP,34917,14930,372431,0.0937542793161686,9.375427931616862
2014-09,Python,64278,25940,372431,0.172590359019523,17.25903590195231
2014-09,Ruby,27701,11034,372431,0.074378878235163,7.437887823516302
2014-09,Swift,642,268,372431,0.0017238092425174,0.1723809242517406
2014-09,TypeScript,26607,11534,372431,0.0714414213639573,7.144142136395735
2014-10,C#,27600,10772,378699,0.0728811008214967,7.288110082149675
2014-10,C++,24822,10069,378699,0.0655454595866374,6.5545459586637405
2014-10,Go,20787,8277,378699,0.0548905595208859,5.489055952088598
2014-10,Java,59670,20702,378699,0.157565771232562,15.756577123256202
2014-10,JavaScript,88221,32502,378699,0.2329581012888864,23.295810128888643
2014-10,PHP,32367,12607,378699,0.0854689344307748,8.546893443077485
2014-10,Python,66649,26928,378699,0.1759946553859397,17.599465538593975
2014-10,Ruby,28878,11547,378699,0.0762558126638834,7.6255812663883455
2014-10,Swift,958,358,378699,0.0025297135719925,0.2529713571992532
2014-10,TypeScript,28747,12106,378699,0.0759098914969408,7.590989149694084
2014-11,C#,26303,13469,388131,0.0677683565600274,6.776835656002741
2014-11,C++,24483,10922,388131,0.0630792180990438,6.3079218099043874
2014-11,Go,21952,8549,388131,0.0565582238986321,5.655822389863216
2014-11,Java,62816,29075,388131,0.1618422645962317,16.18422645962317
2014-11,JavaScript,92620,33721,388131,0.2386307715693928,23.86307715693928
2014-11,PHP,36234,15580,388131,0.0933550785688337,9.335507856883371
2014-11,Python,67011,26274,388131,0.1726504711038283,17.265047110382834
2014-11,Ruby,27511,10697,388131,0.0708807078022626,7.088070780226263
2014-11,Swift,1320,551,388131,0.0034009136090649,0.340091360906498
2014-11,TypeScript,27881,11345,388131,0.0718339941926823,7.183399419268237
2014-12,C#,27470,11058,400488,0.0685913185913185,6.859131859131859
2014-12,C++,25895,10221,400488,0.0646586164878847,6.4658616487884775
2014-12,Go,22615,8723,400488,0.0564686082978765,5.646860829787659
2014-12,Java,68866,26434,400488,0.1719552146381414,17.19552146381415
2014-12,JavaScript,93249,34682,400488,0.2328384371067298,23.28384371067298
2014-12,PHP,35611,15193,400488,0.0889190187970675,8.891901879706758
2014-12,Python,67047,25409,400488,0.1674132558278899,16.741325582788996
2014-12,Ruby,26709,11365,400488,0.066691136813088,6.669113681308804
2014-12,Swift,1681,630,400488,0.0041973791973791,0.4197379197379197
2014-12,TypeScript,31345,13295,400488,0.078267014242624,7.8267014242624
2015-01,C#,27091,10044,414712,0.0653248519454464,6.532485194544647
2015-01,C++,26246,10567,414712,0.0632872933505661,6.328729335056618
2015-01,Go,25471,9977,414712,0.0614185265919481,6.141852659194814
2015-01,Java,68443,24254,414712,0.1650374235614113,16.503742356141128
2015-01,JavaScript,91975,33720,414712,0.2217804162888944,22.17804162888945
2015-01,PHP,38938,15462,414712,0.0938916645768629,9.389166457686295
2015-01,Python,69023,26238,414712,0.1664359844904415,16.643598449044156
2015-01,Ruby,29895,11432,414712,0.0720861706437238,7.208617064372384
2015-01,Swift,2171,861,414712,0.005234958236077,0.5234958236077084
2015-01,TypeScript,35459,13284,414712,0.0855027103146279,8.550271031462799
2015-02,C#,30181,12860,429207,0.0703180516627175,7.031805166271752
2015-02,C++,26678,10637,429207,0.0621564885940816,6.215648859408164
2015-02,Go,25737,10466,429207,0.0599640732793267,5.996407327932675
2015-02,Java,66770,28391,429207,0.1555659623445097,15.556596234450977
2015-02,JavaScript,98320,32595,429207,0.2290736171590864,22.90736171590864
2015-02,PHP,37916,14622,429207,0.0883396589524402,8.83396589524402
2015-02,Python,74227,30610,429207,0.1729398635157394,17.29398635157395
2015-02,Ruby,30652,12513,429207,0.071415424259157,7.1415424259157
2015-02,Swift,2512,984,429207,0.0058526538476772,0.5852653847677228
2015-02,TypeScript,36214,16143,429207,0.0843742063852639,8.437420638526397
2015-03,C#,29985,12409,442238,0.0678028572849913,6.780285728499134
2015-03,C++,25324,9662,442238,0.0572632835712896,5.726328357128967
2015-03,Go,26206,10072,442238,0.0592576847760708,5.925768477607081
2015-03,Java,72757,27985,442238,0.1645200095875976,16.452000958759765
2015-03,JavaScript,99593,34667,442238,0.2252022666527978,22.520226665279782
2015-03,PHP,41038,15508,442238,0.0927961866687168,9.279618666871684
2015-03,Python,77668,32083,442238,0.1756248897652395,17.562488976523955
2015-03,Ruby,30530,12954,442238,0.069035225376381,6.903522537638104
2015-03,Swift,3069,1178,442238,0.0069397021513302,0.6939702151330279
2015-03,TypeScript,36068,14155,442238,0.081557894165585,8.155789416558505
2015-04,C#,32314,12589,452418,0.071425098028814,7.142509802881405
2015-04,C++,27625,11152,452418,0.0610607889164445,6.106078891644453
2015-04,Go,27570,10143,452418,0.0609392199249366,6.093921992493668
2015-04,Java,71017,26681,452418,0.1569720921802403,15.69720921802404
2015-04,JavaScript,103073,34121,452418,0.2278269211216176,22.78269211216176
2015-04,PHP,40033,14994,452418,0.0884867534006162,8.848675340061625
2015-04,Python,76423,30296,452418,0.1689212188728123,16.89212188728123
2015-04,Ruby,29832,12268,452418,0.0659390209938596,6.593902099385966
2015-04,Swift,3469,1443,452418,0.0076676878461953,0.7667687846195332
2015-04,TypeScript,41062,16983,452418,0.0907611987144631,9.076119871446316
2015-05,C#,31639,12771,459092,0.0689164699014576,6.891646990145767
2015-05,C++,28512,11116,459092,0.062105198957943,6.210519895794307
2015-05,Go,25939,10337,459092,0.056500657820219,5.650065782021904
2015-05,Java,74705,26535,459092,0.16272337570683,16.272337570683
2015-05,JavaScript,103663,32179,459092,0.2258000575048138,22.580005750481387
2015-05,PHP,37492,15373,459092,0.0816655485175084,8.166554851750847
2015-05,Python,75342,31236,459092,0.1641108971622245,16.411089716222456
2015-05,Ruby,30780,12230,459092,0.0670453852386885,6.704538523868854
2015-05,Rust,770,407,459092,0.0016772237372901,0.1677223737290129
2015-05,Swift,4309,1899,459092,0.0093859182908872,0.938591829088723
2015-05,TypeScript,45941,18854,459092,0.1000692671621374,10.006926716213744
2015-06,C#,32257,13812,462551,0.0697371749277376,6.973717492773769
2015-06,C++,28400,10901,462551,0.0613986349613339,6.139863496133399
2015-06,Go,26018,11328,462551,0.0562489325501404,5.624893255014041
2015-06,Java,70053,26044,462551,0.1514492455967017,15.144924559670178
2015-06,JavaScript,106174,35754,462551,0.2295400939572068,22.95400939572069
2015-06,PHP,41392,15355,462551,0.089486348532378,8.948634853237806
2015-06,Python,76520,29520,462551,0.1654304065930027,16.54304065930027
2015-06,Ruby,31718,13322,462551,0.0685718980177321,6.85718980177321
2015-06,Rust,1254,563,462551,0.0027110524028701,0.271105240287017
2015-06,Swift,4650,1707,462551,0.0100529455130353,1.005294551303532
2015-06,TypeScript,44115,17803,462551,0.0953732669478608,9.537326694786088
2015-07,C#,31955,12857,463988,0.0688703156116106,6.887031561161064
2015-07,C++,29976,12168,463988,0.0646051190979077,6.46051190979077
2015-07,Go,26944,12329,463988,0.0580704673396725,5.807046733967257
2015-07,Java,71963,28116,463988,0.155096683534919,15.5096683534919
2015-07,JavaScript,105476,38152,463988,0.2273248446080502,22.732484460805026
2015-07,PHP,37718,15329,463988,0.0812908954541927,8.129089545419278
2015-07,Python,75728,30629,463988,0.1632111175289016,16.32111175289016
2015-07,Ruby,30872,13048,463988,0.0665362035225048,6.653620352250488
2015-07,Rust,1745,873,463988,0.0037608731260291,0.3760873126029121
2015-07,Swift,4777,1764,463988,0.0102955248842642,1.0295524884264249
2015-07,TypeScript,46834,17569,463988,0.1009379552919472,10.093795529194722
2015-08,C#,31191,12340,465200,0.067048581255374,6.704858125537403
2015-08,C++,28097,10625,465200,0.0603976784178847,6.0397678417884775
2015-08,Go,28989,11408,465200,0.0623151332760103,6.231513327601032
2015-08,Java,71198,25863,465200,0.1530481513327601,15.304815133276009
2015-08,JavaScript,105050,36590,465200,0.225816852966466,22.581685296646604
2015-08,PHP,35383,13584,465200,0.0760597592433362,7.60597592433362
2015-08,Python,82962,33967,465200,0.1783361994840928,17.833619948409286
2015-08,Ruby,27008,11179,465200,0.0580567497850386,5.805674978503869
2015-08,Rust,2100,992,465200,0.0045141874462596,0.4514187446259673
2015-08,Swift,5399,2159,465200,0.0116057609630266,1.1605760963026654
2015-08,TypeScript,47823,18720,465200,0.1028009458297506,10.280094582975066
2015-09,C#,31615,13451,468116,0.0675366789428261,6.753667894282614
2015-09,C++,28498,11457,468116,0.0608780729562757,6.087807295627579
2015-09,Go,26369,11667,468116,0.0563300549436464,5.633005494364644
2015-09,Java,68551,29627,468116,0.1464401985832571,14.644019858325713
2015-09,JavaScript,115574,42096,468116,0.2468917960505515,24.68917960505516
2015-09,PHP,37856,15008,468116,0.0808688444744465,8.08688444744465
2015-09,Python,74304,31922,468116,0.158729887463791,15.872988746379102
2015-09,Ruby,28983,12148,468116,0.0619141409394252,6.191414093942528
2015-09,Rust,2959,1373,468116,0.0063210828085346,0.6321082808534636
2015-09,Swift,5727,2234,468116,0.0122341470917464,1.223414709174649
2015-09,TypeScript,47680,20012,468116,0.1018550957454989,10.185509574549895
2015-10,C#,31713,13694,474275,0.0668662695693426,6.686626956934267
2015-10,C++,27013,11441,474275,0.0569564071477518,5.695640714775183
2015-10,Go,27641,10151,474275,0.0582805334457856,5.828053344578567
2015-10,Java,69438,24026,474275,0.1464087291128564,14.640872911285646
2015-10,JavaScript,102326,37054,474275,0.2157524642875968,21.575246428759687
2015-10,PHP,39698,17247,474275,0.0837024932792156,8.370249327921563
2015-10,Python,85207,32614,474275,0.1796573717779769,17.965737177797692
2015-10,Ruby,30085,12849,474275,0.0634336619050129,6.343366190501292
2015-10,Rust,3119,1538,474275,0.0065763533814769,0.6576353381476991
2015-10,Swift,6463,2521,474275,0.0136271150703705,1.3627115070370566
2015-10,TypeScript,51572,19142,474275,0.1087386010226134,10.873860102261348
2015-11,C#,31128,11534,484384,0.0642630640153266,6.426306401532668
2015-11,C++,31918,12801,484384,0.0658940014533923,6.589400145339234
2015-11,Go,29054,10786,484384,0.0599813371209618,5.998133712096188
2015-11,Java,71005,31382,484384,0.1465882440377882,14.65882440377882
2015-11,JavaScript,108840,41969,484384,0.2246977604545154,22.469776045451543
2015-11,PHP,38600,14747,484384,0.0796888419105503,7.968884191055031
2015-11,Python,82629,37079,484384,0.1705857336328202,17.058573363282022
2015-11,Ruby,31062,12125,484384,0.0641268084825262,6.412680848252626
2015-11,Rust,3656,1860,484384,0.0075477307260355,0.7547730726035542
2015-11,Swift,6094,2363,484384,0.0125809275285723,1.2580927528572372
2015-11,TypeScript,50398,22694,484384,0.1040455506375107,10.404555063751074
2015-12,C#,31924,11598,498103,0.0640911618681276,6.409116186812767
2015-12,C++,28347,11711,498103,0.0569099162221468,5.690991622214683
2015-12,Go,27891,10498,498103,0.0559944429164249,5.599444291642492
2015-12,Java,75672,27107,498103,0.1519203859442725,15.192038594427256
2015-12,JavaScript,113230,39142,498103,0.2273224614186222,22.732246141862227
2015-12,PHP,40301,16529,498103,0.0809089686269707,8.090896862697072
2015-12,Python,84601,30957,498103,0.1698463972310947,16.984639723109478
2015-12,Ruby,30282,12063,498103,0.0607946549207694,6.07946549207694
2015-12,Rust,4097,2240,498103,0.0082252064332075,0.822520643320759
2015-12,Swift,7506,3033,498103,0.0150691724402382,1.5069172440238263
2015-12,TypeScript,54252,24114,498103,0.108917231978125,10.8917231978125
2016-01,C#,34129,13746,514094,0.0663866919279353,6.638669192793535
2016-01,C++,29917,12598,514094,0.0581936377394017,5.819363773940174
2016-01,Go,29544,11366,514094,0.0574680894933611,5.746808949336113
2016-01,Java,81408,32139,514094,0.1583523635755328,15.835236357553288
2016-01,JavaScript,106103,37697,514094,0.2063883258703661,20.63883258703661
2016-01,PHP,40848,15777,514094,0.0794562862044684,7.945628620446844
2016-01,Python,93216,35587,514094,0.1813209257450972,18.13209257450972
2016-01,Ruby,31937,12295,514094,0.0621228802514715,6.212288025147152
2016-01,Rust,5236,2246,514094,0.0101849078184145,1.018490781841453
2016-01,Swift,8399,3090,514094,0.0163374791380564,1.6337479138056463
2016-01,TypeScript,53357,22301,514094,0.1037884122358946,10.37884122358946
2016-02,C#,33863,12091,530360,0.0638490836413002,6.384908364130025
2016-02,C++,33934,12933,530360,0.0639829549739799,6.398295497397993
2016-02,Go,31592,12509,530360,0.059567086507278,5.956708650727808
2016-02,Java,76923,32037,530360,0.1450392186439399,14.503921864393996
2016-02,JavaScript,113956,40567,530360,0.2148653744626291,21.486537446262915
2016-02,Kotlin,812,319,530360,0.0015310355230409,0.1531035523040953
2016-02,PHP,43776,17934,530360,0.0825401613998039,8.254016139980392
2016-02,Python,93333,36780,530360,0.1759804660984991,17.598046609849913
2016-02,Ruby,31284,12852,530360,0.0589863488950901,5.898634889509013
2016-02,Rust,5088,2857,530360,0.0095934836714684,0.9593483671468436
2016-02,Swift,9074,3454,530360,0.0171091334188098,1.7109133418809863
2016-02,TypeScript,56725,23669,530360,0.1069556527641601,10.69556527641602
2016-03,C#,36952,15404,544763,0.0678313321572867,6.783133215728674
2016-03,C++,31162,12169,544763,0.057202857022228,5.720285702222801
2016-03,Go,33809,13079,544763,0.0620618507497755,6.206185074977559
2016-03,Java,79931,32988,544763,0.146726191022518,14.672619102251804
2016-03,JavaScript,115423,48429,544763,0.2118774586379765,21.18774586379765
2016-03,Kotlin,1398,613,544763,0.0025662535818328,0.2566253581832833
2016-03,PHP,43412,17578,544763,0.0796896999245543,7.968969992455436
2016-03,Python,94528,38616,544763,0.1735213294588656,17.35213294588656
2016-03,Ruby,34183,12316,544763,0.0627483878310384,6.274838783103845
2016-03,Rust,5847,2711,544763,0.0107331077918287,1.073310779182874
2016-03,Swift,10342,3861,544763,0.0189844023914986,1.898440239149869
2016-03,TypeScript,57776,22920,544763,0.1060571294305964,10.605712943059642
2016-04,C#,37471,14578,555620,0.0674399769626723,6.7439976962672326
2016-04,C++,35435,13635,555620,0.0637756020301645,6.37756020301645
2016-04,Go,33476,11517,555620,0.0602498110219214,6.024981102192146
2016-04,Java,83909,31523,555620,0.1510186818329073,15.101868183290737
2016-04,JavaScript,120597,41138,555620,0.217049422267017,21.704942226701704
2016-04,Kotlin,1844,718,555620,0.0033188150174579,0.3318815017457975
2016-04,PHP,43331,18203,555620,0.0779867535365897,7.798675353658975
2016-04,Python,94810,37319,555620,0.1706382059681077,17.063820596810768
2016-04,Ruby,30932,12533,555620,0.0556711421475108,5.567114214751088
2016-04,Rust,7283,3365,555620,0.0131078794859796,1.3107879485979623
2016-04,Swift,9960,4114,555620,0.0179259205932111,1.7925920593211186
2016-04,TypeScript,56572,21117,555620,0.1018177891364601,10.181778913646015
2016-05,C#,38013,15557,562161,0.0676194186362981,6.761941863629814
2016-05,C++,33416,12669,562161,0.0594420459619219,5.944204596192194
2016-05,Go,32238,14391,562161,0.0573465608606787,5.73465608606787
2016-05,Java,83501,32894,562161,0.1485357397613851,14.85357397613851
2016-05,JavaScript,118732,43276,562161,0.2112063981670731,21.120639816707317
2016-05,Kotlin,2679,1149,562161,0.0047655386979886,0.4765538697988654
2016-05,PHP,40232,16467,562161,0.0715666864118998,7.15666864118998
2016-05,Python,104358,43053,562161,0.1856372106923105,18.563721069231057
2016-05,Ruby,32810,12478,562161,0.0583640629641686,5.836406296416863
2016-05,Rust,7658,3551,562161,0.0136224320079123,1.3622432007912324
2016-05,Swift,10930,4049,562161,0.0194428286558477,1.94428286558477
2016-05,TypeScript,57594,24384,562161,0.1024510771825153,10.245107718251532
2016-06,C#,37041,16556,564779,0.0655849456158957,6.558494561589577
2016-06,C++,31195,12407,564779,0.055233994181795,5.5233994181795
2016-06,Go,32362,12042,564779,0.0573002891396457,5.730028913964577
2016-06,Java,76630,30022,564779,0.1356813904199695,13.568139041996956
2016-06,JavaScript,130765,43823,564779,0.2315330421279828,23.15330421279828
2016-06,Kotlin,3026,1261,564779,0.0053578479369806,0.535784793698066
2016-06,PHP,42528,16674,564779,0.075300250186356,7.530025018635608
2016-06,Python,98243,47461,564779,0.1739494563360181,17.394945633601814
2016-06,Ruby,31935,13664,564779,0.0565442411987697,5.654424119876979
2016-06,Rust,8155,4155,564779,0.0144392762478774,1.4439276247877488
2016-06,Swift,11809,4338,564779,0.0209090635452097,2.090906354520972
2016-06,TypeScript,61090,25718,564779,0.1081662030634991,10.816620306349918
2016-07,C#,37758,15111,564960,0.0668330501274426,6.683305012744264
2016-07,C++,33284,12915,564960,0.0589139054092325,5.891390540923251
2016-07,Go,33652,13807,564960,0.0595652789578023,5.956527895780233
2016-07,Java,75898,28766,564960,0.1343422543188898,13.434225431888985
2016-07,JavaScript,124493,45889,564960,0.2203571934296233,22.03571934296233
2016-07,Kotlin,3535,1306,564960,0.006257080147267,0.6257080147267063
2016-07,PHP,43659,19277,564960,0.0772780373831775,7.727803738317757
2016-07,Python,97908,37596,564960,0.1733007646559048,17.330076465590487
2016-07,Ruby,29714,10483,564960,0.0525948739733786,5.259487397337865
2016-07,Rust,8692,3797,564960,0.0153851600113282,1.5385160011328236
2016-07,Swift,11511,4852,564960,0.0203748937977909,2.0374893797791
2016-07,TypeScript,64856,25965,564960,0.1147975077881619,11.479750778816198
2016-08,C#,34922,14736,564902,0.0618195722443892,6.181957224438929
2016-08,C++,31710,14064,564902,0.0561336302579916,5.613363025799165
2016-08,Go,32159,12683,564902,0.0569284583874725,5.692845838747252
2016-08,Java,80839,31585,564902,0.1431026974590283,14.31026974590283
2016-08,JavaScript,134147,46286,564902,0.2374695079854558,23.746950798545587
2016-08,Kotlin,4062,1756,564902,0.0071906277549026,0.719062775490262
2016-08,PHP,39828,16363,564902,0.0705042644564898,7.05042644564898
2016-08,Python,96641,37001,564902,0.1710756910048114,17.107569100481147
2016-08,Ruby,31448,12642,564902,0.0556698329975818,5.5669832997581885
2016-08,Rust,8699,5250,564902,0.015399131176735,1.539913117673508
2016-08,Swift,12141,4550,564902,0.0214922234299046,2.1492223429904653
2016-08,TypeScript,58306,25791,564902,0.1032143628452368,10.321436284523688
2016-09,C#,36057,12674,566949,0.0635983130757793,6.35983130757793
2016-09,C++,33304,13249,566949,0.0587424971205522,5.874249712055229
2016-09,Go,36121,13050,566949,0.0637111980089919,6.371119800899199
2016-09,Java,75473,26762,566949,0.1331213213181432,13.312132131814325
2016-09,JavaScript,123672,44418,566949,0.2181360228168671,21.813602281686716
2016-09,Kotlin,4532,1910,566949,0.0079936643331234,0.7993664333123438
2016-09,PHP,40081,15156,566949,0.070695953251527,7.069595325152703
2016-09,Python,98431,40328,566949,0.173615263454032,17.361526345403202
2016-09,Ruby,32253,12630,566949,0.0568887148579501,5.688871485795018
2016-09,Rust,9694,4868,566949,0.0170985397275592,1.709853972755927
2016-09,Swift,12832,4995,566949,0.0226334291091438,2.263342910914386
2016-09,TypeScript,64499,27067,566949,0.1137650829263302,11.376508292633025
2016-10,C#,34826,13564,572938,0.0607849365899975,6.0784936589997525
2016-10,C++,31260,12095,572938,0.0545608774422363,5.456087744223633
2016-10,Go,33959,13490,572938,0.0592716838471178,5.927168384711784
2016-10,Java,76986,30292,572938,0.1343705601653233,13.437056016532331
2016-10,JavaScript,134457,43172,572938,0.2346798431942025,23.46798431942025
2016-10,Kotlin,5186,1970,572938,0.0090515902244221,0.9051590224422188
2016-10,PHP,41187,15740,572938,0.0718873595397756,7.188735953977568
2016-10,Python,100347,43984,572938,0.175144605524507,17.5144605524507
2016-10,Ruby,32063,12576,572938,0.0559624252536923,5.596242525369237
2016-10,Rust,9818,4962,572938,0.0171362346362084,1.7136234636208454
2016-10,Swift,13260,5780,572938,0.0231438654793363,2.3143865479336334
2016-10,TypeScript,59589,22436,572938,0.1040060181031804,10.400601810318044
2016-11,C#,36283,14699,583692,0.0621612083084914,6.216120830849146
2016-11,C++,32568,12648,583692,0.0557965502353981,5.579655023539812
2016-11,Go,33937,15539,583692,0.0581419652830602,5.814196528306025
2016-11,Java,79864,28535,583692,0.136825586096777,13.682558609677706
2016-11,JavaScript,131689,48503,583692,0.2256138511406701,22.561385114067008
2016-11,Kotlin,6000,2390,583692,0.010279393926934,1.0279393926934066
2016-11,PHP,42083,15031,583692,0.0720979557711943,7.209795577119439
2016-11,Python,103150,42866,583692,0.1767199139272081,17.671991392720816
2016-11,Ruby,29405,11792,583692,0.0503775964035827,5.037759640358272
2016-11,Rust,10981,5180,583692,0.0188130041186105,1.88130041186105
2016-11,Swift,13404,5190,583692,0.0229641660327707,2.2964166032770708
2016-11,TypeScript,64328,26261,583692,0.1102088087553024,11.020880875530246
2016-12,C#,37493,17200,598766,0.0626171158683024,6.261711586830248
2016-12,C++,37361,14410,598766,0.0623966624691448,6.239666246914488
2016-12,Go,35472,13731,598766,0.0592418407190789,5.924184071907891
2016-12,Java,79546,28615,598766,0.1328498946165948,13.28498946165948
2016-12,JavaScript,138901,50761,598766,0.2319787696696205,23.197876966962053
2016-12,Kotlin,6559,2341,598766,0.0109541957960204,1.0954195796020485
2016-12,PHP,40863,15436,598766,0.0682453579528563,6.824535795285637
2016-12,Python,98889,37150,598766,0.1651546681007271,16.515466810072716
2016-12,Ruby,29305,11508,598766,0.0489423247144961,4.894232471449614
2016-12,Rust,11280,5858,598766,0.0188387450189222,1.883874501892225
2016-12,Swift,15076,6398,598766,0.025178450346212,2.5178450346212045
2016-12,TypeScript,68021,28647,598766,0.1136019747280239,11.360197472802398
2017-01,C#,38296,15872,616524,0.0621159922403669,6.211599224036696
2017-01,C++,36969,15119,616524,0.0599636023901745,5.996360239017459
2017-01,Go,36466,15898,616524,0.0591477379631612,5.914773796316121
2017-01,Java,82390,34838,616524,0.1336363223491705,13.36363223491705
2017-01,JavaScript,137644,47748,616524,0.2232581375583107,22.32581375583108
2017-01,Kotlin,6710,2559,616524,0.010883599016421,1.0883599016421095
2017-01,PHP,45298,18947,616524,0.0734732143436427,7.347321434364275
2017-01,Python,100662,39331,616524,0.1632734492087899,16.327344920878993
2017-01,Ruby,31367,13038,616524,0.0508771759088048,5.087717590880485
2017-01,Rust,13155,5937,616524,0.0213373688615528,2.133736886155284
2017-01,Swift,15338,6189,616524,0.0248781880348534,2.487818803485347
2017-01,TypeScript,72229,31522,616524,0.117155212124751,11.715521212475103
2017-02,C#,39056,15594,634560,0.0615481593545133,6.154815935451336
2017-02,C++,36665,13813,634560,0.0577801941502773,5.778019415027736
2017-02,Go,36094,16649,634560,0.0568803580433686,5.688035804336863
2017-02,Java,86787,36435,634560,0.1367672087745839,13.676720877458395
2017-02,JavaScript,137213,48124,634560,0.2162332955118507,21.623329551185076
2017-02,Kotlin,8143,3153,634560,0.0128325138678769,1.2832513867876956
2017-02,PHP,45865,17123,634560,0.0722784291477559,7.227842914775592
2017-02,Python,113101,45275,634560,0.1782353126575895,17.82353126575895
2017-02,Ruby,32879,12884,634560,0.0518138552697932,5.181385526979324
2017-02,Rust,13687,6589,634560,0.0215692763489662,2.156927634896621
2017-02,Swift,17048,7119,634560,0.0268658598083711,2.6865859808371155
2017-02,TypeScript,68022,30770,634560,0.1071955370650529,10.719553706505296
2017-03,C#,40497,16252,650328,0.0622716536886002,6.227165368860021
2017-03,C++,38429,14393,650328,0.0590917198705883,5.909171987058838
2017-03,Go,37032,13768,650328,0.0569435730892718,5.694357308927187
2017-03,Java,84679,29851,650328,0.1302096788082321,13.020967880823214
2017-03,JavaScript,144034,50571,650328,0.2214790075162072,22.14790075162072
2017-03,Kotlin,9191,3567,650328,0.0141328683372083,1.4132868337208302
2017-03,PHP,45385,18500,650328,0.06978786089481,6.978786089481
2017-03,Python,108706,42868,650328,0.1671556506870379,16.715565068703793
2017-03,Ruby,31668,13848,650328,0.0486954275381038,4.869542753810385
2017-03,Rust,15383,6677,650328,0.0236542175640599,2.3654217564059983
2017-03,Swift,18788,7428,650328,0.0288900370274692,2.8890037027469213
2017-03,TypeScript,76536,34169,650328,0.1176883049784108,11.768830497841089
2017-04,C#,41482,16403,661829,0.0626778216125313,6.267782161253134
2017-04,C++,38706,14497,661829,0.0584833846809372,5.848338468093722
2017-04,Go,37426,17420,661829,0.0565493503608938,5.654935036089383
2017-04,Java,92451,34060,661829,0.1396901616580718,13.96901616580718
2017-04,JavaScript,142125,49235,661829,0.2147458029188808,21.474580291888085
2017-04,Kotlin,9656,4167,661829,0.0145898714018273,1.458987140182736
2017-04,PHP,49921,19528,661829,0.0754288494460049,7.542884944600494
2017-04,Python,111757,44578,661829,0.1688608386758513,16.886083867585132
2017-04,Ruby,33278,12151,661829,0.0502818703925032,5.02818703925032
2017-04,Rust,15195,6718,661829,0.0229591027289526,2.2959102728952643
2017-04,Swift,18182,7654,661829,0.0274723531304914,2.747235313049141
2017-04,TypeScript,71650,27810,661829,0.1082605929930541,10.82605929930541
2017-05,C#,39083,15802,668184,0.0584913736336099,5.849137363360991
2017-05,C++,40393,16859,668184,0.0604519114495408,6.045191144954084
2017-05,Go,38718,15972,668184,0.0579451169139039,5.794511691390396
2017-05,Java,92760,35923,668184,0.138824036492942,13.882403649294206
2017-05,JavaScript,146777,56974,668184,0.2196655412281647,21.96655412281647
2017-05,Kotlin,9300,3773,668184,0.013918321899357,1.3918321899357065
2017-05,PHP,41649,16140,668184,0.0623316332028303,6.233163320283036
2017-05,Python,113796,45372,668184,0.1703063826730361,17.030638267303615
2017-05,Ruby,32121,11936,668184,0.0480720879278761,4.807208792787616
2017-05,Rust,17538,8587,668184,0.0262472612334327,2.6247261233432706
2017-05,Swift,19956,8810,668184,0.0298660249272655,2.986602492726554
2017-05,TypeScript,76093,29545,668184,0.1138803084180405,11.388030841804056
2017-06,C#,45918,18219,669892,0.0685453774638299,6.854537746383
2017-06,C++,36865,14358,669892,0.0550312587700704,5.50312587700704
2017-06,Go,38358,15555,669892,0.0572599762349751,5.725997623497519
2017-06,Java,93414,36114,669892,0.1394463585174923,13.944635851749238
2017-06,JavaScript,149083,52451,669892,0.2225478136774286,22.254781367742854
2017-06,Kotlin,10930,4571,669892,0.016316062887749,1.6316062887749072
2017-06,PHP,45476,17171,669892,0.0678855696142064,6.788556961420647
2017-06,Python,105500,44046,669892,0.1574880727042568,15.74880727042568
2017-06,Ruby,34113,15109,669892,0.0509231338782968,5.09231338782968
2017-06,Rust,17367,8060,669892,0.0259250744896192,2.592507448961922
2017-06,Swift,19876,8086,669892,0.0296704543418939,2.967045434189392
2017-06,TypeScript,72992,33788,669892,0.1089608474201811,10.896084742018116
2017-07,C#,41485,17071,668737,0.0620348507709308,6.203485077093088
2017-07,C++,40167,14063,668737,0.0600639713370129,6.006397133701291
2017-07,Go,38581,17228,668737,0.0576923364491571,5.769233644915714
2017-07,Java,89864,37247,668737,0.1343786869875601,13.437868698756017
2017-07,JavaScript,142521,54969,668737,0.21311965690548,21.311965690548003
2017-07,Kotlin,11474,4550,668737,0.0171577167107547,1.715771671075475
2017-07,PHP,43492,18659,668737,0.0650360306069501,6.503603060695011
2017-07,Python,111347,46007,668737,0.1665034236179544,16.650342361795445
2017-07,Ruby,32248,12743,668737,0.0482222458156196,4.82222458156196
2017-07,Rust,19693,9720,668737,0.0294480490835709,2.944804908357097
2017-07,Swift,19555,9090,668737,0.0292416899319164,2.9241689931916435
2017-07,TypeScript,78310,31813,668737,0.1171013417830926,11.71013417830926
2017-08,C#,42596,16031,667336,0.0638299147655753,6.382991476557537
2017-08,C++,37287,16280,667336,0.0558744021002913,5.587440210029131
2017-08,Go,37267,15524,667336,0.0558444321900811,5.584443219008116
2017-08,Java,86152,32015,667336,0.1290983852212378,12.909838522123788
2017-08,JavaScript,148096,54598,667336,0.2219211911241114,22.19211911241114
2017-08,Kotlin,11454,4855,667336,0.0171637675773523,1.716376757735234
2017-08,PHP,42796,16033,667336,0.0641296138676768,6.412961386767685
2017-08,Python,121559,50215,667336,0.1821556157617752,18.21556157617752
2017-08,Ruby,27675,9924,667336,0.0414708632532936,4.1470863253293695
2017-08,Rust,18992,8981,667336,0.0284594267355575,2.84594267355575
2017-08,Swift,20237,8360,667336,0.0303250536461392,3.0325053646139275
2017-08,TypeScript,73225,33295,667336,0.109727333756908,10.972733375690806
2017-09,C#,41093,15800,668449,0.0614751461966432,6.147514619664327
2017-09,C++,35916,15066,668449,0.0537303519041841,5.373035190418416
2017-09,Go,38242,15845,668449,0.0572100489341744,5.721004893417449
2017-09,Java,88318,33003,668449,0.132123767108635,13.212376710863508
2017-09,JavaScript,149949,54691,668449,0.224323770399836,22.432377039983603
2017-09,Kotlin,12365,5187,668449,0.0184980454754214,1.849804547542146
2017-09,PHP,39875,16434,668449,0.0596530176572932,5.965301765729323
2017-09,Python,116044,42638,668449,0.1736018753861551,17.360187538615513
2017-09,Ruby,31563,12391,668449,0.0472182619766055,4.721826197660555
2017-09,Rust,20028,8965,668449,0.0299618968687214,2.996189686872147
2017-09,Swift,20568,8544,668449,0.0307697371078421,3.0769737107842183
2017-09,TypeScript,74488,33808,668449,0.1114340809844879,11.143408098448797
2017-10,C#,44094,18665,674221,0.0653999207974833,6.539992079748331
2017-10,C++,41489,14201,674221,0.0615362025211317,6.153620252113179
2017-10,Go,37604,15460,674221,0.0557739969535211,5.577399695352118
2017-10,Java,91935,38029,674221,0.1363573665014884,13.63573665014884
2017-10,JavaScript,144815,54808,674221,0.2147886227216298,21.478862272162985
2017-10,Kotlin,13040,4887,674221,0.019340839279702,1.9340839279702056
2017-10,PHP,39848,17282,674221,0.0591022824860097,5.910228248600978
2017-10,Python,114286,46113,674221,0.169508217631904,16.950821763190408
2017-10,Ruby,30068,11975,674221,0.0445966530262332,4.459665302623324
2017-10,Rust,20246,8593,674221,0.0300287294522122,3.0028729452212257
2017-10,Swift,19601,7703,674221,0.0290720698406012,2.9072069840601227
2017-10,TypeScript,77195,30556,674221,0.1144950987880828,11.449509878808284
2017-11,C#,43535,17132,685599,0.0634992174726042,6.349921747260424
2017-11,C++,39103,15928,685599,0.0570347973086308,5.7034797308630845
2017-11,Go,36713,16521,685599,0.0535487945577516,5.354879455775169
2017-11,Java,86192,36657,685599,0.1257178029722913,12.571780297229138
2017-11,JavaScript,143717,50511,685599,0.2096225344552719,20.9622534455272
2017-11,Kotlin,15020,6218,685599,0.0219078499239351,2.190784992393513
2017-11,PHP,43877,17902,685599,0.063998051339048,6.399805133904804
2017-11,Python,122252,46092,685599,0.1783141457324179,17.831414573241794
2017-11,Ruby,29281,11945,685599,0.0427086387232186,4.270863872321868
2017-11,Rust,23322,11224,685599,0.0340169691029304,3.401696910293043
2017-11,Swift,19757,8118,685599,0.0288171365477487,2.881713654774876
2017-11,TypeScript,82830,34529,685599,0.1208140618641509,12.08140618641509
2017-12,C#,42912,16506,702024,0.0611261153464838,6.112611534648388
2017-12,C++,36790,13936,702024,0.052405615762424,5.240561576242408
2017-12,Go,42098,16364,702024,0.0599666108281198,5.996661082811984
2017-12,Java,90523,34478,702024,0.1289457340489783,12.89457340489784
2017-12,JavaScript,152697,53746,702024,0.2175096577894772,21.75096577894773
2017-12,Kotlin,14096,5253,702024,0.0200790856153066,2.00790856153066
2017-12,PHP,43235,19797,702024,0.0615862135767438,6.158621357674381
2017-12,Python,126195,50499,702024,0.1797588116645584,17.97588116645585
2017-12,Ruby,30640,12450,702024,0.0436452315020569,4.364523150205691
2017-12,Rust,24271,10955,702024,0.0345728920948571,3.457289209485716
2017-12,Swift,19855,7646,702024,0.0282825088600959,2.828250886009595
2017-12,TypeScript,78712,33772,702024,0.1121215229108976,11.212152291089764
2018-01,C#,41816,17337,721560,0.0579522146460446,5.795221464604468
2018-01,C++,40091,16025,721560,0.0555615610621431,5.556156106214313
2018-01,Go,43210,16418,721560,0.0598841399190642,5.988413991906425
2018-01,Java,96254,34111,721560,0.1333970840955707,13.339708409557073
2018-01,JavaScript,148617,52460,721560,0.2059662398137369,20.59662398137369
2018-01,Kotlin,16467,6573,721560,0.0228213869948445,2.2821386994844506
2018-01,PHP,41560,18042,721560,0.0575974277953323,5.759742779533234
2018-01,Python,129297,52534,721560,0.1791909196740395,17.919091967403958
2018-01,Ruby,30806,13538,721560,0.0426936082931426,4.269360829314263
2018-01,Rust,24862,13855,721560,0.0344559011031653,3.445590110316536
2018-01,Swift,21942,9408,721560,0.0304091135872276,3.0409113587227674
2018-01,TypeScript,86638,38252,721560,0.1200704030156882,12.007040301568823
2018-02,C#,44308,17420,741373,0.0597647877654028,5.976478776540284
2018-02,C++,43200,17118,741373,0.0582702634166607,5.827026341666071
2018-02,Go,44206,17906,741373,0.0596272051990023,5.962720519900239
2018-02,Java,93906,33396,741373,0.1266649851019662,12.666498510196622
2018-02,JavaScript,156277,53919,741373,0.2107940267584603,21.079402675846037
2018-02,Kotlin,17591,6686,741373,0.0237275973093166,2.3727597309316635
2018-02,PHP,44259,18106,741373,0.059698694179583,5.969869417958302
2018-02,Python,133338,57047,741373,0.1798527866539515,17.985278665395153
2018-02,Ruby,30587,11756,741373,0.041257234887162,4.125723488716206
2018-02,Rust,27226,12750,741373,0.0367237544393982,3.672375443939825
2018-02,Swift,21463,8884,741373,0.0289503394377728,2.895033943777289
2018-02,TypeScript,85012,33290,741373,0.1146683248513231,11.466832485132317
2018-03,C#,48088,21223,758500,0.0633988134475939,6.339881344759394
2018-03,C++,47172,18273,758500,0.0621911667765326,6.219116677653263
2018-03,Go,47656,17958,758500,0.0628292682926829,6.282926829268293
2018-03,Java,96016,39343,758500,0.1265866842452208,12.658668424522082
2018-03,JavaScript,161190,64506,758500,0.21251153592617,21.251153592617005
2018-03,Kotlin,18376,7469,758500,0.0242267633487145,2.422676334871457
2018-03,PHP,47147,20239,758500,0.0621582069874752,6.215820698747528
2018-03,Python,127994,50391,758500,0.1687462096242584,16.87462096242584
2018-03,Ruby,30253,12697,758500,0.0398852999340804,3.988529993408042
2018-03,Rust,29654,16691,758500,0.0390955833882663,3.909558338826632
2018-03,Swift,23742,9840,758500,0.0313012524719841,3.1301252471984182
2018-03,TypeScript,81212,33421,758500,0.1070692155570204,10.706921555702044
2018-04,C#,46433,17977,770627,0.06025353381078,6.0253533810780056
2018-04,C++,46529,22560,770627,0.0603781076967196,6.037810769671968
2018-04,Go,46676,17425,770627,0.0605688614595647,6.056886145956474
2018-04,Java,99636,40128,770627,0.1292921218695945,12.929212186959449
2018-04,JavaScript,158491,58065,770627,0.2056649974631047,20.56649974631047
2018-04,Kotlin,19753,8054,770627,0.0256323746767242,2.563237467672428
2018-04,PHP,46989,19517,770627,0.0609750242335137,6.097502423351375
2018-04,Python,137815,53722,770627,0.1788348967788567,17.88348967788567
2018-04,Ruby,32126,15726,770627,0.0416881318718394,4.168813187183942
2018-04,Rust,27384,12150,770627,0.0355347009642797,3.553470096427973
2018-04,Swift,24138,10586,770627,0.0313225464459459,3.132254644594596
2018-04,TypeScript,84657,34184,770627,0.1098547027290764,10.985470272907644
2018-05,C#,47655,19100,776760,0.0613509964467789,6.135099644677893
2018-05,C++,42651,18338,776760,0.0549088521551058,5.490885215510582
2018-05,Go,44649,18616,776760,0.057481075235594,5.748107523559401
2018-05,Java,93954,39188,776760,0.1209562799320253,12.095627993202534
2018-05,JavaScript,163735,61311,776760,0.2107922653071733,21.07922653071734
2018-05,Kotlin,19216,8297,776760,0.0247386580153457,2.47386580153458
2018-05,PHP,46986,20350,776760,0.0604897265564653,6.048972655646532
2018-05,Python,141006,52340,776760,0.1815309748184767,18.153097481847677
2018-05,Ruby,30667,12886,776760,0.0394806632679334,3.9480663267933465
2018-05,Rust,29808,14098,776760,0.038374787579175,3.837478757917504
2018-05,Swift,23692,10903,776760,0.0305010556671301,3.050105566713013
2018-05,TypeScript,92741,35120,776760,0.119394665018796,11.939466501879604
2018-06,C#,46820,18545,777502,0.0602184946148048,6.021849461480485
2018-06,C++,49020,20391,777502,0.0630480693297252,6.304806932972521
2018-06,Go,46493,18904,777502,0.0597979169185416,5.979791691854168
2018-06,Java,99252,38815,777502,0.1276549770933065,12.765497709330653
2018-06,JavaScript,172864,58873,777502,0.2223325470545413,22.233254705454133
2018-06,Kotlin,21873,8625,777502,0.028132403517933,2.813240351793308
2018-06,PHP,42289,17695,777502,0.0543908568723938,5.439085687239389
2018-06,Python,127657,55034,777502,0.164188645173903,16.418864517390308
2018-06,Ruby,32199,13064,777502,0.0414133982935092,4.141339829350922
2018-06,Rust,28763,13237,777502,0.0369941170569336,3.699411705693362
2018-06,Swift,23402,9410,777502,0.0300989579448027,3.009895794480272
2018-06,TypeScript,86870,37572,777502,0.1117296161296048,11.17296161296048
2018-07,C#,47112,19777,774947,0.0607938349332276,6.079383493322769
2018-07,C++,46706,19013,774947,0.0602699281370209,6.0269928137020985
2018-07,Go,42700,16879,774947,0.055100542359671,5.510054235967105
2018-07,Java,97393,37391,774947,0.1256769817806895,12.56769817806895
2018-07,JavaScript,168784,59733,774947,0.217800701209244,21.7800701209244
2018-07,Kotlin,23207,9070,774947,0.0299465640876085,2.994656408760857
2018-07,PHP,40258,16921,774947,0.0519493591174622,5.194935911746223
2018-07,Python,137744,57014,774947,0.1777463491051646,17.77463491051646
2018-07,Ruby,31330,13136,774947,0.040428571244227,4.042857124422702
2018-07,Rust,29009,15300,774947,0.0374335277122177,3.743352771221774
2018-07,Swift,24031,9307,774947,0.0310098626099591,3.100986260995913
2018-07,TypeScript,86673,36691,774947,0.1118437777035074,11.184377770350746
2018-08,C#,46491,17358,772139,0.0602106615518708,6.021066155187084
2018-08,C++,42479,16376,772139,0.0550147059013985,5.501470590139858
2018-08,Go,43486,18822,772139,0.0563188752284238,5.63188752284239
2018-08,Java,96061,37148,772139,0.1244089470937227,12.440894709372277
2018-08,JavaScript,171199,66118,772139,0.2217204415267199,22.172044152671997
2018-08,Kotlin,22537,8229,772139,0.0291877498740511,2.918774987405117
2018-08,PHP,41410,15934,772139,0.0536302401510608,5.363024015106088
2018-08,Python,137211,51420,772139,0.1777024603083123,17.770246030831235
2018-08,Ruby,32055,11586,772139,0.0415145459561037,4.151454595610375
2018-08,Rust,27626,13164,772139,0.0357785321036756,3.577853210367563
2018-08,Swift,23325,9241,772139,0.0302082915122795,3.020829151227953
2018-08,TypeScript,88259,39518,772139,0.1143045487923806,11.430454879238065
2018-09,C#,46658,17952,772265,0.060417084808971,6.0417084808971016
2018-09,C++,41939,17184,772265,0.0543064880578557,5.430648805785579
2018-09,Go,45764,18181,772265,0.0592594510951551,5.925945109515516
2018-09,Java,99136,35453,772265,0.128370442788421,12.837044278842107
2018-09,JavaScript,172920,61084,772265,0.2239127760548516,22.391277605485165
2018-09,Kotlin,23863,10150,772265,0.0309000148912614,3.090001489126142
2018-09,PHP,40387,16615,772265,0.0522968152123947,5.229681521239471
2018-09,Python,132427,54535,772265,0.1714787022589396,17.14787022589396
2018-09,Ruby,29358,11246,772265,0.0380154480651071,3.8015448065107194
2018-09,Rust,27379,12171,772265,0.0354528562086848,3.5452856208684844
2018-09,Swift,21192,8329,772265,0.0274413575650845,2.7441357565084523
2018-09,TypeScript,91242,39227,772265,0.118148562993273,11.814856299327303
2018-10,C#,43174,17795,777791,0.0555084849271848,5.550848492718481
2018-10,C++,40794,18305,777791,0.0524485369463004,5.244853694630049
2018-10,Go,46201,19173,777791,0.0594002759095952,5.940027590959525
2018-10,Java,102205,38495,777791,0.1314041947001186,13.140419470011864
2018-10,JavaScript,175876,59140,777791,0.2261224416327779,22.612244163277797
2018-10,Kotlin,24377,9593,777791,0.0313413243403433,3.1341324340343357
2018-10,PHP,41732,18279,777791,0.053654516444649,5.365451644464901
2018-10,Python,138685,47355,777791,0.1783062545079591,17.83062545079591
2018-10,Ruby,29085,12450,777791,0.0373943642958069,3.7394364295806968
2018-10,Rust,27371,11605,777791,0.0351906874725986,3.519068747259868
2018-10,Swift,22018,8611,777791,0.0283083759004668,2.830837590046684
2018-10,TypeScript,86273,34683,777791,0.1109205429221989,11.09205429221989
2018-11,C#,48108,18784,789773,0.0609137055837563,6.091370558375635
2018-11,C++,43669,17071,789773,0.055293103208137,5.529310320813702
2018-11,Go,46228,19866,789773,0.0585332747510993,5.8533274751099365
2018-11,Java,101666,44656,789773,0.1287281282089917,12.87281282089917
2018-11,JavaScript,172259,61634,789773,0.2181120397886481,21.81120397886481
2018-11,Kotlin,25274,10167,789773,0.0320016004598789,3.200160045987898
2018-11,PHP,39543,14902,789773,0.0500688172424228,5.006881724242282
2018-11,Python,140276,55930,789773,0.1776155933413778,17.761559334137782
2018-11,Ruby,27556,10918,789773,0.0348910383110083,3.489103831100835
2018-11,Rust,29431,13277,789773,0.0372651382105997,3.726513821059976
2018-11,Swift,22812,9388,789773,0.0288842490183888,2.888424901838883
2018-11,TypeScript,92951,41079,789773,0.1176933118756908,11.769331187569088
2018-12,C#,47653,19386,807551,0.0590092761943208,5.900927619432085
2018-12,C++,46022,18992,807551,0.0569895895119936,5.698958951199367
2018-12,Go,47631,17575,807551,0.0589820333328792,5.8982033332879285
2018-12,Java,99423,39882,807551,0.1231166824138661,12.311668241386611
2018-12,JavaScript,170143,59941,807551,0.2106900988296714,21.069009882967144
2018-12,Kotlin,24330,9509,807551,0.0301281281306072,3.012812813060723
2018-12,PHP,44422,18662,807551,0.0550082904980614,5.500829049806142
2018-12,Python,146023,65106,807551,0.1808220161946428,18.08220161946428
2018-12,Ruby,29967,12790,807551,0.0371084922190672,3.710849221906728
2018-12,Rust,29115,13658,807551,0.0360534504941483,3.605345049414836
2018-12,Swift,25863,10046,807551,0.032026460248331,3.2026460248331063
2018-12,TypeScript,96959,38540,807551,0.1200654819324104,12.006548193241043
2019-01,C#,48446,18899,828873,0.0584480372747091,5.844803727470915
2019-01,C++,45842,17232,828873,0.0553064220936138,5.530642209361386
2019-01,Go,48904,19447,828873,0.0590005947835193,5.900059478351931
2019-01,Java,102747,35055,828873,0.1239598828771114,12.395988287711145
2019-01,JavaScript,183296,65561,828873,0.2211388234385726,22.11388234385726
2019-01,Kotlin,25961,10907,828873,0.0313208416729704,3.1320841672970405
2019-01,PHP,44401,18172,828873,0.0535679169185146,5.356791691851466
2019-01,Python,147566,58350,828873,0.1780320990067236,17.80320990067236
2019-01,Ruby,30175,10585,828873,0.0364048533370009,3.640485333700096
2019-01,Rust,30790,14330,828873,0.0371468246643333,3.7146824664333375
2019-01,Swift,24969,10202,828873,0.030124035889696,3.012403588969601
2019-01,TypeScript,95776,41257,828873,0.1155496680432346,11.55496680432346
2019-02,C#,49188,20728,850479,0.0578356432081215,5.783564320812154
2019-02,C++,46202,19755,850479,0.0543246805623654,5.432468056236544
2019-02,Go,55129,21758,850479,0.0648211184520723,6.482111845207231
2019-02,Java,104321,40271,850479,0.1226614648921372,12.266146489213725
2019-02,JavaScript,181579,66140,850479,0.2135020382631434,21.35020382631435
2019-02,Kotlin,26359,10131,850479,0.0309931226990907,3.099312269909075
2019-02,PHP,42645,16724,850479,0.0501423315566874,5.014233155668746
2019-02,Python,154163,61197,850479,0.1812660865230064,18.126608652300643
2019-02,Ruby,29942,11559,850479,0.0352060427124008,3.5206042712400896
2019-02,Rust,30588,15459,850479,0.0359656146712617,3.5965614671261728
2019-02,Swift,26481,11087,850479,0.0311365712733647,3.1136571273364773
2019-02,TypeScript,103882,41391,850479,0.1221452851863479,12.214528518634792
2019-03,C#,52749,20507,868969,0.0607029709920607,6.070297099206071
2019-03,C++,51412,19956,868969,0.0591643660475805,5.9164366047580526
2019-03,Go,57527,22207,868969,0.066201441018034,6.620144101803402
2019-03,Java,112957,42621,868969,0.1299896774223246,12.998967742232464
2019-03,JavaScript,183500,66604,868969,0.2111697885655299,21.116978856553
2019-03,Kotlin,27557,12409,868969,0.0317122935340616,3.1712293534061637
2019-03,PHP,43806,15544,868969,0.0504114646207171,5.04114646207172
2019-03,Python,148528,64089,868969,0.1709243943109593,17.092439431095933
2019-03,Ruby,28234,11552,868969,0.032491377713129,3.249137771312901
2019-03,Rust,32029,15000,868969,0.0368586221142526,3.685862211425264
2019-03,Swift,25482,10845,868969,0.0293244062791653,2.932440627916531
2019-03,TypeScript,105188,43687,868969,0.1210491973821851,12.10491973821851
2019-04,C#,57819,23901,881712,0.0655758342860253,6.557583428602537
2019-04,C++,51776,20932,881712,0.0587221224163899,5.8722122416389935
2019-04,Go,54598,21720,881712,0.0619227139927776,6.192271399277768
2019-04,Java,110128,42889,881712,0.1249024624820803,12.490246248208033
2019-04,JavaScript,181833,65573,881712,0.2062272034405792,20.622720344057925
2019-04,Kotlin,29737,12229,881712,0.0337264322136933,3.3726432213693363
2019-04,PHP,44183,16596,881712,0.0501104669098299,5.0110466909829965
2019-04,Python,158588,63381,881712,0.1798637196726368,17.986371967263686
2019-04,Ruby,29631,11437,881712,0.0336062115520714,3.3606211552071428
2019-04,Rust,34118,16595,881712,0.0386951748416716,3.8695174841671656
2019-04,Swift,25551,9958,881712,0.028978850236812,2.8978850236812024
2019-04,TypeScript,103750,45544,881712,0.1176688079554321,11.766880795543216
2019-05,C#,55103,23598,887587,0.0620818015586077,6.208180155860778
2019-05,C++,53210,20988,887587,0.0599490528815766,5.9949052881576685
2019-05,Go,50094,19857,887587,0.0564384111078688,5.643841110786886
2019-05,Java,111369,42622,887587,0.1254738972066963,12.547389720669637
2019-05,JavaScript,197550,70205,887587,0.2225697311925479,22.256973119254788
2019-05,Kotlin,28255,10982,887587,0.0318334991386759,3.1833499138675982
2019-05,PHP,44361,15687,887587,0.0499793259702992,4.997932597029925
2019-05,Python,151819,63662,887587,0.1710468945579419,17.10468945579419
2019-05,Ruby,29606,11444,887587,0.0333556034507039,3.3355603450703986
2019-05,Rust,33378,15585,887587,0.0376053277030871,3.760532770308713
2019-05,Swift,25369,10849,887587,0.0285819868925525,2.8581986892552504
2019-05,TypeScript,107473,47118,887587,0.1210844683394416,12.108446833944166
2019-06,C#,53540,21486,887316,0.0603392703388646,6.033927033886463
2019-06,C++,50423,18850,887316,0.0568264293667644,5.682642936676449
2019-06,Go,51251,21859,887316,0.0577595805778324,5.775958057783248
2019-06,Java,105827,44791,887316,0.1192664169247483,11.926641692474837
2019-06,JavaScript,189655,65993,887316,0.2137400880858679,21.374008808586797
2019-06,Kotlin,28188,10616,887316,0.031767712968097,3.1767712968097053
2019-06,PHP,46987,18063,887316,0.0529540772396756,5.2954077239675605
2019-06,Python,168421,69973,887316,0.1898094928976824,18.980949289768244
2019-06,Ruby,29387,11814,887316,0.0331189790333996,3.3118979033399603
2019-06,Rust,33401,19165,887316,0.03764273381749,3.7642733817490046
2019-06,Swift,28578,12304,887316,0.0322072407124406,3.220724071244067
2019-06,TypeScript,101658,44424,887316,0.1145679780371367,11.456797803713672
2019-07,C#,47491,18303,883311,0.0537647555617443,5.376475556174439
2019-07,C++,47604,18057,883311,0.0538926833244463,5.389268332444631
2019-07,Go,52221,20730,883311,0.0591196079297099,5.911960792970992
2019-07,Java,110935,41666,883311,0.1255899677463543,12.558996774635434
2019-07,JavaScript,199237,78966,883311,0.2255570235171983,22.55570235171984
2019-07,Kotlin,29880,12357,883311,0.0338272703498541,3.3827270349854133
2019-07,PHP,43842,18993,883311,0.0496337077201574,4.963370772015745
2019-07,Python,156243,64253,883311,0.1768833400693527,17.688334006935268
2019-07,Ruby,28237,13838,883311,0.03196722332225,3.196722332225004
2019-07,Rust,34893,14642,883311,0.0395025081766218,3.950250817662183
2019-07,Swift,26543,12051,883311,0.0300494389858158,3.004943898581587
2019-07,TypeScript,106185,47479,883311,0.1202124732964946,12.021247329649466
2019-08,C#,51785,17944,879042,0.0589107232646449,5.891072326464492
2019-08,C++,48416,20278,879042,0.0550781418862807,5.507814188628075
2019-08,Go,52350,21597,879042,0.0595534684349553,5.955346843495533
2019-08,Java,107481,38735,879042,0.1222706082303234,12.227060823032348
2019-08,JavaScript,202883,68072,879042,0.2308001210408604,23.08001210408604
2019-08,Kotlin,29061,13934,879042,0.0330598537953817,3.305985379538179
2019-08,PHP,43125,17772,879042,0.0490590893267898,4.905908932678985
2019-08,Python,152272,62508,879042,0.1732249426079755,17.322494260797548
2019-08,Ruby,29858,12166,879042,0.0339665226462444,3.3966522646244437
2019-08,Rust,31127,15828,879042,0.0354101396747823,3.541013967478232
2019-08,Swift,27301,11212,879042,0.031057674149813,3.105767414981309
2019-08,TypeScript,103383,40715,879042,0.1176087149419481,11.760871494194816
2019-09,C#,53560,20898,878139,0.0609926218969889,6.099262189698897
2019-09,C++,48238,17941,878139,0.0549320779512127,5.493207795121274
2019-09,Go,53138,19894,878139,0.0605120601635959,6.051206016359597
2019-09,Java,110770,37739,878139,0.1261417611562634,12.61417611562634
2019-09,JavaScript,197073,71487,878139,0.2244211907226532,22.442119072265324
2019-09,Kotlin,29298,13519,878139,0.0333637385425314,3.336373854253142
2019-09,PHP,43568,20335,878139,0.0496140132712474,4.961401327124749
2019-09,Python,151419,59130,878139,0.1724316993095626,17.243169930956263
2019-09,Ruby,27184,10865,878139,0.030956374788046,3.0956374788046084
2019-09,Rust,33508,15388,878139,0.0381579681576606,3.815796815766069
2019-09,Swift,26560,9762,878139,0.0302457811348772,3.024578113487728
2019-09,TypeScript,103823,44003,878139,0.11823071290536,11.823071290536008
2019-10,C#,52107,19874,883389,0.0589853394144595,5.898533941445954
2019-10,C++,48444,20574,883389,0.0548388082713278,5.483880827132781
2019-10,Go,51621,20869,883389,0.0584351854052971,5.84351854052971
2019-10,Java,100139,43694,883389,0.1133577619825467,11.335776198254676
2019-10,JavaScript,198344,65635,883389,0.2245262279697845,22.452622796978456
2019-10,Kotlin,30519,11748,883389,0.0345476341679599,3.454763416795998
2019-10,PHP,46524,17071,883389,0.0526653603338959,5.266536033389594
2019-10,Python,165431,66935,883389,0.1872685759048392,18.72685759048392
2019-10,Ruby,26996,11266,883389,0.0305595836035993,3.055958360359932
2019-10,Rust,35304,15957,883389,0.0399642739495284,3.996427394952847
2019-10,Swift,27584,10636,883389,0.0312252020344378,3.122520203443783
2019-10,TypeScript,100376,42322,883389,0.1136260469623235,11.362604696232353
2019-11,C#,53100,22428,895970,0.0592653771889683,5.926537718896839
2019-11,C++,50519,19294,895970,0.0563847003805931,5.63847003805931
2019-11,Go,57055,24435,895970,0.0636795874861881,6.367958748618816
2019-11,Java,101435,36646,895970,0.1132124959541056,11.321249595410562
2019-11,JavaScript,200664,63106,895970,0.223962855899193,22.396285589919305
2019-11,Kotlin,29639,12113,895970,0.0330803486723885,3.308034867238858
2019-11,PHP,45225,18215,895970,0.0504760204024688,5.047602040246884
2019-11,Python,166090,61017,895970,0.1853745103072647,18.53745103072648
2019-11,Ruby,28964,11753,895970,0.0323269752335457,3.2326975233545765
2019-11,Rust,33786,14445,895970,0.0377088518588792,3.77088518588792
2019-11,Swift,27994,13117,895970,0.0312443496992086,3.124434969920868
2019-11,TypeScript,101499,43341,895970,0.1132839269171958,11.328392691719587
2019-12,C#,53105,23591,915105,0.0580315920031034,5.803159200310347
2019-12,C++,52640,20672,915105,0.0575234535927571,5.752345359275712
2019-12,Go,52314,22102,915105,0.0571672103201272,5.71672103201272
2019-12,Java,108584,47090,915105,0.1186574218259106,11.865742182591068
2019-12,JavaScript,207324,69842,915105,0.2265576081433278,22.65576081433278
2019-12,Kotlin,28719,11949,915105,0.0313832838854557,3.138328388545577
2019-12,PHP,44166,18147,915105,0.0482633140459291,4.826331404592916
2019-12,Python,164294,65895,915105,0.1795356816977286,17.95356816977287
2019-12,Ruby,26749,11499,915105,0.0292305254588271,2.923052545882713
2019-12,Rust,35047,16910,915105,0.0382983373492659,3.829833734926593
2019-12,Swift,28859,11149,915105,0.0315362717939471,3.1536271793947144
2019-12,TypeScript,113304,45214,915105,0.1238152998836199,12.381529988361992
2020-01,C#,53380,22351,938226,0.0568946074826321,5.689460748263212
2020-01,C++,49406,20541,938226,0.0526589542391705,5.265895423917052
2020-01,Go,58047,22390,938226,0.0618688887325655,6.1868888732565495
2020-01,Java,113035,40858,938226,0.1204773689921191,12.047736899211916
2020-01,JavaScript,204106,80211,938226,0.2175446001283273,21.75446001283273
2020-01,Kotlin,30410,11129,938226,0.0324122332998659,3.241223329986592
2020-01,PHP,39892,17962,938226,0.0425185403090513,4.251854030905134
2020-01,Python,181195,79339,938226,0.1931251105810327,19.312511058103272
2020-01,Ruby,27305,12694,938226,0.0291027961280118,2.91027961280118
2020-01,Rust,36277,17628,938226,0.0386655240848153,3.8665524084815375
2020-01,Swift,30943,12709,938226,0.0329803267016688,3.298032670166889
2020-01,TypeScript,114230,43875,938226,0.1217510493207393,12.175104932073936
2020-02,C#,55425,22077,961634,0.0576362732598889,5.76362732598889
2020-02,C++,57190,22118,961634,0.0594716908927928,5.947169089279289
2020-02,Go,54110,22983,961634,0.0562688091311247,5.6268809131124735
2020-02,Java,122092,44407,961634,0.1269630649498666,12.69630649498666
2020-02,JavaScript,208440,78581,961634,0.2167560631175686,21.675606311756862
2020-02,Kotlin,31302,12809,961634,0.0325508457479664,3.255084574796648
2020-02,PHP,41754,15919,961634,0.0434198458041209,4.34198458041209
2020-02,Python,182276,71720,961634,0.1895482064902031,18.954820649020316
2020-02,Ruby,28468,10903,961634,0.0296037785685614,2.9603778568561427
2020-02,Rust,37396,15015,961634,0.0388879760906956,3.888797609069563
2020-02,Swift,28131,11570,961634,0.0292533333887944,2.925333338879449
2020-02,TypeScript,115050,48329,961634,0.1196401125584162,11.96401125584162
2020-03,C#,58781,24547,981490,0.0598895556755545,5.988955567555451
2020-03,C++,53444,22418,981490,0.054451904757053,5.445190475705306
2020-03,Go,58451,24015,981490,0.0595533321786263,5.955333217862637
2020-03,Java,113732,44136,981490,0.1158768810685794,11.58768810685794
2020-03,JavaScript,221899,84983,981490,0.2260838113480524,22.60838113480525
2020-03,Kotlin,30416,12512,981490,0.0309896178259584,3.098961782595849
2020-03,PHP,46211,17778,981490,0.0470824970198371,4.708249701983719
2020-03,Python,185258,80441,981490,0.1887517957391313,18.87517957391313
2020-03,Ruby,27886,10334,981490,0.0284119043495094,2.841190434950942
2020-03,Rust,37732,17946,981490,0.0384435908669471,3.8443590866947193
2020-03,Swift,28084,11533,981490,0.0286136384476663,2.8613638447666303
2020-03,TypeScript,119596,53831,981490,0.1218514707230842,12.185147072308428
2020-04,C#,53967,19938,994832,0.0542473503063833,5.424735030638339
2020-04,C++,56662,22667,994832,0.0569563504189652,5.695635041896521
2020-04,Go,62063,23667,994832,0.0623854077874455,6.238540778744552
2020-04,Java,113562,43409,994832,0.114151937211509,11.415193721150908
2020-04,JavaScript,222757,79985,994832,0.2239141885263039,22.391418852630395
2020-04,Kotlin,33596,12613,994832,0.0337705260787751,3.3770526078775105
2020-04,PHP,47733,18254,994832,0.0479809656303777,4.798096563037779
2020-04,Python,185164,74577,994832,0.1861258986441931,18.61258986441932
2020-04,Ruby,27363,11426,994832,0.0275051465976164,2.7505146597616483
2020-04,Rust,38024,19148,994832,0.0382215288611544,3.822152886115445
2020-04,Swift,30759,10862,994832,0.0309187882979236,3.091878829792367
2020-04,TypeScript,123182,48742,994832,0.1238219116393521,12.382191163935218
2020-05,C#,60578,23920,1000429,0.0605520231820548,6.05520231820549
2020-05,C++,57298,21863,1000429,0.0572734296986592,5.727342969865927
2020-05,Go,63246,25111,1000429,0.0632188791008657,6.321887910086573
2020-05,Java,115920,46187,1000429,0.1158702916448843,11.587029164488436
2020-05,JavaScript,223273,76052,1000429,0.2231772569567655,22.317725695676558
2020-05,Kotlin,35868,13884,1000429,0.0358526192263519,3.5852619226351896
2020-05,PHP,46313,18513,1000429,0.0462931402428358,4.629314024283582
2020-05,Python,166669,67919,1000429,0.1665975296597759,16.659752965977596
2020-05,Ruby,27919,11574,1000429,0.0279070278850373,2.790702788503732
2020-05,Rust,41471,17910,1000429,0.0414532165700914,4.145321657009143
2020-05,Swift,31547,14062,1000429,0.0315334721404517,3.1533472140451746
2020-05,TypeScript,130327,49068,1000429,0.130271113692226,13.027111369222604
2020-06,C#,63054,26602,999108,0.0631102943825892,6.311029438258927
2020-06,C++,57313,25396,999108,0.057364168838604,5.736416883860404
2020-06,Go,59744,23047,999108,0.0597973392265901,5.979733922659012
2020-06,Java,115089,44716,999108,0.1151917510419294,11.51917510419294
2020-06,JavaScript,221791,78186,999108,0.221989014200667,22.1989014200667
2020-06,Kotlin,34961,14258,999108,0.0349922130540442,3.499221305404421
2020-06,PHP,44674,17369,999108,0.0447138847852284,4.471388478522843
2020-06,Python,192476,76324,999108,0.1926478418749524,19.264784187495245
2020-06,Ruby,26022,10028,999108,0.0260452323472537,2.604523234725375
2020-06,Rust,38758,17933,999108,0.0387926030018776,3.879260300187768
2020-06,Swift,31273,11944,999108,0.0313009204210155,3.1300920421015546
2020-06,TypeScript,113953,44567,999108,0.1140547368252481,11.405473682524812
2020-07,C#,55003,21537,993603,0.0553571194933992,5.535711949339928
2020-07,C++,57188,22812,993603,0.0575561869277769,5.755618692777699
2020-07,Go,56690,21002,993603,0.0570549807116121,5.705498071161219
2020-07,Java,114822,40785,993603,0.1155612452860951,11.556124528609516
2020-07,JavaScript,227662,91610,993603,0.2291277300893817,22.912773008938174
2020-07,Kotlin,34359,13579,993603,0.0345802096008164,3.4580209600816425
2020-07,PHP,41802,15655,993603,0.0420711290122916,4.207112901229163
2020-07,Python,178097,67822,993603,0.1792436214463925,17.924362144639257
2020-07,Ruby,25956,9430,993603,0.0261231095316741,2.612310953167412
2020-07,Rust,36971,18874,993603,0.0372090261402189,3.720902614021898
2020-07,Swift,30360,11831,993603,0.0305554632987219,3.0555463298721923
2020-07,TypeScript,134693,51340,993603,0.1355601784616189,13.556017846161897
2020-08,C#,61150,23802,987833,0.0619031759416824,6.190317594168246
2020-08,C++,55100,20799,987833,0.0557786589433639,5.577865894336391
2020-08,Go,59522,23691,987833,0.0602551240948621,6.025512409486219
2020-08,Java,123810,47859,987833,0.1253349503407964,12.533495034079648
2020-08,JavaScript,209292,78938,987833,0.2118698201011709,21.18698201011709
2020-08,Kotlin,34991,14732,987833,0.0354219792211841,3.5421979221184148
2020-08,PHP,39823,15638,987833,0.0403134942849651,4.031349428496517
2020-08,Python,182827,69116,987833,0.1850788544217494,18.507885442174945
2020-08,Ruby,25374,9357,987833,0.0256865279860057,2.5686527986005734
2020-08,Rust,38086,17362,987833,0.0385550999004892,3.8555099900489256
2020-08,Swift,31869,11285,987833,0.0322615259866799,3.2261525986679933
2020-08,TypeScript,125989,51403,987833,0.1275407887770503,12.75407887770504
2020-09,C#,60499,23055,985864,0.0613664765119732,6.136647651197325
2020-09,C++,55257,24020,985864,0.0560493130898379,5.604931308983795
2020-09,Go,55741,24776,985864,0.0565402530166432,5.654025301664327
2020-09,Java,105494,43039,985864,0.1070066459471083,10.700664594710831
2020-09,JavaScript,230151,77313,985864,0.2334510642441553,23.345106424415537
2020-09,Kotlin,33291,14985,985864,0.0337683493869336,3.37683493869337
2020-09,PHP,39902,16559,985864,0.04047414247807,4.047414247807
2020-09,Python,187001,79057,985864,0.1896823496952926,18.968234969529263
2020-09,Ruby,25548,9737,985864,0.0259143248967403,2.591432489674032
2020-09,Rust,42148,20648,985864,0.0427523471797327,4.27523471797327
2020-09,Swift,30468,12704,985864,0.0309048712601332,3.0904871260133246
2020-09,TypeScript,120364,50775,985864,0.1220898622933792,12.20898622933792
2020-10,C#,55137,22128,990815,0.0556481280561961,5.564812805619616
2020-10,C++,52437,20968,990815,0.0529230986612031,5.2923098661203145
2020-10,Go,63611,23815,990815,0.064200683275889,6.420068327588904
2020-10,Java,107236,41031,990815,0.108230093407952,10.823009340795204
2020-10,JavaScript,222378,83054,990815,0.2244394765925021,22.443947659250213
2020-10,Kotlin,34881,13417,990815,0.0352043519728708,3.520435197287082
2020-10,PHP,39042,15931,990815,0.0394039250515989,3.940392505159893
2020-10,Python,188453,75573,990815,0.1901999868794881,19.01999868794881
2020-10,Ruby,23920,8921,990815,0.0241417418993454,2.414174189934549
2020-10,Rust,39243,18977,990815,0.0396067883510039,3.960678835100397
2020-10,Swift,31696,13139,990815,0.0319898265569253,3.198982655692536
2020-10,TypeScript,132781,58959,990815,0.1340118992950248,13.40118992950248
2020-11,C#,61360,24155,1003987,0.0611163291954975,6.111632919549756
2020-11,C++,54965,23315,1003987,0.0547467248081897,5.474672480818975
2020-11,Go,65841,26623,1003987,0.0655795343963617,6.5579534396361705
2020-11,Java,108807,41898,1003987,0.1083749092368725,10.83749092368726
2020-11,JavaScript,231930,77491,1003987,0.2310089672475838,23.10089672475839
2020-11,Kotlin,32481,13268,1003987,0.0323520125260586,3.2352012526058607
2020-11,PHP,41048,17476,1003987,0.040884991538735,4.0884991538735065
2020-11,Python,187247,78808,1003987,0.1865034109007387,18.650341090073876
2020-11,Ruby,23356,9096,1003987,0.0232632494245443,2.326324942454434
2020-11,Rust,44664,22388,1003987,0.0444866317990173,4.448663179901732
2020-11,Swift,28482,12461,1003987,0.028368893222721,2.836889322272101
2020-11,TypeScript,123806,53546,1003987,0.1233143457036794,12.331434570367945
2020-12,C#,59385,22117,1024487,0.0579655964399743,5.796559643997435
2020-12,C++,55595,22537,1024487,0.0542661839535299,5.426618395352991
2020-12,Go,65433,24697,1024487,0.0638690388457833,6.386903884578331
2020-12,Java,114457,49039,1024487,0.1117212809923405,11.172128099234056
2020-12,JavaScript,227199,74862,1024487,0.2217685534321079,22.1768553432108
2020-12,Kotlin,34500,15425,1024487,0.0336753907077395,3.367539070773958
2020-12,PHP,40592,17825,1024487,0.0396217814379294,3.962178143792942
2020-12,Python,195288,75801,1024487,0.1906202811748709,19.06202811748709
2020-12,Ruby,25468,10627,1024487,0.0248592710302815,2.48592710302815
2020-12,Rust,42644,20103,1024487,0.0416247351113288,4.162473511132888
2020-12,Swift,32188,13063,1024487,0.0314186514811803,3.141865148118033
2020-12,TypeScript,131738,53376,1024487,0.1285892353929332,12.858923539293324
2021-01,C#,61060,24118,1049420,0.0581845209734901,5.818452097349012
2021-01,C++,58235,23542,1049420,0.0554925577938289,5.549255779382897
2021-01,Go,69478,27139,1049420,0.0662060947952202,6.620609479522022
2021-01,Java,114005,41831,1049420,0.108636199043281,10.863619904328106
2021-01,JavaScript,248939,85003,1049420,0.2372157953917402,23.72157953917402
2021-01,Kotlin,36444,14622,1049420,0.0347277543786091,3.4727754378609137
2021-01,PHP,43011,16897,1049420,0.040985496750586,4.098549675058604
2021-01,Python,185795,79631,1049420,0.1770454155628823,17.704541556288238
2021-01,Ruby,25240,12188,1049420,0.024051380762707,2.4051380762707018
2021-01,Rust,43429,20849,1049420,0.0413838120104438,4.138381201044386
2021-01,Swift,31708,12167,1049420,0.0302147853099807,3.021478530998075
2021-01,TypeScript,132076,51233,1049420,0.1258561872272302,12.585618722723028
2021-02,C#,63001,22693,1074646,0.0586248867068783,5.862488670687836
2021-02,C++,61169,26476,1074646,0.0569201392830755,5.692013928307555
2021-02,Go,70059,30138,1074646,0.0651926308756558,6.51926308756558
2021-02,Java,122275,49618,1074646,0.1137816546099832,11.37816546099832
2021-02,JavaScript,240411,88640,1074646,0.2237118083536346,22.37118083536346
2021-02,Kotlin,34252,13721,1074646,0.0318728213755971,3.1872821375597176
2021-02,PHP,42904,15549,1074646,0.0399238446893209,3.992384468932095
2021-02,Python,195517,79985,1074646,0.1819361910805977,18.19361910805977
2021-02,Ruby,23317,10117,1074646,0.0216973775550274,2.169737755502742
2021-02,Rust,46622,22959,1074646,0.0433835886422133,4.338358864221335
2021-02,Swift,33948,13915,1074646,0.0315899375236124,3.158993752361243
2021-02,TypeScript,141171,59451,1074646,0.1313651193044035,13.136511930440353
2021-03,C#,61043,27044,1095869,0.0557028257939589,5.570282579395895
2021-03,C++,62928,25000,1095869,0.0574229219003366,5.742292190033663
2021-03,Go,65222,24502,1095869,0.0595162377984959,5.951623779849599
2021-03,Java,136403,51303,1095869,0.1244701693359334,12.44701693359334
2021-03,JavaScript,233701,84217,1095869,0.2132563289955277,21.32563289955277
2021-03,Kotlin,38508,14739,1095869,0.0351392365328337,3.513923653283376
2021-03,PHP,43927,16922,1095869,0.0400841706444839,4.0084170644483965
2021-03,Python,202600,77551,1095869,0.1848761120170385,18.487611201703853
2021-03,Ruby,22292,9607,1095869,0.0203418474288441,2.034184742884414
2021-03,Rust,46740,21742,1095869,0.0426510832955398,4.265108329553988
2021-03,Swift,33320,12665,1095869,0.0304050940395247,3.04050940395248
2021-03,TypeScript,149185,63728,1095869,0.1361339722174822,13.61339722174822
2021-04,C#,64493,24964,1109813,0.058111591772668,5.811159177266801
2021-04,C++,62195,25590,1109813,0.0560409726683684,5.604097266836845
2021-04,Go,65120,25340,1109813,0.058676551815486,5.867655181548603
2021-04,Java,125754,49590,1109813,0.1133109812193585,11.331098121935858
2021-04,JavaScript,247287,89488,1109813,0.222818618992569,22.281861899256903
2021-04,Kotlin,40036,15546,1109813,0.0360745458919655,3.6074545891965584
2021-04,PHP,44596,16361,1109813,0.0401833462033694,4.01833462033694
2021-04,Python,198302,80107,1109813,0.1786805524894734,17.868055248947346
2021-04,Ruby,26083,11106,1109813,0.0235021575706898,2.350215757068984
2021-04,Rust,48067,24023,1109813,0.0433109001246155,4.331090012461559
2021-04,Swift,36192,13606,1109813,0.0326108993136681,3.261089931366816
2021-04,TypeScript,151688,54267,1109813,0.1366788819377679,13.66788819377679
2021-05,C#,63417,25768,1115103,0.0568709796314779,5.687097963147799
2021-05,C++,61689,23318,1115103,0.0553213469966451,5.532134699664516
2021-05,Go,72937,27720,1115103,0.0654083075733811,6.540830757338112
2021-05,Java,125785,46829,1115103,0.1128012389886853,11.280123898868537
2021-05,JavaScript,256303,88869,1115103,0.229846928938403,22.9846928938403
2021-05,Kotlin,39673,14379,1115103,0.035577879352849,3.5577879352849022
2021-05,PHP,40346,17011,1115103,0.0361814110445402,3.618141104454028
2021-05,Python,207754,84405,1115103,0.1863092467691325,18.630924676913256
2021-05,Ruby,23185,9854,1115103,0.0207918012954857,2.0791801295485706
2021-05,Rust,45065,21294,1115103,0.0404133071115403,4.041330711154037
2021-05,Swift,35682,16126,1115103,0.0319988377755238,3.199883777552388
2021-05,TypeScript,143267,62196,1115103,0.1284787145223356,12.847871452233562
2021-06,C#,64905,25947,1112699,0.0583311389692989,5.8331138969298975
2021-06,C++,62311,25099,1112699,0.055999870584947,5.599987058494705
2021-06,Go,69915,25182,1112699,0.0628337043531089,6.283370435310898
2021-06,Java,123793,45825,1112699,0.1112547058997985,11.12547058997986
2021-06,JavaScript,262328,102117,1112699,0.2357582778451315,23.575827784513155
2021-06,Kotlin,39907,16890,1112699,0.0358650452638134,3.5865045263813484
2021-06,PHP,39190,17415,1112699,0.0352206661460107,3.5220666146010737
2021-06,Python,198914,78163,1112699,0.1787671239032299,17.87671239032299
2021-06,Ruby,22541,8083,1112699,0.0202579493645631,2.02579493645631
2021-06,Rust,48474,19592,1112699,0.043564342198564,4.3564342198564034
2021-06,Swift,36443,13767,1112699,0.0327518942679017,3.275189426790174
2021-06,TypeScript,143978,64123,1112699,0.1293952812036319,12.939528120363187
2021-07,C#,65227,24915,1105657,0.0589938832748311,5.899388327483116
2021-07,C++,61884,23384,1105657,0.0559703416158899,5.597034161588992
2021-07,Go,71101,28707,1105657,0.0643065616190192,6.430656161901928
2021-07,Java,124297,49425,1105657,0.1124191317922285,11.241913179222852
2021-07,JavaScript,263486,97576,1105657,0.238307178446842,23.8307178446842
2021-07,Kotlin,38475,16188,1105657,0.0347983144863189,3.4798314486318995
2021-07,PHP,39249,14508,1105657,0.0354983507543478,3.5498350754347867
2021-07,Python,196083,83681,1105657,0.1773452345528495,17.734523455284958
2021-07,Ruby,21724,8002,1105657,0.0196480463651928,1.9648046365192824
2021-07,Rust,47724,22337,1105657,0.0431634765573772,4.31634765573772
2021-07,Swift,35022,12799,1105657,0.0316752844688723,3.167528446887236
2021-07,TypeScript,141385,61288,1105657,0.1278741960662303,12.787419606623027
2021-08,C#,60671,25939,1098341,0.0552387646459524,5.52387646459524
2021-08,C++,63290,28563,1098341,0.0576232700044885,5.762327000448859
2021-08,Go,66701,26494,1098341,0.0607288628941285,6.072886289412851
2021-08,Java,120560,51887,1098341,0.1097655464013453,10.97655464013453
2021-08,JavaScript,257242,91555,1098341,0.2342095942881127,23.420959428811276
2021-08,Kotlin,38907,16379,1098341,0.0354234249654706,3.542342496547065
2021-08,PHP,37672,16367,1098341,0.0342990018582571,3.429900185825713
2021-08,Python,208962,80810,1098341,0.1902523897405268,19.025238974052687
2021-08,Ruby,24057,11119,1098341,0.0219030337572757,2.1903033757275745
2021-08,Rust,44117,21846,1098341,0.0401669426890191,4.016694268901917
2021-08,Swift,36493,14258,1098341,0.0332255647380913,3.322556473809136
2021-08,TypeScript,139669,60768,1098341,0.1271636040173316,12.71636040173316
2021-09,C#,62077,23453,1095277,0.0566769867348625,5.66769867348625
2021-09,C++,60265,23992,1095277,0.055022610718567,5.502261071856709
2021-09,Go,68406,28856,1095277,0.0624554336482917,6.245543364829171
2021-09,Java,121077,48417,1095277,0.1105446384795809,11.054463847958097
2021-09,JavaScript,253151,90868,1095277,0.2311296594377495,23.11296594377496
2021-09,Kotlin,35799,13492,1095277,0.0326848824543928,3.2684882454392814
2021-09,PHP,37006,15317,1095277,0.0337868867875432,3.378688678754324
2021-09,Python,210841,87831,1095277,0.1925001620594607,19.250016205946075
2021-09,Ruby,20157,7689,1095277,0.0184035636647167,1.840356366471678
2021-09,Rust,44502,23558,1095277,0.040630817592262,4.063081759226205
2021-09,Swift,33787,13964,1095277,0.0308479042287932,3.0847904228793266
2021-09,TypeScript,148209,66807,1095277,0.1353164541937793,13.53164541937793
2021-10,C#,60271,25200,1099909,0.0547963513345194,5.47963513345195
2021-10,C++,62119,24517,1099909,0.0564764903278362,5.6476490327836215
2021-10,Go,67614,29282,1099909,0.061472358167812,6.147235816781207
2021-10,Java,125100,51123,1099909,0.1137366818527714,11.373668185277143
2021-10,JavaScript,250725,82573,1099909,0.2279506759195533,22.79506759195533
2021-10,Kotlin,38404,14657,1099909,0.0349156157463935,3.491561574639356
2021-10,PHP,38003,15844,1099909,0.0345510401315017,3.4551040131501787
2021-10,Python,210649,75919,1099909,0.1915149344173018,19.15149344173018
2021-10,Ruby,21505,8947,1099909,0.0195516174519892,1.955161745198921
2021-10,Rust,42297,18926,1099909,0.0384549994590461,3.845499945904616
2021-10,Swift,36756,14462,1099909,0.0334173099774617,3.341730997746177
2021-10,TypeScript,146466,57735,1099909,0.1331619252138131,13.316192521381314
2021-11,C#,67703,27297,1113669,0.0607927490124983,6.079274901249833
2021-11,C++,65045,25668,1113669,0.0584060434473797,5.8406043447379785
2021-11,Go,68909,25149,1113669,0.0618756560522022,6.187565605220223
2021-11,Java,118567,45538,1113669,0.1064652064482355,10.646520644823552
2021-11,JavaScript,245763,80673,1113669,0.2206786756208532,22.06786756208532
2021-11,Kotlin,38183,16425,1113669,0.0342857707272088,3.428577072720889
2021-11,PHP,35902,13761,1113669,0.0322375858536064,3.2237585853606414
2021-11,Python,214819,79865,1113669,0.1928930409304739,19.289304093047395
2021-11,Ruby,17832,6956,1113669,0.0160119389154228,1.6011938915422808
2021-11,Rust,50291,22102,1113669,0.0451579419019475,4.515794190194752
2021-11,Swift,33907,12975,1113669,0.0304462097804643,3.0446209780464395
2021-11,TypeScript,156748,66531,1113669,0.1407491813097069,14.074918130970692
2021-12,C#,68651,24477,1135537,0.0604568587373198,6.045685873731987
2021-12,C++,65532,26263,1135537,0.0577101406647251,5.771014066472515
2021-12,Go,74877,28210,1135537,0.0659397271951508,6.593972719515085
2021-12,Java,116949,41596,1135537,0.102990039074024,10.2990039074024
2021-12,JavaScript,265122,94542,1135537,0.2334772006548443,23.34772006548444
2021-12,Kotlin,40934,16257,1135537,0.0360481428610428,3.604814286104284
2021-12,PHP,37765,15133,1135537,0.0332573927577877,3.3257392757787727
2021-12,Python,206250,91260,1135537,0.1816321264740823,18.16321264740823
2021-12,Ruby,21841,8764,1135537,0.0192340716330687,1.923407163306876
2021-12,Rust,49575,24634,1135537,0.0436577583997703,4.365775839977033
2021-12,Swift,35508,13937,1135537,0.031269786893778,3.126978689377801
2021-12,TypeScript,152533,66383,1135537,0.1343267546544058,13.43267546544058
2022-01,C#,65890,26449,1162297,0.0566894692148392,5.668946921483924
2022-01,C++,68636,24010,1162297,0.0590520323118789,5.9052032311878975
2022-01,Go,72708,29955,1162297,0.0625554397886254,6.255543978862546
2022-01,Java,122470,45424,1162297,0.1053689375435022,10.536893754350222
2022-01,JavaScript,254116,89689,1162297,0.2186325870237985,21.863258702379856
2022-01,Kotlin,40122,15296,1162297,0.0345195763217146,3.451957632171468
2022-01,PHP,36627,15797,1162297,0.0315125996195464,3.151259961954646
2022-01,Python,223670,82609,1162297,0.1924379052858262,19.243790528582625
2022-01,Ruby,19551,8197,1162297,0.0168210018609701,1.682100186097013
2022-01,Rust,48066,19621,1162297,0.0413543182164283,4.135431821642833
2022-01,Swift,38511,15719,1162297,0.0331335278332474,3.313352783324744
2022-01,TypeScript,171930,65023,1162297,0.1479226049796222,14.792260497962223
2022-02,C#,66449,27625,1189352,0.0558699190819875,5.58699190819875
2022-02,C++,64578,24290,1189352,0.0542967935480833,5.429679354808332
2022-02,Go,68667,26856,1189352,0.0577348001264554,5.773480012645541
2022-02,Java,137915,50185,1189352,0.1159581015544599,11.59581015544599
2022-02,JavaScript,278657,101817,1189352,0.2342931276863367,23.429312768633675
2022-02,Kotlin,44354,17323,1189352,0.0372925761254868,3.7292576125486816
2022-02,PHP,38173,16480,1189352,0.0320956285439466,3.2095628543946617
2022-02,Python,233714,92824,1189352,0.1965053239074723,19.65053239074723
2022-02,Ruby,19900,9073,1189352,0.0167318001735398,1.673180017353988
2022-02,Rust,51230,22032,1189352,0.043073875522133,4.3073875522133065
2022-02,Swift,36279,15207,1189352,0.0305031647485353,3.050316474853534
2022-02,TypeScript,149436,64551,1189352,0.125644888981563,12.564488898156306
2022-03,C#,67850,25232,1211955,0.0559839267959619,5.59839267959619
2022-03,C++,69611,28044,1211955,0.0574369510419116,5.743695104191162
2022-03,Go,77028,32548,1211955,0.0635568152282881,6.355681522828818
2022-03,Java,136924,55327,1211955,0.1129777920797389,11.297779207973893
2022-03,JavaScript,274887,97447,1211955,0.2268128767157196,22.681287671571965
2022-03,Kotlin,43994,17099,1211955,0.0363000276412903,3.6300027641290313
2022-03,PHP,37635,14874,1211955,0.0310531331608846,3.105313316088469
2022-03,Python,235833,94879,1211955,0.19458890800401,19.458890800401004
2022-03,Ruby,19730,8132,1211955,0.0162794823240136,1.627948232401368
2022-03,Rust,52736,25800,1211955,0.0435131667429896,4.351316674298963
2022-03,Swift,39207,15205,1211955,0.0323502110226864,3.235021102268649
2022-03,TypeScript,156520,65511,1211955,0.1291467092425048,12.914670924250489
2022-04,C#,67550,27498,1226489,0.0550759118100529,5.507591181005292
2022-04,C++,68474,27382,1226489,0.0558292817954339,5.582928179543396
2022-04,Go,75460,29726,1226489,0.0615252154727845,6.152521547278451
2022-04,Java,137506,46286,1226489,0.1121135207898317,11.21135207898318
2022-04,JavaScript,287358,96533,1226489,0.2342931734406097,23.429317344060973
2022-04,Kotlin,40897,15556,1226489,0.0333447752079309,3.334477520793093
2022-04,PHP,37917,13486,1226489,0.0309150754715288,3.091507547152889
2022-04,Python,246853,97574,1226489,0.2012680097416283,20.126800974162837
2022-04,Ruby,17748,6918,1226489,0.0144705741347863,1.447057413478637
2022-04,Rust,50957,25824,1226489,0.0415470501569928,4.154705015699284
2022-04,Swift,37829,14945,1226489,0.0308433259491116,3.084332594911165
2022-04,TypeScript,157940,65114,1226489,0.128774086029308,12.877408602930805
2022-05,C#,72482,28727,1231461,0.058858542820276,5.885854282027608
2022-05,C++,66197,25023,1231461,0.0537548489152315,5.375484891523159
2022-05,Go,75389,28070,1231461,0.0612191535095305,6.121915350953055
2022-05,Java,143029,58963,1231461,0.1161457813117914,11.614578131179144
2022-05,JavaScript,271791,99579,1231461,0.2207061368569528,22.070613685695285
2022-05,Kotlin,43937,15839,1231461,0.0356787588076276,3.5678758807627684
2022-05,PHP,38334,14517,1231461,0.031128878624658,3.112887862465803
2022-05,Python,247349,94737,1231461,0.2008581676561417,20.085816765614176
2022-05,Ruby,19319,8048,1231461,0.0156878699366037,1.5687869936603756
2022-05,Rust,51547,26002,1231461,0.0418584104571724,4.1858410457172415
2022-05,Swift,38736,16625,1231461,0.0314553201441214,3.145532014412149
2022-05,TypeScript,163351,72145,1231461,0.1326481309598923,13.264813095989236
2022-06,C#,66933,24406,1227940,0.0545083636008274,5.45083636008274
2022-06,C++,66544,25428,1227940,0.0541915728781536,5.4191572878153655
2022-06,Go,78606,30909,1227940,0.0640145283971529,6.401452839715295
2022-06,Java,140655,53374,1227940,0.1145454989657475,11.45454989657475
2022-06,JavaScript,296529,113788,1227940,0.2414849259735817,24.14849259735817
2022-06,Kotlin,43263,18205,1227940,0.0352321774679544,3.523217746795446
2022-06,PHP,36644,15268,1227940,0.0298418489502744,2.984184895027444
2022-06,Python,224221,94287,1227940,0.1825993126700001,18.259931267000017
2022-06,Ruby,17883,6845,1227940,0.0145634151505773,1.456341515057739
2022-06,Rust,52103,25085,1227940,0.0424312262814144,4.24312262814144
2022-06,Swift,38130,16487,1227940,0.0310520057983289,3.1052005798328906
2022-06,TypeScript,166429,64449,1227940,0.1355351238659869,13.553512386598692
2022-07,C#,70268,26123,1219325,0.0576286059910196,5.762860599101962
2022-07,C++,69122,25987,1219325,0.0566887417218543,5.668874172185431
2022-07,Go,76172,29516,1219325,0.0624706292415885,6.247062924158858
2022-07,Java,132222,52447,1219325,0.1084386853381994,10.843868533819942
2022-07,JavaScript,287533,102406,1219325,0.2358132573350009,23.58132573350009
2022-07,Kotlin,43222,17528,1219325,0.0354474811883624,3.544748118836241
2022-07,PHP,34967,14147,1219325,0.0286773419719927,2.86773419719927
2022-07,Python,232521,96623,1219325,0.1906964919115084,19.06964919115084
2022-07,Ruby,16754,5992,1219325,0.0137403891497344,1.3740389149734484
2022-07,Rust,52992,20742,1219325,0.043460111127058,4.346011112705801
2022-07,Swift,36815,14503,1219325,0.0301929346154634,3.019293461546347
2022-07,TypeScript,166737,74727,1219325,0.1367453304082176,13.674533040821766
2022-08,C#,74328,29823,1210434,0.0614060741849617,6.140607418496176
2022-08,C++,67751,26239,1210434,0.0559724859017509,5.597248590175094
2022-08,Go,77250,29904,1210434,0.0638200843664338,6.382008436643385
2022-08,Java,131550,55239,1210434,0.1086800271638106,10.868002716381069
2022-08,JavaScript,280225,87549,1210434,0.2315078723829634,23.150787238296346
2022-08,Kotlin,41079,17343,1210434,0.0339374141836729,3.3937414183672967
2022-08,PHP,35854,14918,1210434,0.0296207806456196,2.9620780645619678
2022-08,Python,235420,95680,1210434,0.1944922234504318,19.449222345043182
2022-08,Ruby,15232,5855,1210434,0.0125839161821297,1.2583916182129715
2022-08,Rust,52021,24183,1210434,0.042977147039822,4.297714703982209
2022-08,Swift,36494,15161,1210434,0.0301495166196587,3.0149516619658736
2022-08,TypeScript,163230,71115,1210434,0.1348524578787443,13.485245787874431
2022-09,C#,71940,27631,1206242,0.059639773776738,5.9639773776738
2022-09,C++,67164,29267,1206242,0.055680369279133,5.568036927913305
2022-09,Go,79501,33789,1206242,0.0659080018769036,6.590800187690364
2022-09,Java,132179,53015,1206242,0.1095791723385523,10.95791723385523
2022-09,JavaScript,275658,103945,1206242,0.2285262824541012,22.852628245410127
2022-09,Kotlin,43372,18967,1206242,0.0359563006428229,3.595630064282292
2022-09,PHP,36022,14724,1206242,0.029862995982564,2.986299598256403
2022-09,Python,224123,98502,1206242,0.185802683043701,18.5802683043701
2022-09,Ruby,14186,5931,1206242,0.0117604925048207,1.1760492504820756
2022-09,Rust,53022,27969,1206242,0.0439563537001696,4.395635370016962
2022-09,Swift,38312,16119,1206242,0.0317614541692297,3.176145416922972
2022-09,TypeScript,170763,68724,1206242,0.1415661202312637,14.156612023126373
2022-10,C#,65432,24662,1210539,0.0540519553686415,5.4051955368641575
2022-10,C++,66416,27470,1210539,0.0548648164164888,5.4864816416488855
2022-10,Go,80783,32233,1210539,0.0667330833620395,6.673308336203955
2022-10,Java,125449,46950,1210539,0.1036306967392211,10.363069673922112
2022-10,JavaScript,286049,99865,1210539,0.2362988718248647,23.62988718248648
2022-10,Kotlin,41830,15769,1210539,0.034554855316516,3.455485531651603
2022-10,PHP,33529,12867,1210539,0.0276975793427555,2.769757934275558
2022-10,Python,226680,92576,1210539,0.1872554291931115,18.72554291931115
2022-10,Ruby,14382,5774,1210539,0.0118806581200605,1.1880658120060568
2022-10,Rust,55325,28426,1210539,0.0457027819838931,4.570278198389312
2022-10,Swift,39486,15364,1210539,0.0326185277797741,3.2618527779774134
2022-10,TypeScript,175178,71557,1210539,0.1447107445526331,14.471074455263317
2022-11,C#,72756,31109,1224879,0.0593985201803606,5.939852018036067
2022-11,C++,67281,25577,1224879,0.0549286909155924,5.492869091559248
2022-11,Go,72950,30054,1224879,0.0595569031716602,5.955690317166022
2022-11,Java,137479,54282,1224879,0.1122388415508797,11.223884155087973
2022-11,JavaScript,268651,92883,1224879,0.2193286030701808,21.93286030701808
2022-11,Kotlin,40836,15489,1224879,0.0333388032613833,3.3338803261383365
2022-11,PHP,34195,12833,1224879,0.0279170432344745,2.791704323447459
2022-11,Python,251757,110318,1224879,0.2055362203123737,20.55362203123737
2022-11,Ruby,13050,5054,1224879,0.0106541135899954,1.065411358999542
2022-11,Rust,51698,23380,1224879,0.0422066179598148,4.2206617959814805
2022-11,Swift,37793,16239,1224879,0.030854476238061,3.0854476238061066
2022-11,TypeScript,176433,67174,1224879,0.1440411665152231,14.404116651522314
2022-12,C#,71367,29700,1248126,0.0571793232414035,5.717932324140351
2022-12,C++,69597,25338,1248126,0.0557611971868224,5.576119718682248
2022-12,Go,77207,32597,1248126,0.0618583380203601,6.185833802036012
2022-12,Java,129614,50940,1248126,0.1038468872533702,10.384688725337025
2022-12,JavaScript,299702,115749,1248126,0.24012159028816,24.012159028816
2022-12,Kotlin,45243,17745,1248126,0.0362487441171804,3.624874411718048
2022-12,PHP,35266,14016,1248126,0.028255160136076,2.8255160136076007
2022-12,Python,237938,89960,1248126,0.1906362017937291,19.06362017937292
2022-12,Ruby,13035,5321,1248126,0.0104436571307704,1.044365713077045
2022-12,Rust,54522,28159,1248126,0.0436830896880603,4.3683089688060335
2022-12,Swift,38745,14131,1248126,0.0310425389744304,3.1042538974430465
2022-12,TypeScript,175890,71753,1248126,0.1409232721696367,14.092327216963673
2023-01,C#,72600,26289,1276725,0.0568642424954473,5.686424249544734
2023-01,C++,70161,26827,1276725,0.0549538859190507,5.49538859190507
2023-01,Go,87750,36313,1276725,0.0687305410327204,6.873054103272044
2023-01,Java,120877,48641,1276725,0.094677397246862,9.467739724686208
2023-01,JavaScript,293250,99603,1276725,0.2296892439640486,22.968924396404866
2023-01,Kotlin,42027,18303,1276725,0.0329178170710215,3.291781707102156
2023-01,PHP,34969,14637,1276725,0.0273896101353071,2.738961013530713
2023-01,Python,263097,120492,1276725,0.2060717852317453,20.60717852317453
2023-01,Ruby,13666,5069,1276725,0.0107039495584405,1.0703949558440542
2023-01,Rust,56095,24915,1276725,0.0439366347490649,4.393663474906499
2023-01,Swift,39136,14707,1276725,0.0306534296735788,3.065342967357888
2023-01,TypeScript,183097,78245,1276725,0.1434114629227124,14.34114629227124
2023-02,C#,73573,24828,1305622,0.0563509193319352,5.635091933193528
2023-02,C++,75955,29469,1305622,0.058175337119013,5.817533711901301
2023-02,Go,83671,32522,1305622,0.0640851640061212,6.408516400612122
2023-02,Java,136566,49825,1305622,0.1045984212888569,10.459842128885697
2023-02,JavaScript,298960,103714,1305622,0.2289789847291176,22.897898472911763
2023-02,Kotlin,45453,18750,1305622,0.0348132920554341,3.481329205543412
2023-02,PHP,35886,15279,1305622,0.0274857500869317,2.748575008693175
2023-02,Python,252648,89933,1305622,0.1935077687110051,19.35077687110052
2023-02,Ruby,13824,5305,1305622,0.0105880568801689,1.0588056880168992
2023-02,Rust,58027,28536,1305622,0.0444439508525438,4.444395085254384
2023-02,Swift,42154,16230,1305622,0.0322865270346241,3.2286527034624117
2023-02,TypeScript,188905,74185,1305622,0.1446858279042479,14.468582790424794
2023-03,C#,74591,31093,1329609,0.0560999511886577,5.609995118865772
2023-03,C++,72482,29454,1329609,0.0545137705896996,5.451377058969968
2023-03,Go,89302,35680,1329609,0.067164106139474,6.716410613947408
2023-03,Java,143657,53448,1329609,0.1080445454265126,10.80445454265126
2023-03,JavaScript,301636,102719,1329609,0.2268606785904728,22.686067859047284
2023-03,Kotlin,46526,18547,1329609,0.0349922420801904,3.499224208019049
2023-03,PHP,32318,14576,1329609,0.0243063938345784,2.4306393834578435
2023-03,Python,262722,103328,1329609,0.1975934278423205,19.759342784232057
2023-03,Ruby,13218,5298,1329609,0.0099412684480926,0.9941268448092636
2023-03,Rust,57481,28171,1329609,0.0432315064052665,4.323150640526651
2023-03,Swift,43247,17595,1329609,0.0325261035387095,3.25261035387095
2023-03,TypeScript,192429,79858,1329609,0.1447260059160249,14.472600591602497
2023-04,C#,76433,29130,1344728,0.0568390038729021,5.683900387290218
2023-04,C++,79198,33288,1344728,0.0588951817765377,5.889518177653771
2023-04,Go,93812,38318,1344728,0.0697628070509426,6.976280705094265
2023-04,Java,135408,51885,1344728,0.10069545662766,10.069545662766002
2023-04,JavaScript,311698,108194,1344728,0.2317926004366682,23.179260043666822
2023-04,Kotlin,48179,20527,1344728,0.0358280633704362,3.582806337043625
2023-04,PHP,32698,13585,1344728,0.0243156980445116,2.4315698044511604
2023-04,Python,272604,115390,1344728,0.2027205501781773,20.27205501781773
2023-04,Ruby,12912,6164,1344728,0.0096019418053316,0.9601941805331636
2023-04,Rust,59576,29473,1344728,0.0443033832864341,4.430338328643414
2023-04,Swift,43508,17231,1344728,0.0323544984561933,3.235449845619337
2023-04,TypeScript,178702,72553,1344728,0.1328908150942049,13.289081509420493
2023-05,C#,80943,31206,1349364,0.0599860378667283,5.998603786672833
2023-05,C++,74558,30331,1349364,0.0552541790058131,5.525417900581311
2023-05,Go,89620,38051,1349364,0.0664164747243886,6.641647472438867
2023-05,Java,145153,55854,1349364,0.1075714188313902,10.75714188313902
2023-05,JavaScript,324285,125768,1349364,0.2403243305735146,24.03243305735146
2023-05,Kotlin,48393,17396,1349364,0.0358635623893923,3.586356238939233
2023-05,PHP,35013,13817,1349364,0.0259477798429482,2.594777984294823
2023-05,Python,248501,103009,1349364,0.1841615753792156,18.416157537921567
2023-05,Ruby,11945,4859,1349364,0.0088523185737873,0.8852318573787354
2023-05,Rust,62026,28866,1349364,0.0459668406745696,4.596684067456965
2023-05,Swift,41497,17292,1349364,0.0307530066016286,3.0753006601628616
2023-05,TypeScript,187430,81182,1349364,0.1389024755366232,13.890247553662318
2023-06,C#,73138,28571,1344707,0.0543895435957424,5.438954359574242
2023-06,C++,75102,28624,1344707,0.0558500848140152,5.585008481401524
2023-06,Go,84007,35104,1344707,0.0624723452767034,6.24723452767034
2023-06,Java,139900,60268,1344707,0.1040375338270716,10.403753382707162
2023-06,JavaScript,320972,120466,1344707,0.2386928899752882,23.86928899752883
2023-06,Kotlin,49186,18870,1344707,0.036577484909352,3.6577484909352
2023-06,PHP,32021,14089,1344707,0.0238126223779604,2.3812622377960406
2023-06,Python,270706,109999,1344707,0.2013122561271711,20.13122561271712
2023-06,Ruby,10386,3907,1344707,0.007723615627791,0.7723615627791036
2023-06,Rust,58233,30442,1344707,0.0433053445843592,4.330534458435928
2023-06,Swift,44190,16065,1344707,0.0328621774111386,3.286217741113864
2023-06,TypeScript,186866,80343,1344707,0.1389641014734065,13.89641014734065
2023-07,C#,77863,26645,1334488,0.058346721738974,5.834672173897404
2023-07,C++,74963,29324,1334488,0.0561736036592311,5.61736036592311
2023-07,Go,83781,32763,1334488,0.0627813813237736,6.278138132377362
2023-07,Java,126765,45935,1334488,0.0949914873719359,9.49914873719359
2023-07,JavaScript,330346,117930,1334488,0.2475451259209524,24.75451259209525
2023-07,Kotlin,48303,21380,1334488,0.0361959043468356,3.619590434683564
2023-07,PHP,32311,11616,1334488,0.0242122821636462,2.421228216364628
2023-07,Python,265633,106993,1334488,0.1990523706470197,19.905237064701968
2023-07,Ruby,10417,4039,1334488,0.007805990012649,0.7805990012649046
2023-07,Rust,63119,28446,1334488,0.0472982896811361,4.729828968113614
2023-07,Swift,45047,16619,1334488,0.0337560172890277,3.37560172890277
2023-07,TypeScript,175940,78083,1334488,0.1318408258448183,13.184082584481835
2023-08,C#,73733,30477,1323985,0.0556902079706341,5.569020797063411
2023-08,C++,74433,29840,1323985,0.0562189148668602,5.621891486686027
2023-08,Go,85152,37631,1323985,0.0643149280392149,6.431492803921494
2023-08,Java,127713,50344,1323985,0.0964610626253318,9.646106262533186
2023-08,JavaScript,314867,106162,1323985,0.2378176489914916,23.78176489914916
2023-08,Kotlin,47307,17396,1323985,0.0357307673425303,3.573076734253031
2023-08,PHP,33353,11949,1323985,0.0251913730140447,2.519137301404472
2023-08,Python,263686,107597,1323985,0.1991608666261324,19.91608666261325
2023-08,Ruby,10260,3937,1323985,0.0077493325075435,0.7749332507543515
2023-08,Rust,59891,27122,1323985,0.0452354067455447,4.52354067455447
2023-08,Swift,41308,17406,1323985,0.031199749241872,3.119974924187208
2023-08,TypeScript,192282,75499,1323985,0.1452297420287994,14.522974202879944
2023-09,C#,75229,28235,1318643,0.0570503161204359,5.7050316120435935
2023-09,C++,69359,26856,1318643,0.0525987700992611,5.259877009926114
2023-09,Go,81631,35435,1318643,0.061905307198385,6.190530719838501
2023-09,Java,131366,55470,1318643,0.0996221115191905,9.962211151919057
2023-09,JavaScript,320589,106396,1318643,0.2431203896733232,24.312038967332324
2023-09,Kotlin,49604,18573,1318643,0.0376174597673517,3.7617459767351735
2023-09,PHP,30592,14037,1318643,0.0231996074752605,2.319960747526055
2023-09,Python,253790,96115,1318643,0.1924630093209458,19.246300932094584
2023-09,Ruby,8307,3205,1318643,0.0062996580575637,0.6299658057563723
2023-09,Rust,64734,31324,1318643,0.0490913765135825,4.909137651358252
2023-09,Swift,38593,15420,1318643,0.029267208789642,2.926720878964208
2023-09,TypeScript,194849,82755,1318643,0.1477647854650576,14.776478546505764
2023-10,C#,75758,28582,1322592,0.0572799472550869,5.727994725508698
2023-10,C++,74998,28174,1322592,0.0567053180421475,5.670531804214754
2023-10,Go,87351,35432,1322592,0.0660453110256224,6.604531102562242
2023-10,Java,134387,47720,1322592,0.1016088105780165,10.16088105780165
2023-10,JavaScript,304094,110270,1322592,0.2299227577363238,22.992275773632382
2023-10,Kotlin,43901,16915,1322592,0.0331931540490188,3.3193154049018894
2023-10,PHP,28956,11754,1322592,0.0218933730129926,2.189337301299267
2023-10,Python,270572,106683,1322592,0.2045770728992765,20.457707289927654
2023-10,Ruby,8058,3112,1322592,0.0060925818392973,0.609258183929738
2023-10,Rust,58029,25248,1322592,0.0438752086811352,4.387520868113523
2023-10,Swift,39318,16936,1322592,0.0297279886767801,2.972798867678014
2023-10,TypeScript,197170,82369,1322592,0.1490784762043018,14.907847620430188
2023-11,C#,75212,31457,1337512,0.0562327665097584,5.623276650975842
2023-11,C++,69613,27777,1337512,0.0520466358432672,5.20466358432672
2023-11,Go,87827,35801,1337512,0.0656644575899132,6.566445758991321
2023-11,Java,129143,49634,1337512,0.0965546477340016,9.655464773400164
2023-11,JavaScript,312946,109155,1337512,0.2339762185311234,23.397621853112348
2023-11,Kotlin,47177,18445,1337512,0.0352722069035642,3.527220690356423
2023-11,PHP,27883,11805,1337512,0.0208469157659893,2.084691576598939
2023-11,Python,284038,114026,1337512,0.2123629545005951,21.236295450059515
2023-11,Ruby,7016,3101,1337512,0.0052455604136635,0.5245560413663578
2023-11,Rust,61847,26484,1337512,0.0462403327970141,4.624033279701416
2023-11,Swift,40834,17742,1337512,0.0305298195455442,3.0529819545544266
2023-11,TypeScript,193976,77636,1337512,0.1450274838655653,14.502748386556531
2023-12,C#,80685,32798,1362144,0.0592338254986256,5.923382549862569
2023-12,C++,76989,32043,1362144,0.0565204559870322,5.652045598703221
2023-12,Go,91755,33477,1362144,0.067360719571499,6.736071957149904
2023-12,Java,144313,56002,1362144,0.1059454800667183,10.594548006671834
2023-12,JavaScript,302309,106953,1362144,0.221936153593159,22.193615359315903
2023-12,Kotlin,50170,21003,1362144,0.0368316418822092,3.683164188220922
2023-12,PHP,30364,12726,1362144,0.0222913289637512,2.229132896375126
2023-12,Python,277543,108720,1362144,0.2037545222825193,20.37545222825193
2023-12,Ruby,6717,2527,1362144,0.0049311967016703,0.4931196701670308
2023-12,Rust,61040,27932,1362144,0.0448117086005591,4.481170860055912
2023-12,Swift,41873,18030,1362144,0.0307405090798036,3.0740509079803604
2023-12,TypeScript,198386,80622,1362144,0.1456424577724528,14.564245777245285
2024-01,C#,77408,30077,1392593,0.0555855156531736,5.558551565317361
2024-01,C++,79080,30095,1392593,0.0567861535997954,5.678615359979549
2024-01,Go,94128,36080,1392593,0.0675918951193923,6.759189511939239
2024-01,Java,143639,53050,1392593,0.1031449964203467,10.31449964203468
2024-01,JavaScript,339334,112840,1392593,0.243670620202744,24.367062020274407
2024-01,Kotlin,46980,19503,1392593,0.0337356284284065,3.373562842840658
2024-01,PHP,30061,11767,1392593,0.0215863500678231,2.158635006782312
2024-01,Python,265873,96628,1392593,0.1909193856352861,19.09193856352861
2024-01,Ruby,6349,2425,1392593,0.0045591210066401,0.4559121006640131
2024-01,Rust,63465,30378,1392593,0.0455732579439936,4.557325794399369
2024-01,Swift,43997,19860,1392593,0.0315935811827289,3.159358118272891
2024-01,TypeScript,202279,91057,1392593,0.1452534947396691,14.525349473966909
2024-02,C#,81370,29373,1423347,0.0571680693464067,5.716806934640674
2024-02,C++,86124,33547,1423347,0.0605080841144148,6.050808411441483
2024-02,Go,93553,38286,1423347,0.065727471937623,6.572747193762309
2024-02,Java,143776,55457,1423347,0.1010126132278355,10.101261322783552
2024-02,JavaScript,333674,124502,1423347,0.2344291307741541,23.44291307741542
2024-02,Kotlin,48107,21536,1423347,0.0337985045108466,3.379850451084661
2024-02,PHP,29307,12031,1423347,0.0205902004219631,2.059020042196316
2024-02,Python,290043,119954,1423347,0.203775326747448,20.37753267474481
2024-02,Ruby,5964,2075,1423347,0.0041901237013883,0.4190123701388347
2024-02,Rust,69644,34574,1423347,0.0489297409556489,4.892974095564891
2024-02,Swift,45470,16782,1423347,0.0319458290915707,3.194582909157078
2024-02,TypeScript,196315,75444,1423347,0.1379249051706997,13.792490517069975
2024-03,C#,79457,29662,1448728,0.0548460442539938,5.484604425399385
2024-03,C++,82005,34242,1448728,0.0566048285116322,5.660482851163227
2024-03,Go,86885,34042,1448728,0.0599733007162145,5.99733007162145
2024-03,Java,132620,57112,1448728,0.0915423737237079,9.154237372370796
2024-03,JavaScript,341609,125911,1448728,0.2357992666670348,23.57992666670348
2024-03,Kotlin,51313,21674,1448728,0.0354193471790425,3.541934717904258
2024-03,PHP,29006,11378,1448728,0.0200217017963344,2.002170179633444
2024-03,Python,314319,129323,1448728,0.2169620522278854,21.696205222788542
2024-03,Ruby,5595,2274,1448728,0.0038620086034093,0.3862008603409335
2024-03,Rust,64058,31935,1448728,0.044216719770723,4.421671977072301
2024-03,Swift,43710,16445,1448728,0.0301712950947313,3.017129509473138
2024-03,TypeScript,218151,86250,1448728,0.1505810614552904,15.058106145529043
2024-04,C#,85837,37869,1464430,0.0586146145599311,5.861461455993116
2024-04,C++,83941,30527,1464430,0.0573199128671223,5.731991286712236
2024-04,Go,98080,39445,1464430,0.0669748639402361,6.697486394023613
2024-04,Java,144236,54726,1464430,0.0984929289894361,9.849292898943617
2024-04,JavaScript,339393,122947,1464430,0.2317577487486599,23.17577487486599
2024-04,Kotlin,51194,18866,1464430,0.034958311424923,3.4958311424923005
2024-04,PHP,27372,11131,1464430,0.0186912314006132,1.8691231400613209
2024-04,Python,316249,117109,1464430,0.2159536474942469,21.595364749424693
2024-04,Ruby,4946,2058,1464430,0.0033774232978018,0.3377423297801875
2024-04,Rust,65876,35070,1464430,0.0449840552296798,4.498405522967981
2024-04,Swift,44067,18052,1464430,0.0300915714646654,3.0091571464665434
2024-04,TypeScript,203239,92461,1464430,0.138783690582684,13.878369058268406
2024-05,C#,83877,33894,1468715,0.0571091055786861,5.710910557868613
2024-05,C++,83342,36832,1468715,0.0567448415792035,5.674484157920359
2024-05,Go,96546,38596,1468715,0.0657350132598904,6.573501325989045
2024-05,Java,150244,59254,1468715,0.1022962249313175,10.229622493131751
2024-05,JavaScript,359307,128221,1468715,0.2446403829197632,24.46403829197632
2024-05,Kotlin,49348,19177,1468715,0.033599438965354,3.359943896535407
2024-05,PHP,26729,11933,1468715,0.0181989017610632,1.8198901761063244
2024-05,Python,287952,112465,1468715,0.1960570975308347,19.60570975308348
2024-05,Ruby,4016,1719,1468715,0.0027343630316296,0.2734363031629689
2024-05,Rust,71038,33500,1468715,0.0483674504583939,4.836745045839391
2024-05,Swift,45905,17799,1468715,0.0312552128901795,3.125521289017951
2024-05,TypeScript,210411,85979,1468715,0.1432619670936839,14.326196709368396
2024-06,C#,80052,27661,1462898,0.0547215185200882,5.47215185200882
2024-06,C++,85149,31507,1462898,0.0582056985517787,5.820569855177872
2024-06,Go,94288,36156,1462898,0.0644528873509978,6.445288735099782
2024-06,Java,137356,56803,1462898,0.093893080720597,9.389308072059706
2024-06,JavaScript,362091,137027,1462898,0.2475162314802536,24.75162314802536
2024-06,Kotlin,53125,19731,1462898,0.0363149037048379,3.631490370483793
2024-06,PHP,26245,11879,1462898,0.0179404168985124,1.7940416898512404
2024-06,Python,273375,107620,1462898,0.1868722221234836,18.687222212348367
2024-06,Ruby,3357,1349,1462898,0.0022947601268167,0.229476012681677
2024-06,Rust,69548,36572,1462898,0.0475412503127354,4.75412503127354
2024-06,Swift,46302,19442,1462898,0.0316508738134852,3.165087381348529
2024-06,TypeScript,232010,94155,1462898,0.1585961563964131,15.859615639641314
2024-07,C#,83882,33851,1451039,0.0578082325836865,5.780823258368659
2024-07,C++,80459,32028,1451039,0.0554492332735371,5.54492332735371
2024-07,Go,95023,39879,1451039,0.0654861792136531,6.548617921365311
2024-07,Java,138951,52030,1451039,0.0957596591132285,9.575965911322852
2024-07,JavaScript,350273,126056,1451039,0.2413946144796935,24.139461447969357
2024-07,Kotlin,53046,20654,1451039,0.0365572531131141,3.655725311311412
2024-07,PHP,26874,10275,1451039,0.0185205221913401,1.8520522191340136
2024-07,Python,296659,120678,1451039,0.2044459177182694,20.444591771826943
2024-07,Ruby,2561,1080,1451039,0.001764942224158,0.1764942224157999
2024-07,Rust,68200,31475,1451039,0.0470008042512985,4.700080425129856
2024-07,Swift,48545,19096,1451039,0.0334553378647989,3.345533786479895
2024-07,TypeScript,206566,82618,1451039,0.1423573039732219,14.235730397322191
2024-08,C#,79201,32636,1438900,0.0550427409826951,5.504274098269511
2024-08,C++,83206,30459,1438900,0.0578261171728403,5.782611717284036
2024-08,Go,94072,39212,1438900,0.0653777190909722,6.537771909097227
2024-08,Java,141540,54216,1438900,0.0983668079783167,9.836680797831676
2024-08,JavaScript,344373,106722,1438900,0.239330738758774,23.933073875877405
2024-08,Kotlin,49341,21990,1438900,0.0342907776773924,3.429077767739245
2024-08,PHP,24524,10842,1438900,0.0170435749530891,1.7043574953089164
2024-08,Python,293412,120064,1438900,0.2039141010494127,20.391410104941272
2024-08,Ruby,1865,767,1438900,0.0012961289874209,0.1296128987420946
2024-08,Rust,66204,33329,1438900,0.0460101466397942,4.601014663979429
2024-08,Swift,46151,17786,1438900,0.0320738063798735,3.207380637987352
2024-08,TypeScript,215011,92158,1438900,0.1494273403294183,14.942734032941832
2024-09,C#,75946,31210,1432388,0.0530205502978243,5.302055029782434
2024-09,C++,81517,31185,1432388,0.0569098596190417,5.690985961904177
2024-09,Go,91440,35922,1432388,0.0638374518636012,6.38374518636012
2024-09,Java,124918,46969,1432388,0.0872096108037766,8.720961080377663
2024-09,JavaScript,379876,137130,1432388,0.2652046791791051,26.520467917910512
2024-09,Kotlin,49781,18865,1432388,0.0347538516100386,3.475385161003862
2024-09,PHP,23113,9281,1432388,0.016135991086214,1.613599108621407
2024-09,Python,280291,121378,1432388,0.1956809188571811,19.56809188571812
2024-09,Ruby,1094,422,1432388,0.0007637595400129,0.0763759540012901
2024-09,Rust,66900,29400,1432388,0.0467052223280284,4.670522232802845
2024-09,Swift,43380,16899,1432388,0.0302850903526139,3.028509035261396
2024-09,TypeScript,214132,100437,1432388,0.1494930144625618,14.949301446256182
2024-10,C#,80615,29063,1435972,0.0561396740326413,5.61396740326413
2024-10,C++,80379,34681,1435972,0.0559753254241726,5.5975325424172615
2024-10,Go,98887,40352,1435972,0.0688641561256069,6.886415612560691
2024-10,Java,132813,54028,1435972,0.0924899649853896,9.248996498538968
2024-10,JavaScript,357510,125166,1435972,0.2489672500578005,24.896725005780056
2024-10,Kotlin,51027,21012,1435972,0.0355348154420838,3.553481544208384
2024-10,PHP,22253,8041,1435972,0.0154968202722615,1.5496820272261576
2024-10,Python,301513,135686,1435972,0.2099713643441515,20.99713643441516
2024-10,Ruby,442,176,1435972,0.0003078054446744,0.0307805444674408
2024-10,Rust,67457,33294,1435972,0.0469765427181031,4.697654271810314
2024-10,Swift,41806,15300,1435972,0.0291133810408559,2.911338104085595
2024-10,TypeScript,201270,77329,1435972,0.1401629001122584,14.016290011225848
2024-11,C#,76025,30591,1451467,0.0523780423530125,5.23780423530125
2024-11,C++,77600,30306,1451467,0.0534631514185303,5.346315141853036
2024-11,Go,101175,39830,1451467,0.0697053394944563,6.97053394944563
2024-11,Java,130639,52778,1451467,0.0900048020382137,9.000480203821375
2024-11,JavaScript,346530,117569,1451467,0.2387446631580325,23.874466315803254
2024-11,Kotlin,52154,21173,1451467,0.0359319226685828,3.593192266858289
2024-11,PHP,22817,9296,1451467,0.0157199578082037,1.5719957808203702
2024-11,Python,312464,148352,1451467,0.2152746152685524,21.527461526855245
2024-11,Rust,66212,32762,1451467,0.0456172961562336,4.561729615623366
2024-11,Swift,47039,17602,1451467,0.032407901798663,3.2407901798663006
2024-11,TypeScript,218812,90274,1451467,0.1507523078375188,15.075230783751886
2024-12,C#,80176,28415,1477495,0.054264819847106,5.426481984710608
2024-12,C++,84461,34148,1477495,0.0571649988663244,5.716499886632443
2024-12,Go,103217,43299,1477495,0.069859458069232,6.985945806923205
2024-12,Java,139648,57439,1477495,0.0945167327131394,9.451673271313949
2024-12,JavaScript,339043,119606,1477495,0.2294715041336857,22.94715041336857
2024-12,Kotlin,52091,20137,1477495,0.0352562952835711,3.525629528357118
2024-12,PHP,22314,8219,1477495,0.0151025891796588,1.5102589179658814
2024-12,Python,304683,120176,1477495,0.2062159262806304,20.62159262806304
2024-12,Rust,67478,31498,1477495,0.0456705437243442,4.567054372434424
2024-12,Swift,48308,19484,1477495,0.0326958805275144,3.269588052751448
2024-12,TypeScript,236076,104695,1477495,0.1597812513747931,15.978125137479315
