month,language,push_events,unique_actors,month_total,share,share_pct
2011-01-01,C,13681.208698307177,2408,133200.85382583985,0.1027111186253757,10.27111186253758
2011-01-01,C#,2894.425017033318,490,133200.85382583985,0.0217297782551587,2.1729778255158783
2011-01-01,C++,11777.253132374728,1671,133200.85382583985,0.0884172495453632,8.84172495453632
2011-01-01,Dart,5.425922227125484,19,133200.85382583985,4.073489074041431e-05,0.0040734890740414
2011-01-01,Go,713.8092236449469,124,133200.85382583985,0.0053588937543767,0.5358893754376775
2011-01-01,Haskell,2215.5956223122625,251,133200.85382583985,0.0166334941456843,1.6633494145684338
2011-01-01,Java,13569.932574491131,1537,133200.85382583985,0.1018757176454275,10.187571764542758
2011-01-01,JavaScript,20919.38565364256,3863,133200.85382583985,0.1570514381311298,15.705143813112986
2011-01-01,Julia,0.7971834118248161,16,133200.85382583985,5.984822085803846e-06,0.0005984822085803
2011-01-01,Kotlin,78.10131192177319,40,133200.85382583985,0.000586342427083,0.0586342427083017
2011-01-01,Lua,480.7792515549148,266,133200.85382583985,0.0036094307036765,0.3609430703676523
2011-01-01,Objective-C,2372.4105976091087,840,133200.85382583985,0.0178107762035147,1.7810776203514702
2011-01-01,PHP,13254.40942652876,1545,133200.85382583985,0.0995069404274157,9.950694042741576
2011-01-01,Perl,2107.254910198751,1259,133200.85382583985,0.0158201306498679,1.582013064986796
2011-01-01,Python,20514.568828806063,3121,133200.85382583985,0.1540122922607453,15.40122922607453
2011-01-01,R,59.81261931835364,195,133200.85382583985,0.0004490408101779,0.0449040810177978
2011-01-01,Ruby,26157.86519366351,3251,133200.85382583985,0.1963791105112954,19.637911051129542
2011-01-01,Rust,396.16435264421926,68,133200.85382583985,0.0029741877868305,0.2974187786830587
2011-01-01,Scala,1766.035274572395,217,133200.85382583985,0.0132584380944095,1.3258438094409564
2011-01-01,Swift,26.67583031456684,27,133200.85382583985,0.0002002677126187,0.020026771261876
2011-01-01,TypeScript,208.94320126236184,71,133200.85382583985,0.0015686325970219,0.1568632597021901
2011-04-01,C,24924.392703527,3670,266493.327705688,0.093527267335763,9.352726733576306
2011-04-01,C#,6068.589164639601,711,266493.327705688,0.0227720116555476,2.277201165554763
2011-04-01,C++,25548.909239595218,2636,266493.327705688,0.0958707276446753,9.58707276446753
2011-04-01,Dart,4.238948828325054,21,266493.327705688,1.590639760034254e-05,0.0015906397600342
2011-04-01,Go,2010.005655602846,189,266493.327705688,0.0075424239432466,0.7542423943246608
2011-04-01,Haskell,3868.348270745541,400,266493.327705688,0.014515741553641,1.4515741553641064
2011-04-01,Java,30162.819066096305,2369,266493.327705688,0.1131841435797888,11.31841435797888
2011-04-01,JavaScript,41017.23446625262,6073,266493.327705688,0.1539146770366857,15.391467703668576
2011-04-01,Julia,1.5670573896923423,16,266493.327705688,5.880287522331446e-06,0.0005880287522331
2011-04-01,Kotlin,121.91580241760644,49,266493.327705688,0.0004574816317812,0.0457481631781223
2011-04-01,Lua,1092.1989976648083,370,266493.327705688,0.0040984102944259,0.4098410294425906
2011-04-01,Objective-C,4748.818686123278,1356,266493.327705688,0.0178196532236177,1.7819653223617722
2011-04-01,PHP,24492.522695090367,2419,266493.327705688,0.0919067014020689,9.19067014020689
2011-04-01,Perl,4264.991855201392,1917,266493.327705688,0.0160041224743592,1.6004122474359272
2011-04-01,Python,41771.40199545452,4686,266493.327705688,0.1567446448099682,15.67446448099682
2011-04-01,R,155.44708358394337,237,266493.327705688,0.0005833057244705,0.0583305724470585
2011-04-01,Ruby,51180.20559594742,4935,266493.327705688,0.1920506079329318,19.205060793293185
2011-04-01,Rust,899.067043717312,124,266493.327705688,0.0033736943864884,0.337369438648847
2011-04-01,Scala,3443.255350058608,326,266493.327705688,0.0129206062294411,1.2920606229441127
2011-04-01,Swift,70.90844846613311,54,266493.327705688,0.0002660796391286,0.0266079639128689
2011-04-01,TypeScript,646.4895792854932,115,266493.327705688,0.0024259128168472,0.2425912816847213
2011-07-01,C,26435.38580416744,4062,302717.0029335266,0.087327059755452,8.732705975545208
2011-07-01,C#,7715.488886934787,832,302717.0029335266,0.0254874645697685,2.548746456976857
2011-07-01,C++,26261.99322961204,2972,302717.0029335266,0.0867542720597656,8.675427205976565
2011-07-01,Dart,18.600977436070256,13,302717.0029335266,6.14467547439178e-05,0.0061446754743917
2011-07-01,Go,2103.7209151918846,197,302717.0029335266,0.0069494640036913,0.6949464003691392
2011-07-01,Haskell,4924.135615176268,418,302717.0029335266,0.0162664652710556,1.6266465271055672
2011-07-01,Java,32023.144131966288,2699,302717.0029335266,0.1057857464947161,10.578574649471614
2011-07-01,JavaScript,49108.0549797788,7041,302717.0029335266,0.1622243035702966,16.222430357029666
2011-07-01,Julia,1.3107179646044191,11,302717.0029335266,4.329845868922793e-06,0.0004329845868922
2011-07-01,Kotlin,263.18250657011623,45,302717.0029335266,0.0008694011371006,0.0869401137100674
2011-07-01,Lua,1412.59468470219,387,302717.0029335266,0.0046663869918545,0.4666386991854503
2011-07-01,Objective-C,5901.046454813237,1537,302717.0029335266,0.0194936075530221,1.94936075530222
2011-07-01,PHP,30004.99842529836,2768,302717.0029335266,0.0991189729500828,9.91189729500828
2011-07-01,Perl,4608.802958224072,2128,302717.0029335266,0.0152247905256782,1.5224790525678256
2011-07-01,Python,50535.536919429134,5466,302717.0029335266,0.1669398693489516,16.693986934895165
2011-07-01,R,292.2981963616244,235,302717.0029335266,0.0009655823542419,0.0965582354241958
2011-07-01,Ruby,55195.137063520575,5409,302717.0029335266,0.1823324640791347,18.23324640791348
2011-07-01,Rust,1200.1529290681358,193,302717.0029335266,0.0039646036312392,0.3964603631239295
2011-07-01,Scala,3776.886140149831,350,302717.0029335266,0.0124766237229799,1.2476623722979958
2011-07-01,Swift,91.44728529314337,53,302717.0029335266,0.0003020883677063,0.0302088367706336
2011-07-01,TypeScript,843.084111867993,139,302717.0029335266,0.0027850570126486,0.2785057012648626
2011-10-01,C,29862.88980898189,4636,327711.97372560133,0.0911254156187365,9.112541561873654
2011-10-01,C#,7967.666544162364,945,327711.97372560133,0.0243130162550417,2.4313016255041764
2011-10-01,C++,29515.790753826568,3400,327711.97372560133,0.090066256714015,9.006625671401506
2011-10-01,Dart,20.41388773239448,22,327711.97372560133,6.229216314655431e-05,0.0062292163146554
2011-10-01,Go,2624.598570105815,250,327711.97372560133,0.0080088577181602,0.8008857718160262
2011-10-01,Haskell,5265.074168966831,464,327711.97372560133,0.0160661635554865,1.606616355548658
2011-10-01,Java,34951.73934232112,3168,327711.97372560133,0.1066538367364837,10.66538367364837
2011-10-01,JavaScript,56344.28323369878,8198,327711.97372560133,0.1719323300676123,17.19323300676123
2011-10-01,Julia,0.8074378309441828,19,327711.97372560133,2.4638642945047343e-06,0.0002463864294504
2011-10-01,Kotlin,291.6362768940735,57,327711.97372560133,0.0008899164518726,0.0889916451872659
2011-10-01,Lua,1518.7753029264118,453,327711.97372560133,0.0046344821815943,0.463448218159434
2011-10-01,Objective-C,6082.533486198883,1854,327711.97372560133,0.0185606080151709,1.8560608015170936
2011-10-01,PHP,36333.678422253695,3268,327711.97372560133,0.1108707686484366,11.087076864843665
2011-10-01,Perl,5105.50379451752,2527,327711.97372560133,0.0155792409306119,1.5579240930611962
2011-10-01,Python,52125.61067112739,6253,327711.97372560133,0.1590592192239305,15.905921922393054
2011-10-01,R,260.2414950641286,284,327711.97372560133,0.000794116528931,0.0794116528931082
2011-10-01,Ruby,53569.957953036224,5733,327711.97372560133,0.1634665872718194,16.346658727181946
2011-10-01,Rust,913.1965844517944,196,327711.97372560133,0.0027865829071489,0.2786582907148913
2011-10-01,Scala,4051.7771404298655,401,327711.97372560133,0.0123638361283145,1.2363836128314571
2011-10-01,Swift,83.90334953509847,63,327711.97372560133,0.0002560277202606,0.0256027720260694
2011-10-01,TypeScript,821.8955015395678,200,327711.97372560133,0.0025079812989309,0.2507981298930977
2012-01-01,C,29527.25967238525,4733,359744.63935519697,0.0820783868393693,8.20783868393693
2012-01-01,C#,7897.268281611434,987,359744.63935519697,0.0219524279660328,2.195242796603287
2012-01-01,C++,31228.60923284877,3607,359744.63935519697,0.0868077125174753,8.68077125174753
2012-01-01,Dart,46.89033444821907,18,359744.63935519697,0.0001303433861648,0.0130343386164877
2012-01-01,Go,2690.8540843249857,299,359744.63935519697,0.0074799004347863,0.747990043478632
2012-01-01,Haskell,5665.308712624808,488,359744.63935519697,0.0157481393545689,1.5748139354568995
2012-01-01,Java,44908.04017316789,3544,359744.63935519697,0.1248331045423238,12.483310454232385
2012-01-01,JavaScript,61325.68237390064,8992,359744.63935519697,0.1704700380909643,17.04700380909643
2012-01-01,Julia,2.591247642099897,18,359744.63935519697,7.203019471657522e-06,0.0007203019471657
2012-01-01,Kotlin,302.06346266548013,69,359744.63935519697,0.000839660774951,0.0839660774951076
2012-01-01,Lua,1868.0947416433617,491,359744.63935519697,0.0051928355207508,0.5192835520750825
2012-01-01,Objective-C,7547.773150351114,1924,359744.63935519697,0.0209809190315654,2.098091903156549
2012-01-01,PHP,39225.3804251284,3503,359744.63935519697,0.1090367336548381,10.903673365483812
2012-01-01,Perl,4192.5785953346685,2551,359744.63935519697,0.0116543184711505,1.165431847115056
2012-01-01,Python,59875.32053550964,6600,359744.63935519697,0.1664383954207896,16.643839542078968
2012-01-01,R,232.8649417886116,284,359744.63935519697,0.0006473062175603,0.0647306217560313
2012-01-01,Ruby,56333.3237994776,6068,359744.63935519697,0.1565925315814265,15.659253158142658
2012-01-01,Rust,369.5920016295162,119,359744.63935519697,0.0010273732008681,0.1027373200868175
2012-01-01,Scala,4939.17668894806,444,359744.63935519697,0.0137296741872262,1.3729674187226235
2012-01-01,Swift,132.53236443617658,79,359744.63935519697,0.0003684067806367,0.0368406780636749
2012-01-01,TypeScript,1433.434535330228,200,359744.63935519697,0.0039845890070787,0.3984589007078752
2012-04-01,C,9970.02421822015,0,179264.6590064994,0.0556162283936772,5.561622839367729
2012-04-01,C#,3154.901198035217,0,179264.6590064994,0.0175991253129309,1.759912531293094
2012-04-01,C++,14520.321936213197,0,179264.6590064994,0.0809993560174442,8.099935601744429
2012-04-01,Dart,29.58790849380545,0,179264.6590064994,0.0001650515425504,0.0165051542550462
2012-04-01,Go,421.7094400276324,0,179264.6590064994,0.0023524404774749,0.2352440477474943
2012-04-01,Haskell,1243.7231900299023,0,179264.6590064994,0.0069379162458608,0.6937916245860876
2012-04-01,Java,24847.375116796127,0,179264.6590064994,0.1386072149106381,13.860721491063815
2012-04-01,JavaScript,33883.93049806474,0,179264.6590064994,0.189016232679952,18.9016232679952
2012-04-01,Julia,0.6297076255690983,0,179264.6590064994,3.512725983241726e-06,0.0003512725983241
2012-04-01,Kotlin,95.0464185039393,0,179264.6590064994,0.0005302016528561,0.0530201652856145
2012-04-01,Lua,617.7941057901709,0,179264.6590064994,0.003446268267343,0.3446268267343047
2012-04-01,Objective-C,2449.191366298805,0,179264.6590064994,0.0136624328513631,1.366243285136312
2012-04-01,PHP,22239.104085446183,0,179264.6590064994,0.124057380906517,12.405738090651704
2012-04-01,Perl,1994.5193202583791,0,179264.6590064994,0.0111261156064568,1.1126115606456854
2012-04-01,Python,31458.73811677165,0,179264.6590064994,0.1754876744313059,17.548767443130597
2012-04-01,R,48.48007162168298,0,179264.6590064994,0.000270438534234,0.0270438534234041
2012-04-01,Ruby,28534.74015588072,0,179264.6590064994,0.1591766068896277,15.917660688962773
2012-04-01,Rust,21.517776036465595,0,179264.6590064994,0.0001200335646508,0.0120033564650829
2012-04-01,Scala,2845.143215451953,0,179264.6590064994,0.0158711886169866,1.5871188616986684
2012-04-01,Swift,19.918583028327348,0,179264.6590064994,0.000111112715349,0.0111112715349014
2012-04-01,TypeScript,868.2625779047767,0,179264.6590064994,0.0048434676567973,0.48434676567973
2012-07-01,C,10685.487415803404,0,210518.08481412395,0.0507580497192823,5.075804971928235
2012-07-01,C#,3849.263160090266,0,210518.08481412395,0.018284714890357,1.828471489035708
2012-07-01,C++,16598.538800378417,0,210518.08481412395,0.0788461419598892,7.884614195988922
2012-07-01,Dart,18.85953907722437,0,210518.08481412395,8.958631318480936e-05,0.0089586313184809
2012-07-01,Go,916.9369782177268,0,210518.08481412395,0.0043556209388249,0.4355620938824958
2012-07-01,Haskell,1280.9264339890942,0,210518.08481412395,0.0060846384533665,0.6084638453366525
2012-07-01,Java,29262.27655135856,0,210518.08481412395,0.1390012481692276,13.900124816922766
2012-07-01,JavaScript,41229.48832054902,0,210518.08481412395,0.1958477266072053,19.58477266072053
2012-07-01,Julia,0.4949199420856813,0,210518.08481412395,2.3509616407667243e-06,0.0002350961640766
2012-07-01,Kotlin,224.7695277338485,0,210518.08481412395,0.0010676970006273,0.1067697000627322
2012-07-01,Lua,1008.1466788548184,0,210518.08481412395,0.0047888839561929,0.4788883956192919
2012-07-01,Objective-C,2629.8708851981805,0,210518.08481412395,0.0124923751207418,1.249237512074183
2012-07-01,PHP,26846.895554180013,0,210518.08481412395,0.1275277398513499,12.75277398513499
2012-07-01,Perl,2071.094435583734,0,210518.08481412395,0.0098380832098695,0.9838083209869584
2012-07-01,Python,39077.65567626791,0,210518.08481412395,0.1856261219114327,18.562612191143277
2012-07-01,R,59.51852791343876,0,210518.08481412395,0.000282724061289,0.0282724061289035
2012-07-01,Ruby,30854.708596379616,0,210518.08481412395,0.1465655961273951,14.656559612739516
2012-07-01,Rust,90.57692260407212,0,210518.08481412395,0.0004302572041924,0.043025720419244
2012-07-01,Scala,2998.079251010482,0,210518.08481412395,0.014241433241508,1.424143324150808
2012-07-01,Swift,53.85002305736144,0,210518.08481412395,0.0002557976104756,0.0255797610475642
2012-07-01,TypeScript,760.6466159346759,0,210518.08481412395,0.0036132126919465,0.3613212691946564
2012-10-01,C,14493.837041296683,0,238743.09043738092,0.0607089278049628,6.070892780496288
2012-10-01,C#,3566.089796360175,0,238743.09043738092,0.0149369340483406,1.4936934048340602
2012-10-01,C++,16236.247396624236,0,238743.09043738092,0.0680071928652644,6.800719286526443
2012-10-01,Dart,98.38612080012264,0,238743.09043738092,0.0004121003905071,0.0412100390507125
2012-10-01,Go,1583.5070971451332,0,238743.09043738092,0.0066326824128988,0.6632682412898837
2012-10-01,Haskell,1383.8542370646612,0,238743.09043738092,0.0057964158649761,0.5796415864976111
2012-10-01,Java,37389.51708697072,0,238743.09043738092,0.1566098395495868,15.66098395495868
2012-10-01,JavaScript,44575.67645541068,0,238743.09043738092,0.1867098074911712,18.67098074911712
2012-10-01,Julia,17.289697426202913,0,238743.09043738092,7.241967670992249e-05,0.0072419676709922
2012-10-01,Kotlin,404.42857180381486,0,238743.09043738092,0.0016939906870724,0.1693990687072432
2012-10-01,Lua,686.9336140179362,0,238743.09043738092,0.0028772921250179,0.2877292125017999
2012-10-01,Objective-C,3369.7478615647155,0,238743.09043738092,0.014114535651655,1.4114535651655036
2012-10-01,PHP,30506.46139530504,0,238743.09043738092,0.1277794525463197,12.777945254631971
2012-10-01,Perl,2526.5491183528097,0,238743.09043738092,0.0105827109539552,1.058271095395529
2012-10-01,Python,42497.309518760194,0,238743.09043738092,0.1780043537214186,17.800435372141862
2012-10-01,R,64.43159215443289,0,238743.09043738092,0.0002698783534903,0.0269878353490328
2012-10-01,Ruby,34925.261878591205,0,238743.09043738092,0.1462880530473472,14.628805304734724
2012-10-01,Rust,40.327041027202526,0,238743.09043738092,0.0001689139608326,0.0168913960832637
2012-10-01,Scala,3105.050987867455,0,238743.09043738092,0.0130058255599312,1.30058255599312
2012-10-01,Swift,264.9062061203127,0,238743.09043738092,0.0011095869021172,0.1109586902117252
2012-10-01,TypeScript,1007.2777227172209,0,238743.09043738092,0.0042190863864243,0.4219086386424306
2013-01-01,C,18363.264028539903,0,332011.8834676456,0.0553090565215548,5.530905652155488
2013-01-01,C#,6623.237882128608,0,332011.8834676456,0.0199487976543286,1.9948797654328656
2013-01-01,C++,22424.56492452359,0,332011.8834676456,0.0675414527043844,6.754145270438445
2013-01-01,Dart,1384.3873682465885,0,332011.8834676456,0.0041696922224216,0.41696922224216
2013-01-01,Go,2123.312946966309,0,332011.8834676456,0.0063952920142185,0.6395292014218595
2013-01-01,Haskell,2156.474864165031,0,332011.8834676456,0.0064951737318618,0.6495173731861854
2013-01-01,Java,57596.33535795826,0,332011.8834676456,0.1734767284724945,17.347672847249456
2013-01-01,JavaScript,61437.539704457326,0,332011.8834676456,0.1850462069694092,18.50462069694092
2013-01-01,Julia,65.01052076850351,0,332011.8834676456,0.0001958078129298,0.01958078129298
2013-01-01,Kotlin,391.07918079630736,0,332011.8834676456,0.0011779071782363,0.1177907178236341
2013-01-01,Lua,803.5914717006658,0,332011.8834676456,0.0024203696063757,0.2420369606375777
2013-01-01,Objective-C,4355.423195439422,0,332011.8834676456,0.0131182750145865,1.3118275014586505
2013-01-01,PHP,41958.58856993288,0,332011.8834676456,0.1263767673967059,12.637676739670592
2013-01-01,Perl,3506.9299201754548,0,332011.8834676456,0.0105626638527147,1.0562663852714786
2013-01-01,Python,57053.33107257984,0,332011.8834676456,0.1718412319363251,17.184123193632512
2013-01-01,R,152.40109174588676,0,332011.8834676456,0.0004590230028942,0.0459023002894226
2013-01-01,Ruby,45743.606092174,0,332011.8834676456,0.1377770145285528,13.77770145285528
2013-01-01,Rust,49.19453174981842,0,332011.8834676456,0.0001481709968812,0.0148170996881237
2013-01-01,Scala,4060.481485265048,0,332011.8834676456,0.0122299281665944,1.2229928166594497
2013-01-01,Swift,194.37250836700656,0,332011.8834676456,0.0005854384076163,0.0585438407616358
2013-01-01,TypeScript,1568.7567499651773,0,332011.8834676456,0.0047250018089128,0.4725001808912818
2013-04-01,C,21081.36827367104,0,373186.2856824819,0.0564902009598704,5.649020095987049
2013-04-01,C#,7745.915659648512,0,373186.2856824819,0.0207561637627781,2.075616376277817
2013-04-01,C++,26516.99955388044,0,373186.2856824819,0.0710556646136827,7.105566461368277
2013-04-01,Dart,504.43801622427657,0,373186.2856824819,0.0013517056643755,0.1351705664375533
2013-04-01,Go,3180.7863463250937,0,373186.2856824819,0.0085233205730164,0.8523320573016455
2013-04-01,Haskell,1750.415368760513,0,373186.2856824819,0.0046904600622162,0.469046006221627
2013-04-01,Java,59314.62424319644,0,373186.2856824819,0.1589410611237282,15.89410611237282
2013-04-01,JavaScript,71663.0921994257,0,373186.2856824819,0.1920303477078973,19.20303477078973
2013-04-01,Julia,51.54606024058727,0,373186.2856824819,0.0001381242082525,0.0138124208252508
2013-04-01,Kotlin,662.1662442639113,0,373186.2856824819,0.0017743584629669,0.1774358462966943
2013-04-01,Lua,1071.251158468291,0,373186.2856824819,0.0028705533926821,0.287055339268213
2013-04-01,Objective-C,4772.307532496834,0,373186.2856824819,0.0127880035134979,1.2788003513497963
2013-04-01,PHP,47886.37933783791,0,373186.2856824819,0.1283176289564431,12.831762895644315
2013-04-01,Perl,4687.433349927874,0,373186.2856824819,0.0125605723730053,1.2560572373005376
2013-04-01,Python,65870.40123221988,0,373186.2856824819,0.1765080973213051,17.650809732130508
2013-04-01,R,444.26049846957807,0,373186.2856824819,0.0011904523706092,0.1190452370609267
2013-04-01,Ruby,49193.53671571961,0,373186.2856824819,0.1318203229943314,13.182032299433144
2013-04-01,Rust,52.56765698689577,0,373186.2856824819,0.0001408617063479,0.014086170634797
2013-04-01,Scala,4767.100025687121,0,373186.2856824819,0.0127740493383058,1.2774049338305835
2013-04-01,Swift,165.49343301672403,0,373186.2856824819,0.0004434606505275,0.0443460650527578
2013-04-01,TypeScript,1804.2027760146664,0,373186.2856824819,0.0048345902441595,0.4834590244159552
2013-07-01,C,26077.917003853763,0,464357.6372715126,0.0561591215707858,5.615912157078587
2013-07-01,C#,9682.74088793713,0,464357.6372715126,0.0208519040299009,2.0851904029900936
2013-07-01,C++,30802.16381168584,0,464357.6372715126,0.0663328463653019,6.633284636530192
2013-07-01,Dart,347.17892182567664,0,464357.6372715126,0.0007476541655816,0.0747654165581601
2013-07-01,Go,4562.667831472993,0,464357.6372715126,0.0098257624409549,0.9825762440954912
2013-07-01,Haskell,2004.923334130836,0,464357.6372715126,0.0043176275637705,0.4317627563770519
2013-07-01,Java,74409.36989045965,0,464357.6372715126,0.160241511968397,16.024151196839703
2013-07-01,JavaScript,95797.87081102944,0,464357.6372715126,0.2063019171471403,20.63019171471404
2013-07-01,Julia,296.8057233911145,0,464357.6372715126,0.0006391748505205,0.0639174850520592
2013-07-01,Kotlin,1158.1881892828924,0,464357.6372715126,0.0024941728019985,0.2494172801998501
2013-07-01,Lua,1217.0305286201803,0,464357.6372715126,0.0026208905182894,0.2620890518289409
2013-07-01,Objective-C,7368.697612659571,0,464357.6372715126,0.0158685827931178,1.586858279311782
2013-07-01,PHP,56219.859756818216,0,464357.6372715126,0.1210701735997208,12.10701735997208
2013-07-01,Perl,5719.756929054764,0,464357.6372715126,0.0123175683351803,1.2317568335180389
2013-07-01,Python,81515.7879984411,0,464357.6372715126,0.1755452725563299,17.554527255632998
2013-07-01,R,632.2529623576604,0,464357.6372715126,0.0013615646898211,0.1361564689821131
2013-07-01,Ruby,57649.16008744953,0,464357.6372715126,0.1241481898008317,12.414818980083174
2013-07-01,Rust,101.22024966536137,0,464357.6372715126,0.000217979078066,0.0217979078066023
2013-07-01,Scala,5352.179123574821,0,464357.6372715126,0.0115259849176236,1.1525984917623675
2013-07-01,Swift,363.0931415599034,0,464357.6372715126,0.000781925637518,0.0781925637518051
2013-07-01,TypeScript,3078.7724762421262,0,464357.6372715126,0.0066301751691486,0.6630175169148667
2013-10-01,C,30555.228662304064,0,550484.0953079751,0.0555061062122232,5.55061062122232
2013-10-01,C#,12140.313155650052,0,550484.0953079751,0.0220538854058226,2.205388540582268
2013-10-01,C++,38061.48705342339,0,550484.0953079751,0.0691418469268025,6.914184692680254
2013-10-01,Dart,927.5691510915916,0,550484.0953079751,0.001685006268115,0.168500626811507
2013-10-01,Go,7279.654710418296,0,550484.0953079751,0.0132240963407773,1.3224096340777305
2013-10-01,Haskell,2259.122363736649,0,550484.0953079751,0.0041038830785342,0.4103883078534276
2013-10-01,Java,92410.6623625911,0,550484.0953079751,0.167871629989402,16.7871629989402
2013-10-01,JavaScript,117639.04386244313,0,550484.0953079751,0.2137010766798421,21.370107667984215
2013-10-01,Julia,312.8745147793565,0,550484.0953079751,0.0005683624966572,0.0568362496657264
2013-10-01,Kotlin,1187.9255486462785,0,550484.0953079751,0.002157965250534,0.2157965250534039
2013-10-01,Lua,1134.917307880231,0,550484.0953079751,0.0020616713862464,0.2061671386246477
2013-10-01,Objective-C,9782.869248232892,0,550484.0953079751,0.0177713930913112,1.7771393091311287
2013-10-01,PHP,64114.71889438417,0,550484.0953079751,0.1164697026505632,11.646970265056323
2013-10-01,Perl,5209.245198476749,0,550484.0953079751,0.0094630258037925,0.946302580379252
2013-10-01,Python,94061.4347714817,0,550484.0953079751,0.170870394936402,17.08703949364021
2013-10-01,R,830.2027077563174,0,550484.0953079751,0.0015081320511028,0.1508132051102857
2013-10-01,Ruby,61277.57169291194,0,550484.0953079751,0.1113157895299944,11.13157895299944
2013-10-01,Rust,286.3225892651504,0,550484.0953079751,0.0005201287225291,0.0520128722529147
2013-10-01,Scala,6657.149929424374,0,550484.0953079751,0.0120932647939627,1.2093264793962757
2013-10-01,Swift,1079.405237959513,0,550484.0953079751,0.0019608291087059,0.1960829108705904
2013-10-01,TypeScript,3276.376345118075,0,550484.0953079751,0.0059518092766786,0.5951809276678677
2014-01-01,C,39482.57480805906,0,715145.1135124572,0.0552091793148654,5.520917931486545
2014-01-01,C#,14929.853096686567,0,715145.1135124572,0.0208766763760128,2.0876676376012884
2014-01-01,C++,46528.378245306754,0,715145.1135124572,0.0650614502793442,6.506145027934427
2014-01-01,Dart,846.087117922056,0,715145.1135124572,0.0011830985095688,0.118309850956888
2014-01-01,Go,10361.252003721263,0,715145.1135124572,0.0144883210525366,1.4488321052536672
2014-01-01,Haskell,2936.692990788524,0,715145.1135124572,0.0041064294998323,0.4106429499832371
2014-01-01,Java,120193.13670086474,0,715145.1135124572,0.1680681786533259,16.806817865332597
2014-01-01,JavaScript,157656.67662774608,0,715145.1135124572,0.220454105955378,22.045410595537803
2014-01-01,Julia,363.9517274356361,0,715145.1135124572,0.0005089201066453,0.0508920106645315
2014-01-01,Kotlin,2361.4792182937,0,715145.1135124572,0.0033020979570079,0.3302097957007945
2014-01-01,Lua,1907.2039290444168,0,715145.1135124572,0.0026668768240296,0.2666876824029637
2014-01-01,Objective-C,11937.841804226013,0,715145.1135124572,0.0166928943212559,1.669289432125591
2014-01-01,PHP,85012.42080830486,0,715145.1135124572,0.1188743643800678,11.88743643800679
2014-01-01,Perl,7396.48960331068,0,715145.1135124572,0.0103426416031602,1.0342641603160223
2014-01-01,Python,122375.5527111762,0,715145.1135124572,0.171119889374794,17.111988937479403
2014-01-01,R,1687.7918336483192,0,715145.1135124572,0.0023600690290096,0.2360069029009619
2014-01-01,Ruby,73691.0472914403,0,715145.1135124572,0.1030434885159243,10.304348851592437
2014-01-01,Rust,493.2190464222968,0,715145.1135124572,0.0006896768741099,0.0689676874109977
2014-01-01,Scala,9037.081929712638,0,715145.1135124572,0.0126367107303953,1.2636710730395306
2014-01-01,Swift,778.2260515765719,0,715145.1135124572,0.0010882071860273,0.1088207186027309
2014-01-01,TypeScript,5168.155966770545,0,715145.1135124572,0.0072267234567079,0.7226723456707951
2014-04-01,C,41635.059511676285,0,823003.6199554127,0.0505891572067835,5.058915720678351
2014-04-01,C#,19361.83374625941,0,823003.6199554127,0.023525818449387,2.352581844938709
2014-04-01,C++,53644.74770556327,0,823003.6199554127,0.0651816667689378,6.5181666768937845
2014-04-01,Dart,923.611144398453,0,823003.6199554127,0.0011222443279757,0.1122244327975727
2014-04-01,Go,15784.621003203298,0,823003.6199554127,0.019179285024358,1.9179285024358037
2014-04-01,Haskell,5363.236575340377,0,823003.6199554127,0.0065166621935769,0.651666219357691
2014-04-01,Java,132946.80736460857,0,823003.6199554127,0.1615385450817472,16.15385450817472
2014-04-01,JavaScript,188770.95287766316,0,823003.6199554127,0.2293683141854103,22.936831418541036
2014-04-01,Julia,254.80197861678124,0,823003.6199554127,0.000309600070326,0.0309600070326039
2014-04-01,Kotlin,2915.5120103496315,0,823003.6199554127,0.0035425263506223,0.354252635062235
2014-04-01,Lua,3563.833608864108,0,823003.6199554127,0.0043302769543798,0.433027695437984
2014-04-01,Objective-C,12952.68167276588,0,823003.6199554127,0.0157383046182319,1.5738304618231946
2014-04-01,PHP,95667.63576031564,0,823003.6199554127,0.116242059500903,11.6242059500903
2014-04-01,Perl,8012.312012252685,0,823003.6199554127,0.009735451725822,0.9735451725822012
2014-04-01,Python,135683.765091061,0,823003.6199554127,0.1648641169991595,16.486411699915955
2014-04-01,R,2511.4691454556328,0,823003.6199554127,0.0030515894275066,0.3051589427506643
2014-04-01,Ruby,82407.51153203641,0,823003.6199554127,0.1001301932748496,10.013019327484969
2014-04-01,Rust,1384.238934576016,0,823003.6199554127,0.0016819354143922,0.1681935414392234
2014-04-01,Scala,11348.033263268057,0,823003.6199554127,0.0137885581401001,1.3788558140100102
2014-04-01,Swift,1109.3385939110383,0,823003.6199554127,0.001347914598445,0.1347914598445069
2014-04-01,TypeScript,6761.616423226948,0,823003.6199554127,0.0082157796870848,0.8215779687084812
2014-07-01,C,46659.704925456026,0,930925.0735897566,0.0501218693632675,5.012186936326756
2014-07-01,C#,23097.046740242906,0,930925.0735897566,0.0248108547030299,2.481085470302994
2014-07-01,C++,60861.17544957174,0,930925.0735897566,0.0653770933625021,6.537709336250219
2014-07-01,Dart,1417.407938280704,0,930925.0735897566,0.0015225800426827,0.1522580042682718
2014-07-01,Go,22565.66918174211,0,930925.0735897566,0.0242400487664664,2.424004876646649
2014-07-01,Haskell,5465.503803805225,0,930925.0735897566,0.0058710458648724,0.5871045864872454
2014-07-01,Java,143153.0086865941,0,930925.0735897566,0.1537750059030844,15.37750059030844
2014-07-01,JavaScript,221625.27438036492,0,930925.0735897566,0.238069937815459,23.8069937815459
2014-07-01,Julia,665.1067976846334,0,930925.0735897566,0.0007144579263719,0.0714457926371994
2014-07-01,Kotlin,2741.2936845903514,0,930925.0735897566,0.0029446985180231,0.2944698518023153
2014-07-01,Lua,4721.930193951736,0,930925.0735897566,0.0050722988647662,0.5072298864766224
2014-07-01,Objective-C,13384.316786112504,0,930925.0735897566,0.0143774372028685,1.4377437202868544
2014-07-01,PHP,104934.68463408345,0,930925.0735897566,0.1127208704664522,11.272087046645222
2014-07-01,Perl,7834.216176674978,0,930925.0735897566,0.0084155174234004,0.8415517423400487
2014-07-01,Python,149969.00897809697,0,930925.0735897566,0.1610967555098702,16.109675550987024
2014-07-01,R,2012.0273778416629,0,930925.0735897566,0.0021613204273068,0.2161320427306838
2014-07-01,Ruby,89020.48805498413,0,930925.0735897566,0.0956258356128605,9.56258356128605
2014-07-01,Rust,3837.195130738845,0,930925.0735897566,0.0041219161881011,0.412191618810112
2014-07-01,Scala,14692.453211653186,0,930925.0735897566,0.0157826377530012,1.5782637753001278
2014-07-01,Swift,3342.3675523258144,0,930925.0735897566,0.0035903722513749,0.3590372251374916
2014-07-01,TypeScript,8925.193904960623,0,930925.0735897566,0.0095874460342377,0.9587446034237777
2014-10-01,C,50919.375597133934,0,1048458.4489028744,0.0485659452221658,4.856594522216582
2014-10-01,C#,28421.58022911475,0,1048458.4489028744,0.0271079700476977,2.710797004769774
2014-10-01,C++,67233.43191394644,0,1048458.4489028744,0.0641259860934886,6.412598609348868
2014-10-01,Dart,1081.3078831885064,0,1048458.4489028744,0.0010313311741824,0.1031331174182445
2014-10-01,Go,27199.135122843152,0,1048458.4489028744,0.0259420248378033,2.5942024837803364
2014-10-01,Haskell,5864.240381145496,0,1048458.4489028744,0.0055932024652783,0.5593202465278373
2014-10-01,Java,166689.56008939398,0,1048458.4489028744,0.1589853753993026,15.89853753993026
2014-10-01,JavaScript,246926.13740109856,0,1048458.4489028744,0.2355135176405765,23.551351764057653
2014-10-01,Julia,835.1897418593197,0,1048458.4489028744,0.0007965883080376,0.079658830803765
2014-10-01,Kotlin,3985.3518364464658,0,1048458.4489028744,0.0038011538183671,0.3801153818367155
2014-10-01,Lua,4574.655143410093,0,1048458.4489028744,0.0043632202575095,0.4363220257509579
2014-10-01,Objective-C,14168.709005527646,0,1048458.4489028744,0.0135138488514771,1.3513848851477173
2014-10-01,PHP,121412.19722406392,0,1048458.4489028744,0.1158006760793542,11.580067607935424
2014-10-01,Perl,8293.224517599383,0,1048458.4489028744,0.0079099219680832,0.7909921968083297
2014-10-01,Python,165575.58377550004,0,1048458.4489028744,0.1579228856887569,15.792288568875696
2014-10-01,R,2449.246184285668,0,1048458.4489028744,0.0023360450639208,0.2336045063920848
2014-10-01,Ruby,93694.5319090765,0,1048458.4489028744,0.0893640868716544,8.936408687165441
2014-10-01,Rust,4728.423972575177,0,1048458.4489028744,0.0045098820821398,0.4509882082139816
2014-10-01,Scala,15877.054137859202,0,1048458.4489028744,0.0151432363909826,1.5143236390982626
2014-10-01,Swift,4548.352748444228,0,1048458.4489028744,0.004338133526611,0.4338133526611099
2014-10-01,TypeScript,13981.160088361778,0,1048458.4489028744,0.0133349682126095,1.3334968212609584
2015-01-01,C,210802.44985798848,31759,3663866.913175462,0.0575355095732139,5.753550957321392
2015-01-01,C#,147622.22184952218,13384,3663866.913175462,0.0402913712063789,4.02913712063789
2015-01-01,C++,269114.33361713897,29990,3663866.913175462,0.07345090310169,7.3450903101690015
2015-01-01,Dart,7814.505441398637,556,3663866.913175462,0.0021328573407776,0.2132857340777651
2015-01-01,Go,124501.77245311206,7238,3663866.913175462,0.0339809756750162,3.39809756750162
2015-01-01,Haskell,33429.0914570451,2803,3663866.913175462,0.0091239917413026,0.912399174130269
2015-01-01,Java,514562.8561198434,36703,3663866.913175462,0.1404425620017604,14.044256200176042
2015-01-01,JavaScript,869478.3101201181,96554,3663866.913175462,0.2373116520672264,23.731165206722643
2015-01-01,Julia,7275.311210912719,486,3663866.913175462,0.0019856919979135,0.1985691997913546
2015-01-01,Kotlin,7224.424591635637,961,3663866.913175462,0.0019718032239807,0.1971803223980712
2015-01-01,Lua,26488.22935870731,4193,3663866.913175462,0.0072295828386817,0.7229582838681781
2015-01-01,Objective-C,58806.42507344197,14062,3663866.913175462,0.0160503714973846,1.605037149738461
2015-01-01,PHP,373775.0465696167,32170,3663866.913175462,0.1020165457499292,10.20165457499293
2015-01-01,Perl,29889.18441335128,12848,3663866.913175462,0.0081578248123227,0.8157824812322787
2015-01-01,Python,567957.5280116968,55427,3663866.913175462,0.1550158729754323,15.501587297543235
2015-01-01,R,17818.109241856182,3933,3663866.913175462,0.0048631977263642,0.4863197726364269
2015-01-01,Ruby,261162.3714671876,36540,3663866.913175462,0.0712805289209697,7.128052892096973
2015-01-01,Rust,33811.752598234976,1465,3663866.913175462,0.0092284336193124,0.9228433619312456
2015-01-01,Scala,44461.68105073363,4310,3663866.913175462,0.0121351790620033,1.2135179062003327
2015-01-01,Swift,26153.12966190308,2922,3663866.913175462,0.0071381221757414,0.7138122175741435
2015-01-01,TypeScript,31718.179010016967,3438,3663866.913175462,0.0086570226925974,0.8657022692597457
2015-04-01,C,236441.81509090096,36206,4156910.663836644,0.0568792149294533,5.687921492945333
2015-04-01,C#,166947.26076905208,15334,4156910.663836644,0.040161378068916,4.016137806891602
2015-04-01,C++,302464.51798136765,34437,4156910.663836644,0.0727618518754036,7.2761851875403645
2015-04-01,Dart,8823.115981060922,675,4156910.663836644,0.0021225175844692,0.2122517584469226
2015-04-01,Go,153656.6068440295,8598,4156910.663836644,0.0369641349718618,3.696413497186184
2015-04-01,Haskell,35448.82889148199,3066,4156910.663836644,0.0085276860048669,0.8527686004866966
2015-04-01,Java,595188.7597186762,42709,4156910.663836644,0.1431805510992972,14.318055109929723
2015-04-01,JavaScript,996608.1262859264,111604,4156910.663836644,0.239747304399874,23.974730439987407
2015-04-01,Julia,8199.059559423664,617,4156910.663836644,0.001972392534377,0.197239253437703
2015-04-01,Kotlin,8674.869329184769,1166,4156910.663836644,0.0020868548859258,0.208685488592585
2015-04-01,Lua,27955.18576111794,4823,4156910.663836644,0.0067249907495766,0.6724990749576646
2015-04-01,Objective-C,70358.54249010977,16618,4156910.663836644,0.0169256806748817,1.6925680674881756
2015-04-01,PHP,400331.0869045784,36179,4156910.663836644,0.0963049531921118,9.630495319211182
2015-04-01,Perl,30557.60880689713,13907,4156910.663836644,0.0073510381333751,0.7351038133375186
2015-04-01,Python,646879.2978347722,64107,4156910.663836644,0.1556153956981436,15.56153956981436
2015-04-01,R,22610.20487716429,4475,4156910.663836644,0.0054391846988349,0.5439184698834995
2015-04-01,Ruby,272758.36292745225,40895,4156910.663836644,0.0656156422365133,6.561564223651331
2015-04-01,Rust,38938.00882517883,1909,4156910.663836644,0.0093670545205416,0.9367054520541652
2015-04-01,Scala,52975.88321764932,4710,4156910.663836644,0.0127440514126312,1.274405141263126
2015-04-01,Swift,36923.97826584536,3903,4156910.663836644,0.0088825527541566,0.888255275415666
2015-04-01,TypeScript,44169.54347477374,4494,4156910.663836644,0.0106255695747878,1.0625569574787834
2015-07-01,C,244359.67603122705,41731,4605659.594396315,0.0530563909518059,5.305639095180599
2015-07-01,C#,187689.0320526639,17653,4605659.594396315,0.0407518246205221,4.075182462052218
2015-07-01,C++,324179.3742349172,39534,4605659.594396315,0.0703871763838875,7.038717638388752
2015-07-01,Dart,8782.525298279665,726,4605659.594396315,0.0019068984839794,0.1906898483979433
2015-07-01,Go,185475.63573091192,11131,4605659.594396315,0.0402712427893236,4.027124278932366
2015-07-01,Haskell,37459.67076349134,3306,4605659.594396315,0.008133399786877,0.8133399786877075
2015-07-01,Java,610607.9510956721,46828,4605659.594396315,0.1325777423582489,13.2577742358249
2015-07-01,JavaScript,1162571.056607606,130390,4605659.594396315,0.2524222715074516,25.24222715074516
2015-07-01,Julia,13413.271131665982,787,4605659.594396315,0.0029123453127074,0.2912345312707402
2015-07-01,Kotlin,10572.097229484889,1394,4605659.594396315,0.0022954577976948,0.2295457797694799
2015-07-01,Lua,29815.906656324514,5733,4605659.594396315,0.0064737538772082,0.6473753877208249
2015-07-01,Objective-C,81105.82196327193,20955,4605659.594396315,0.0176100339812245,1.761003398122454
2015-07-01,PHP,425956.01982701663,41044,4605659.594396315,0.0924853457136249,9.248534571362493
2015-07-01,Perl,31189.873772042803,15766,4605659.594396315,0.0067720753418232,0.6772075341823217
2015-07-01,Python,726935.5432819691,74368,4605659.594396315,0.1578352738370913,15.783527383709131
2015-07-01,R,25090.483970963985,5089,4605659.594396315,0.0054477504159212,0.54477504159212
2015-07-01,Ruby,295153.23051816784,49336,4605659.594396315,0.0640848991265614,6.408489912656147
2015-07-01,Rust,39610.15826514042,2259,4605659.594396315,0.0086003225929536,0.8600322592953661
2015-07-01,Scala,57510.46059637242,5310,4605659.594396315,0.0124869108143261,1.2486910814326169
2015-07-01,Swift,51498.825720163884,5418,4605659.594396315,0.0111816396033311,1.1181639603331144
2015-07-01,TypeScript,56682.97964896122,5880,4605659.594396315,0.0123072447034355,1.2307244703435565
2015-10-01,C,254966.38544626813,40835,4896480.313908791,0.0520713592418657,5.207135924186573
2015-10-01,C#,249834.0118225527,18101,4896480.313908791,0.0510231831450198,5.102318314501988
2015-10-01,C++,354301.23554922594,39272,4896480.313908791,0.0723583498421935,7.235834984219354
2015-10-01,Dart,8720.146000173407,728,4896480.313908791,0.0017809008596242,0.1780900859624254
2015-10-01,Go,182013.34580368892,10801,4896480.313908791,0.0371722817483136,3.717228174831367
2015-10-01,Haskell,36770.313287069774,3278,4896480.313908791,0.0075095396958139,0.7509539695813982
2015-10-01,Java,666847.4343508957,48418,4896480.313908791,0.1361891382380665,13.618913823806652
2015-10-01,JavaScript,1213609.6901443107,130375,4896480.313908791,0.2478534809375151,24.785348093751512
2015-10-01,Julia,13184.561937727529,871,4896480.313908791,0.0026926610733583,0.269266107335832
2015-10-01,Kotlin,16188.634955460702,1760,4896480.313908791,0.0033061778905708,0.3306177890570858
2015-10-01,Lua,32588.431492798285,5804,4896480.313908791,0.0066554809584812,0.6655480958481256
2015-10-01,Objective-C,81250.32062585514,20382,4896480.313908791,0.0165936173367343,1.65936173367343
2015-10-01,PHP,447589.8452064181,41269,4896480.313908791,0.0914105268502781,9.14105268502782
2015-10-01,Perl,31839.77723775667,14781,4896480.313908791,0.0065025845498272,0.6502584549827267
2015-10-01,Python,764460.869027111,73927,4896480.313908791,0.156124567039636,15.6124567039636
2015-10-01,R,25478.24184479424,5253,4896480.313908791,0.0052033787968924,0.5203378796892439
2015-10-01,Ruby,285392.88860149053,45361,4896480.313908791,0.0582853131852306,5.828531318523068
2015-10-01,Rust,38176.54093494048,2285,4896480.313908791,0.0077967312206887,0.7796731220688741
2015-10-01,Scala,56995.896423573526,5171,4896480.313908791,0.0116401767738497,1.1640176773849726
2015-10-01,Swift,63397.8044893776,6151,4896480.313908791,0.0129476277703581,1.294762777035818
2015-10-01,TypeScript,72873.9387273024,6539,4896480.313908791,0.0148829228456814,1.4882922845681406
2016-01-01,C,291964.708099184,38014,5498176.781251415,0.0531020954245729,5.310209542457295
2016-01-01,C#,397854.4752375248,17140,5498176.781251415,0.0723611646308271,7.236116463082712
2016-01-01,C++,385700.4754911488,36535,5498176.781251415,0.0701506137100526,7.0150613710052685
2016-01-01,Dart,7587.262418366386,596,5498176.781251415,0.0013799597066865,0.1379959706686528
2016-01-01,Go,222487.7099125897,10719,5498176.781251415,0.0404657250511232,4.046572505112327
2016-01-01,Haskell,34773.40961827575,3090,5498176.781251415,0.0063245346597169,0.6324534659716986
2016-01-01,Java,714775.229718343,46294,5498176.781251415,0.1300022276758544,13.000222767585443
2016-01-01,JavaScript,1340327.2072478484,126113,5498176.781251415,0.2437766664430136,24.377666644301364
2016-01-01,Julia,11978.219617402112,783,5498176.781251415,0.0021785802992452,0.2178580299245271
2016-01-01,Kotlin,22276.09923841055,2043,5498176.781251415,0.0040515429249876,0.4051542924987651
2016-01-01,Lua,56673.05045379074,5940,5498176.781251415,0.0103076079050502,1.0307607905050236
2016-01-01,Objective-C,77719.71703818372,18304,5498176.781251415,0.0141355434956557,1.4135543495655716
2016-01-01,PHP,459880.9225060312,38147,5498176.781251415,0.0836424401765706,8.364244017657064
2016-01-01,Perl,33973.473206651644,13673,5498176.781251415,0.0061790434462747,0.6179043446274767
2016-01-01,Python,812535.2894691982,71331,5498176.781251415,0.1477826781124816,14.778267811248163
2016-01-01,R,29350.540914782643,5225,5498176.781251415,0.0053382315779417,0.5338231577941789
2016-01-01,Ruby,297797.7904700613,43297,5498176.781251415,0.0541630075419802,5.416300754198029
2016-01-01,Rust,48364.49109886389,2446,5498176.781251415,0.0087964598126028,0.87964598126028
2016-01-01,Scala,70417.11987980267,4929,5498176.781251415,0.0128073582719134,1.2807358271913432
2016-01-01,Swift,82030.58176807959,6139,5498176.781251415,0.0149195969921885,1.4919596992188562
2016-01-01,TypeScript,99709.00784687584,7846,5498176.781251415,0.0181349221412596,1.8134922141259624
2016-04-01,C,267644.0415769332,38095,5471793.855194145,0.0489134000037062,4.891340000370626
2016-04-01,C#,324082.179651275,17412,5471793.855194145,0.0592277757948862,5.922777579488623
2016-04-01,C++,394325.22999002977,36539,5471793.855194145,0.0720650741649766,7.206507416497669
2016-04-01,Dart,6570.243457038453,588,5471793.855194145,0.0012007476215138,0.1200747621513847
2016-04-01,Go,217983.17747412383,10985,5471793.855194145,0.0398376077832686,3.983760778326865
2016-04-01,Haskell,35649.09175556494,3028,5471793.855194145,0.0065150648396091,0.651506483960918
2016-04-01,Java,737187.4875277268,46856,5471793.855194145,0.1347250110359961,13.47250110359961
2016-04-01,JavaScript,1358719.6608264952,129129,5471793.855194145,0.2483133862100304,24.831338621003045
2016-04-01,Julia,13237.113268599203,833,5471793.855194145,0.0024191542333112,0.2419154233311213
2016-04-01,Kotlin,25979.608017015067,2362,5471793.855194145,0.0047479142497946,0.4747914249794646
2016-04-01,Lua,46565.82471525134,5954,5471793.855194145,0.0085101569882879,0.8510156988287918
2016-04-01,Objective-C,76358.88929744893,18541,5471793.855194145,0.013955001105344,1.3955001105344025
2016-04-01,PHP,469182.0427419342,38496,5471793.855194145,0.0857455626360191,8.574556263601913
2016-04-01,Perl,31336.34305200304,13301,5471793.855194145,0.00572688662645,0.5726886626450074
2016-04-01,Python,849551.6928375188,73432,5471793.855194145,0.1552601788956422,15.526017889564224
2016-04-01,R,31231.353570793224,5317,5471793.855194145,0.005707699229412,0.5707699229412053
2016-04-01,Ruby,262242.5143100314,42773,5471793.855194145,0.047926241603765,4.792624160376501
2016-04-01,Rust,45674.640114934205,2545,5471793.855194145,0.0083472881697794,0.8347288169779492
2016-04-01,Scala,66444.4740864809,4966,5471793.855194145,0.0121430879607074,1.2143087960707426
2016-04-01,Swift,83565.43859020427,6551,5471793.855194145,0.0152720370689548,1.5272037068954836
2016-04-01,TypeScript,128262.80833274349,9671,5471793.855194145,0.0234407237785445,2.3440723778544577
2016-07-01,C,253143.98272772064,35016,5129015.48845632,0.0493552774986665,4.935527749866659
2016-07-01,C#,297305.79313236737,16022,5129015.48845632,0.0579654699428188,5.796546994281889
2016-07-01,C++,460027.8928194851,33065,5129015.48845632,0.0896912660636046,8.969126606360469
2016-07-01,Dart,6598.256476592896,551,5129015.48845632,0.0012864567267233,0.1286456726723353
2016-07-01,Go,208051.9466494292,10721,5129015.48845632,0.0405637197075508,4.056371970755086
2016-07-01,Haskell,29201.6185322929,2641,5129015.48845632,0.0056934159387929,0.5693415938792907
2016-07-01,Java,696963.6849715733,41458,5129015.48845632,0.1358864457594645,13.588644575946454
2016-07-01,JavaScript,1203974.2026867934,119722,5129015.48845632,0.2347378761862841,23.473787618628418
2016-07-01,Julia,12139.485065427509,751,5129015.48845632,0.0023668255813906,0.2366825581390695
2016-07-01,Kotlin,25353.94555459463,2372,5129015.48845632,0.0049432382514066,0.4943238251406686
2016-07-01,Lua,44132.86977270246,5818,5129015.48845632,0.0086045499125574,0.8604549912557417
2016-07-01,Objective-C,64401.692325514014,17130,5129015.48845632,0.0125563458465782,1.2556345846578247
2016-07-01,PHP,402179.0569371866,34441,5129015.48845632,0.0784125253359744,7.841252533597445
2016-07-01,Perl,27896.05046977457,12262,5129015.48845632,0.0054388703899528,0.5438870389952838
2016-07-01,Python,799770.0435258406,69315,5129015.48845632,0.1559305183082119,15.593051830821189
2016-07-01,R,28519.938083048983,5041,5129015.48845632,0.0055605092531379,0.5560509253137902
2016-07-01,Ruby,237720.78364441395,40255,5129015.48845632,0.0463482288519976,4.634822885199764
2016-07-01,Rust,40152.20561319381,2429,5129015.48845632,0.0078284430420541,0.7828443042054143
2016-07-01,Scala,63049.747012986605,4612,5129015.48845632,0.0122927581628268,1.2292758162826818
2016-07-01,Swift,86897.90511927925,6412,5129015.48845632,0.0169424142537407,1.6942414253740716
2016-07-01,TypeScript,141534.38733610252,10591,5129015.48845632,0.0275948449862646,2.759484498626463
2016-10-01,C,284769.22065515874,36736,5641184.305351747,0.0504803965339335,5.0480396533933565
2016-10-01,C#,338958.30475504097,17504,5641184.305351747,0.0600863730747945,6.008637307479458
2016-10-01,C++,599948.156692659,35559,5641184.305351747,0.106351454626911,10.635145462691105
2016-10-01,Dart,7566.82659650561,588,5641184.305351747,0.0013413542594818,0.1341354259481829
2016-10-01,Go,226255.37241650865,11685,5641184.305351747,0.040107778822589,4.010777882258907
2016-10-01,Haskell,29687.44425785244,2835,5641184.305351747,0.005262626188208,0.5262626188208067
2016-10-01,Java,722192.8123064544,45510,5641184.305351747,0.1280214886121192,12.802148861211924
2016-10-01,JavaScript,1342455.451287239,129382,5641184.305351747,0.2379740456296849,23.79740456296849
2016-10-01,Julia,7918.704434655202,758,5641184.305351747,0.0014037308490599,0.1403730849059973
2016-10-01,Kotlin,28604.668328969205,2768,5641184.305351747,0.0050706849449737,0.5070684944973732
2016-10-01,Lua,41495.708782646056,5838,5641184.305351747,0.0073558505690515,0.7355850569051503
2016-10-01,Objective-C,64022.85211874304,17540,5641184.305351747,0.0113491863859163,1.1349186385916352
2016-10-01,PHP,426989.3833013044,36447,5641184.305351747,0.0756914435318525,7.569144353185251
2016-10-01,Perl,29078.9762041778,12271,5641184.305351747,0.0051547644306871,0.5154764430687153
2016-10-01,Python,846709.6417806391,74221,5641184.305351747,0.1500943057253726,15.009430572537264
2016-10-01,R,28796.962913663603,5395,5641184.305351747,0.0051047725716644,0.5104772571664455
2016-10-01,Ruby,239305.0471347016,40878,5641184.305351747,0.0424210651844285,4.242106518442852
2016-10-01,Rust,43495.58067543904,2715,5641184.305351747,0.0077103633423526,0.7710363342352621
2016-10-01,Scala,69589.92773316368,4760,5641184.305351747,0.0123360493056651,1.233604930566517
2016-10-01,Swift,93617.22469113456,7073,5641184.305351747,0.0165953139666648,1.6595313966664875
2016-10-01,TypeScript,169726.03828509126,12882,5641184.305351747,0.0300869514445882,3.008695144458824
2017-01-01,C,273077.7654115635,38667,6074954.32298713,0.0449514104786367,4.495141047863679
2017-01-01,C#,381447.6479695741,19706,6074954.32298713,0.0627902084014372,6.279020840143726
2017-01-01,C++,451093.4096498418,37903,6074954.32298713,0.0742546175109401,7.425461751094016
2017-01-01,Dart,9477.560218921491,584,6074954.32298713,0.0015601039472937,0.1560103947293756
2017-01-01,Go,258918.36599263223,13325,6074954.32298713,0.0426206276173808,4.262062761738082
2017-01-01,Haskell,34020.978552215354,2934,6074954.32298713,0.0056002031856408,0.560020318564088
2017-01-01,Java,782137.9048645033,49750,6074954.32298713,0.1287479482611017,12.874794826110172
2017-01-01,JavaScript,1499839.94700594,142999,6074954.32298713,0.2468890903970534,24.68890903970534
2017-01-01,Julia,7129.80748220924,743,6074954.32298713,0.0011736396856895,0.1173639685689591
2017-01-01,Kotlin,39116.24928864885,3245,6074954.32298713,0.0064389371851959,0.6438937185195971
2017-01-01,Lua,50144.559401352446,6285,6074954.32298713,0.0082543105240494,0.8254310524049463
2017-01-01,Objective-C,62044.006782747536,18089,6074954.32298713,0.0102130820223582,1.0213082022358273
2017-01-01,PHP,472763.2754926392,39616,6074954.32298713,0.0778217004371113,7.782170043711138
2017-01-01,Perl,32744.60537657874,12496,6074954.32298713,0.0053900990255475,0.539009902554754
2017-01-01,Python,983675.4933769754,81865,6074954.32298713,0.161923109389453,16.1923109389453
2017-01-01,R,37012.91250222948,6009,6074954.32298713,0.006092706304338,0.6092706304338068
2017-01-01,Ruby,262150.2076416043,43161,6074954.32298713,0.0431526220122593,4.315262201225932
2017-01-01,Rust,51852.17464097957,3133,6074954.32298713,0.0085354015658644,0.8535401565864483
2017-01-01,Scala,76758.87868262129,5166,6074954.32298713,0.0126353013704435,1.2635301370443557
2017-01-01,Swift,98357.45827972548,7564,6074954.32298713,0.0161906498469542,1.6190649846954226
2017-01-01,TypeScript,211191.114373627,15510,6074954.32298713,0.0347642308312503,3.476423083125039
2017-04-01,C,257768.56470665813,39063,6259176.721546396,0.0411825030949076,4.118250309490761
2017-04-01,C#,494127.27996355033,20006,6259176.721546396,0.0789444525927158,7.894445259271589
2017-04-01,C++,440852.57643987605,38755,6259176.721546396,0.0704329971899177,7.043299718991777
2017-04-01,Dart,11636.808842582068,592,6259176.721546396,0.0018591596563368,0.1859159656336891
2017-04-01,Go,268270.4077684255,13654,6259176.721546396,0.042860334466183,4.286033446618303
2017-04-01,Haskell,31107.539380580496,2828,6259176.721546396,0.0049699091053775,0.4969909105377528
2017-04-01,Java,807229.9870992253,51218,6259176.721546396,0.128967438212831,12.896743821283108
2017-04-01,JavaScript,1545773.9649333933,143304,6259176.721546396,0.246961227282858,24.6961227282858
2017-04-01,Julia,7585.146158977725,737,6259176.721546396,0.0012118440645503,0.1211844064550351
2017-04-01,Kotlin,49637.69256512204,3856,6259176.721546396,0.0079303868181658,0.7930386818165843
2017-04-01,Lua,45084.87274721366,6219,6259176.721546396,0.0072030036461528,0.7203003646152839
2017-04-01,Objective-C,62049.7809851796,17950,6259176.721546396,0.0099134093420914,0.9913409342091484
2017-04-01,PHP,440306.20550280414,38826,6259176.721546396,0.0703457060074862,7.034570600748621
2017-04-01,Perl,32727.427274880527,12132,6259176.721546396,0.0052287111757398,0.5228711175739877
2017-04-01,Python,1021183.7275324232,84331,6259176.721546396,0.1631498474898675,16.31498474898675
2017-04-01,R,42544.53434885781,6251,6259176.721546396,0.0067971454140931,0.6797145414093171
2017-04-01,Ruby,241946.3700745558,42039,6259176.721546396,0.0386546635185562,3.8654663518556234
2017-04-01,Rust,55047.67718806674,3194,6259176.721546396,0.0087947152855697,0.8794715285569796
2017-04-01,Scala,77852.06735260041,5163,6259176.721546396,0.0124380682661674,1.2438068266167477
2017-04-01,Swift,94552.58295943364,7445,6259176.721546396,0.0151062331622541,1.5106233162254192
2017-04-01,TypeScript,231891.50772198947,16781,6259176.721546396,0.0370482442081773,3.7048244208177294
2017-07-01,C,232441.44738539265,36044,5977466.886236071,0.0388862793904589,3.8886279390458967
2017-07-01,C#,493364.1292411146,18550,5977466.886236071,0.0825373253638849,8.253732536388492
2017-07-01,C++,398777.5417870063,35343,5977466.886236071,0.0667134673226288,6.671346732262888
2017-07-01,Dart,9284.673515860704,593,5977466.886236071,0.0015532789545417,0.1553278954541752
2017-07-01,Go,261972.98685640428,13375,5977466.886236071,0.0438267566918074,4.382675669180747
2017-07-01,Haskell,26972.491190146942,2472,5977466.886236071,0.0045123614573682,0.4512361457368299
2017-07-01,Java,702534.1840259006,45893,5977466.886236071,0.1175304183856845,11.753041838568455
2017-07-01,JavaScript,1605210.0224781192,134267,5977466.886236071,0.2685435240426564,26.854352404265647
2017-07-01,Julia,5642.011077408283,710,5977466.886236071,0.0009438799385739,0.0943879938573943
2017-07-01,Kotlin,53252.359888581545,4198,5977466.886236071,0.0089088506723813,0.8908850672381362
2017-07-01,Lua,38140.53231059724,5880,5977466.886236071,0.0063807182936338,0.638071829363388
2017-07-01,Objective-C,51578.86018953027,15995,5977466.886236071,0.0086288826305834,0.8628882630583466
2017-07-01,PHP,404476.40089522966,35333,5977466.886236071,0.0676668576494487,6.766685764944872
2017-07-01,Perl,33147.64822140398,11358,5977466.886236071,0.0055454340195059,0.5545434019505978
2017-07-01,Python,951772.6776962668,79750,5977466.886236071,0.1592267587274891,15.922675872748918
2017-07-01,R,35540.72748628251,5790,5977466.886236071,0.0059457840859177,0.5945784085917709
2017-07-01,Ruby,218716.70306588264,39598,5977466.886236071,0.0365901990305471,3.659019903054713
2017-07-01,Rust,50195.51501105013,3129,5977466.886236071,0.0083974559736386,0.8397455973638619
2017-07-01,Scala,69254.90131853234,4885,5977466.886236071,0.0115859949769025,1.1585994976902534
2017-07-01,Swift,87828.17022430604,7279,5977466.886236071,0.0146932089956938,1.4693208995693867
2017-07-01,TypeScript,247362.90237105408,16847,5977466.886236071,0.0413825633966523,4.138256339665231
2017-10-01,C,199282.4691533321,31395,5148876.866414476,0.0387040658232144,3.8704065823214457
2017-10-01,C#,404439.9302097144,15217,5148876.866414476,0.0785491556125237,7.854915561252376
2017-10-01,C++,354137.967644095,30536,5148876.866414476,0.0687796536666269,6.877965366662693
2017-10-01,Dart,7772.875138196322,505,5148876.866414476,0.0015096253687669,0.1509625368766901
2017-10-01,Go,204295.3895078704,11608,5148876.866414476,0.0396776607419892,3.967766074198927
2017-10-01,Haskell,18303.23645503372,2103,5148876.866414476,0.0035548017421864,0.3554801742186456
2017-10-01,Java,583429.9666359193,37798,5148876.866414476,0.1133120837364678,11.331208373646785
2017-10-01,JavaScript,1470929.4814044836,109632,5148876.866414476,0.2856796772513992,28.56796772513993
2017-10-01,Julia,5083.105058834592,643,5148876.866414476,0.0009872259894174,0.0987225989417438
2017-10-01,Kotlin,46728.9095312242,3937,5148876.866414476,0.0090755539010908,0.9075553901090824
2017-10-01,Lua,26031.641551955403,5207,5148876.866414476,0.0050557902679236,0.5055790267923627
2017-10-01,Objective-C,35559.25975149295,12949,5148876.866414476,0.006906216768057,0.69062167680571
2017-10-01,PHP,397426.30082609615,28665,5148876.866414476,0.0771869887622408,7.718698876224087
2017-10-01,Perl,27628.03026450183,10192,5148876.866414476,0.005365836274842,0.5365836274842045
2017-10-01,Python,775342.5987531011,68069,5148876.866414476,0.1505848010875091,15.05848010875091
2017-10-01,R,26024.25727180264,4870,5148876.866414476,0.005054356114351,0.5054356114351042
2017-10-01,Ruby,177420.3039105466,33657,5148876.866414476,0.0344580592066278,3.445805920662787
2017-10-01,Rust,40271.955226414735,2836,5148876.866414476,0.0078215028774729,0.7821502877472951
2017-10-01,Scala,55192.18220052418,4269,5148876.866414476,0.0107192662851458,1.0719266285145863
2017-10-01,Swift,67744.27814204509,6109,5148876.866414476,0.0131570981205499,1.3157098120549964
2017-10-01,TypeScript,225832.7277772925,14599,5148876.866414476,0.0438605804015965,4.386058040159653
2018-01-01,C,154708.7783512164,25388,4083494.8963458138,0.0378863650569663,3.788636505696633
2018-01-01,C#,344048.4778265637,10950,4083494.8963458138,0.0842534364704218,8.42534364704218
2018-01-01,C++,269714.9187819528,24188,4083494.8963458138,0.0660500198061498,6.605001980614984
2018-01-01,Dart,7488.551169756752,456,4083494.8963458138,0.0018338583394479,0.183385833944791
2018-01-01,Go,161013.8877180079,9431,4083494.8963458138,0.039430412380849,3.943041238084905
2018-01-01,Haskell,15146.838171597232,1759,4083494.8963458138,0.0037092829931418,0.3709282993141889
2018-01-01,Java,406495.51715478464,27134,4083494.8963458138,0.0995459838871218,9.954598388712183
2018-01-01,JavaScript,1218897.9578889653,81243,4083494.8963458138,0.2984938119990592,29.84938119990592
2018-01-01,Julia,3570.314161225981,521,4083494.8963458138,0.0008743280576696,0.0874328057669654
2018-01-01,Kotlin,34331.55354860194,3261,4083494.8963458138,0.0084073947488765,0.8407394748876539
2018-01-01,Lua,18804.807891414894,4373,4083494.8963458138,0.0046050768688954,0.460507686889549
2018-01-01,Objective-C,21673.35067469178,9658,4083494.8963458138,0.0053075493480074,0.5307549348007403
2018-01-01,PHP,353060.2913378556,21095,4083494.8963458138,0.0864603238891758,8.646032388917584
2018-01-01,Perl,29361.81730841082,8950,4083494.8963458138,0.007190364639536,0.7190364639536038
2018-01-01,Python,577735.2674796242,53482,4083494.8963458138,0.1414805900692126,14.148059006921269
2018-01-01,R,18607.949755638565,4041,4083494.8963458138,0.0045568686206245,0.4556868620624508
2018-01-01,Ruby,148980.7863167945,27642,4083494.8963458138,0.0364836469980928,3.648364699809287
2018-01-01,Rust,28485.903014336087,2310,4083494.8963458138,0.0069758635035462,0.6975863503546237
2018-01-01,Scala,45690.53149547769,3521,4083494.8963458138,0.0111890752052524,1.1189075205252408
2018-01-01,Swift,42344.219860067744,4353,4083494.8963458138,0.0103696027385659,1.0369602738565975
2018-01-01,TypeScript,183333.1764388292,11638,4083494.8963458138,0.0448961443793864,4.489614437938641
2018-04-01,C,121890.13700785596,22183,2903826.894393238,0.0419756898192532,4.197568981925323
2018-04-01,C#,225696.77511583184,9109,2903826.894393238,0.0777239082507333,7.77239082507333
2018-04-01,C++,220943.6757310665,20967,2903826.894393238,0.0760870684673623,7.608706846736236
2018-04-01,Dart,7104.846443451545,458,2903826.894393238,0.0024467183140874,0.2446718314087425
2018-04-01,Go,131819.9711042657,8202,2903826.894393238,0.0453952580158225,4.539525801582254
2018-04-01,Haskell,11156.58998333066,1484,2903826.894393238,0.0038420299794288,0.3842029979428873
2018-04-01,Java,318592.6269312543,23057,2903826.894393238,0.1097147448928167,10.971474489281672
2018-04-01,JavaScript,680462.9680727106,67571,2903826.894393238,0.2343331723342603,23.43331723342603
2018-04-01,Julia,2820.12828687901,460,2903826.894393238,0.0009711764473027,0.0971176447302752
2018-04-01,Kotlin,27834.598596980097,2944,2903826.894393238,0.0095854882571422,0.9585488257142204
2018-04-01,Lua,13911.740736213176,3934,2903826.894393238,0.0047908299089984,0.4790829908998439
2018-04-01,Objective-C,17618.62239054267,8026,2903826.894393238,0.0060673804022412,0.6067380402241274
2018-04-01,PHP,268015.25133605464,17067,2903826.894393238,0.0922972549959997,9.229725499599974
2018-04-01,Perl,23338.960835516737,8078,2903826.894393238,0.0080373113426905,0.8037311342690583
2018-04-01,Python,457539.05000647577,46582,2903826.894393238,0.1575641615861815,15.756416158618151
2018-04-01,R,12244.497243398377,3534,2903826.894393238,0.0042166760239876,0.4216676023987613
2018-04-01,Ruby,118086.01247178542,23938,2903826.894393238,0.0406656514890016,4.066565148900166
2018-04-01,Rust,23067.95238296699,2065,2903826.894393238,0.0079439833095791,0.7943983309579168
2018-04-01,Scala,34013.76051206974,3105,2903826.894393238,0.01171342567897,1.1713425678970095
2018-04-01,Swift,35131.5155794577,3775,2903826.894393238,0.0120983505068054,1.2098350506805442
2018-04-01,TypeScript,152537.2136251305,10424,2903826.894393238,0.0525297199773347,5.25297199773348
2018-07-01,C,107264.34574798615,19995,2521193.7089583105,0.0425450632241601,4.254506322416015
2018-07-01,C#,193461.601941806,8015,2521193.7089583105,0.0767341284624017,7.67341284624017
2018-07-01,C++,197514.83817778903,18616,2521193.7089583105,0.0783417939986042,7.834179399860427
2018-07-01,Dart,6088.985247307677,489,2521193.7089583105,0.0024151199591178,0.241511995911789
2018-07-01,Go,118488.05188116909,7622,2521193.7089583105,0.0469968061002838,4.699680610028381
2018-07-01,Haskell,10247.193516939386,1290,2521193.7089583105,0.0040644213415768,0.4064421341576824
2018-07-01,Java,288541.07104452787,20381,2521193.7089583105,0.1144462125299151,11.444621252991515
2018-07-01,JavaScript,499517.6284182912,58865,2521193.7089583105,0.1981274293376999,19.812742933769997
2018-07-01,Julia,3332.1350585957584,435,2521193.7089583105,0.0013216497593009,0.1321649759300925
2018-07-01,Kotlin,26197.12099680304,2846,2521193.7089583105,0.0103907608938255,1.0390760893825564
2018-07-01,Lua,13182.731965929965,3671,2521193.7089583105,0.0052287660083749,0.5228766008374943
2018-07-01,Objective-C,15282.021588684818,7132,2521193.7089583105,0.0060614230213191,0.6061423021319111
2018-07-01,PHP,256450.75275239925,14893,2521193.7089583105,0.1017179885231261,10.171798852312614
2018-07-01,Perl,29289.20511940025,7597,2521193.7089583105,0.0116171974471179,1.1617197447117922
2018-07-01,Python,418105.96018824994,41847,2521193.7089583105,0.1658365078028852,16.58365078028852
2018-07-01,R,9669.559001163494,3090,2521193.7089583105,0.0038353098243921,0.3835309824392151
2018-07-01,Ruby,101865.08361167525,21289,2521193.7089583105,0.0404035133237593,4.040351332375931
2018-07-01,Rust,20844.042751807105,1931,2521193.7089583105,0.0082675292571705,0.8267529257170525
2018-07-01,Scala,31231.24174372023,2798,2521193.7089583105,0.0123874820220077,1.2387482022007796
2018-07-01,Swift,31710.034783742965,3436,2521193.7089583105,0.0125773893021669,1.2577389302166988
2018-07-01,TypeScript,142910.1034203223,9587,2521193.7089583105,0.0566835078607938,5.668350786079381
2018-10-01,C,101640.25277826752,18774,2317812.169818737,0.0438518073646218,4.385180736462188
2018-10-01,C#,221241.82389339537,7511,2317812.169818737,0.0954528700704412,9.545287007044124
2018-10-01,C++,184197.19025527543,17337,2317812.169818737,0.0794702835086418,7.947028350864188
2018-10-01,Dart,4850.2478993681625,439,2317812.169818737,0.0020925974772785,0.2092597477278529
2018-10-01,Go,102874.07239961142,7109,2317812.169818737,0.0443841281615397,4.438412816153978
2018-10-01,Haskell,9194.16663019019,1268,2317812.169818737,0.0039667436170676,0.3966743617067648
2018-10-01,Java,272503.54988342023,19209,2317812.169818737,0.1175692980785113,11.756929807851131
2018-10-01,JavaScript,476222.528498293,54668,2317812.169818737,0.2054620882137898,20.546208821378983
2018-10-01,Julia,2491.1289330118097,417,2317812.169818737,0.0010747760174227,0.1074776017422769
2018-10-01,Kotlin,24646.78213681748,2794,2317812.169818737,0.0106336408349883,1.0633640834988352
2018-10-01,Lua,10992.420069802483,3495,2317812.169818737,0.0047425844997017,0.4742584499701776
2018-10-01,Objective-C,11992.955207488205,6649,2317812.169818737,0.0051742567252229,0.5174256725222952
2018-10-01,PHP,182215.60556520088,13729,2317812.169818737,0.078615345944728,7.8615345944728094
2018-10-01,Perl,26150.019169413776,7216,2317812.169818737,0.0112821994421829,1.1282199442182936
2018-10-01,Python,372609.8795272248,39353,2317812.169818737,0.1607593075828765,16.075930758287654
2018-10-01,R,8480.578878577366,2872,2317812.169818737,0.0036588723577375,0.3658872357737505
2018-10-01,Ruby,95897.74892890493,19911,2317812.169818737,0.041374253780195,4.137425378019502
2018-10-01,Rust,19606.14013819912,1955,2317812.169818737,0.0084588994714495,0.8458899471449579
2018-10-01,Scala,27544.837987131647,2703,2317812.169818737,0.011883981948928,1.1883981948928055
2018-10-01,Swift,26483.05612208568,3359,2317812.169818737,0.0114258853529778,1.1425885352977834
2018-10-01,TypeScript,135977.18491705737,9365,2317812.169818737,0.0586661795496963,5.866617954969637
2019-01-01,C,110763.03522212632,18243,2507240.7076165704,0.0441772642274222,4.417726422742223
2019-01-01,C#,260309.26736931768,7150,2507240.7076165704,0.1038230061352077,10.382300613520773
2019-01-01,C++,191139.0058922096,16656,2507240.7076165704,0.0762348047842242,7.623480478422429
2019-01-01,Dart,6253.863840556084,469,2507240.7076165704,0.0024943212757984,0.2494321275798494
2019-01-01,Go,115320.90824027082,7050,2507240.7076165704,0.0459951483277794,4.599514832777943
2019-01-01,Haskell,7459.865880224935,1187,2507240.7076165704,0.0029753289572728,0.2975328957272882
2019-01-01,Java,291272.02068155847,17979,2507240.7076165704,0.1161723402929458,11.61723402929458
2019-01-01,JavaScript,501380.91260144376,52184,2507240.7076165704,0.1999731860919192,19.99731860919193
2019-01-01,Julia,2831.719335581047,404,2507240.7076165704,0.0011294166240117,0.1129416624011713
2019-01-01,Kotlin,26017.655383714227,2760,2507240.7076165704,0.01037700740287,1.0377007402870024
2019-01-01,Lua,12142.757773202704,3423,2507240.7076165704,0.0048430761898189,0.484307618981898
2019-01-01,Objective-C,12617.589584120326,6206,2507240.7076165704,0.0050324604038974,0.5032460403897494
2019-01-01,PHP,206976.74309880324,13297,2507240.7076165704,0.082551604427147,8.2551604427147
2019-01-01,Perl,21221.442231511115,7010,2507240.7076165704,0.0084640625716725,0.8464062571672512
2019-01-01,Python,395100.8220851178,37874,2507240.7076165704,0.1575839211946698,15.758392119466984
2019-01-01,R,8937.708739246806,2815,2507240.7076165704,0.0035647589448015,0.3564758944801577
2019-01-01,Ruby,107723.49692509352,19078,2507240.7076165704,0.0429649600845454,4.2964960084545485
2019-01-01,Rust,21728.89068070673,1890,2507240.7076165704,0.0086664557633808,0.8666455763380858
2019-01-01,Scala,28996.050278588413,2587,2507240.7076165704,0.0115649248157559,1.156492481575596
2019-01-01,Swift,25453.06154328347,3097,2507240.7076165704,0.0101518220671678,1.0151822067167864
2019-01-01,TypeScript,153593.89022989344,9186,2507240.7076165704,0.0612601294176906,6.126012941769067
2019-04-01,C,102657.78710773063,17425,2517487.8303375635,0.0407778682663842,4.077786826638423
2019-04-01,C#,296887.27467390813,6572,2517487.8303375635,0.1179299741179282,11.792997411792822
2019-04-01,C++,182875.9180634384,15852,2517487.8303375635,0.0726422252610917,7.264222526109175
2019-04-01,Dart,7035.171796121012,440,2517487.8303375635,0.0027945206770583,0.2794520677058321
2019-04-01,Go,118350.86926497796,6738,2517487.8303375635,0.0470114960790529,4.701149607905298
2019-04-01,Haskell,7363.7084540505775,1076,2517487.8303375635,0.0029250224629936,0.2925022462993673
2019-04-01,Java,286712.0836715168,16978,2517487.8303375635,0.1138881706661804,11.388817066618046
2019-04-01,JavaScript,504665.138582435,48111,2517487.8303375635,0.200463784770219,20.046378477021904
2019-04-01,Julia,2008.3878022279307,370,2517487.8303375635,0.0007977745822741,0.0797774582274199
2019-04-01,Kotlin,25954.198567912823,2732,2517487.8303375635,0.0103095626740061,1.030956267400613
2019-04-01,Lua,11764.876395066853,3265,2517487.8303375635,0.0046732604834436,0.467326048344366
2019-04-01,Objective-C,13509.272643184631,5963,2517487.8303375635,0.0053661719752477,0.5366171975247724
2019-04-01,PHP,210713.66293537256,11948,2517487.8303375635,0.0836999728046822,8.369997280468224
2019-04-01,Perl,23301.02028299201,6723,2517487.8303375635,0.0092556635238501,0.9255663523850136
2019-04-01,Python,383686.4514924469,35892,2517487.8303375635,0.1524084632579929,15.240846325799293
2019-04-01,R,8215.721084114517,2692,2517487.8303375635,0.0032634600990356,0.3263460099035669
2019-04-01,Ruby,98332.12166229416,17844,2517487.8303375635,0.0390596214517188,3.905962145171882
2019-04-01,Rust,21785.22813509168,1831,2517487.8303375635,0.008653558469107,0.8653558469107099
2019-04-01,Scala,29656.53660441625,2491,2517487.8303375635,0.011780210512652,1.1780210512652085
2019-04-01,Swift,25719.639149410603,3138,2517487.8303375635,0.0102163906571742,1.0216390657174268
2019-04-01,TypeScript,156292.76196885397,8842,2517487.8303375635,0.0620828272079063,6.208282720790633
2019-07-01,C,101120.40119355224,16326,2375073.97317816,0.0425756849409788,4.257568494097887
2019-07-01,C#,284228.5288604616,6030,2375073.97317816,0.1196714426877941,11.96714426877941
2019-07-01,C++,171939.18420280117,14704,2375073.97317816,0.0723931911782621,7.239319117826214
2019-07-01,Dart,7031.28338468324,434,2375073.97317816,0.0029604481645994,0.2960448164599464
2019-07-01,Go,118081.51505322832,6539,2375073.97317816,0.0497169841389065,4.971698413890654
2019-07-01,Haskell,5878.20632377816,1039,2375073.97317816,0.0024749571550869,0.2474957155086984
2019-07-01,Java,269255.9718200924,15824,2375073.97317816,0.1133674044938451,11.336740449384516
2019-07-01,JavaScript,465628.1768324567,44829,2375073.97317816,0.1960478629679838,19.60478629679838
2019-07-01,Julia,2465.916953648888,367,2375073.97317816,0.0010382484846773,0.1038248484677371
2019-07-01,Kotlin,23533.497338931425,2535,2375073.97317816,0.0099085323677058,0.9908532367705803
2019-07-01,Lua,10281.256457783194,3128,2375073.97317816,0.0043288152596045,0.4328815259604536
2019-07-01,Objective-C,11714.224376518598,5379,2375073.97317816,0.0049321513808866,0.4932151380886648
2019-07-01,PHP,190549.93404825343,11098,2375073.97317816,0.0802290523159043,8.022905231590437
2019-07-01,Perl,25467.023084924207,6304,2375073.97317816,0.0107226231151217,1.0722623115121757
2019-07-01,Python,360110.5242229085,33555,2375073.97317816,0.1516207614119207,15.162076141192076
2019-07-01,R,6843.012479682798,2444,2375073.97317816,0.0028811786735745,0.2881178673574512
2019-07-01,Ruby,89131.45803207834,16517,2375073.97317816,0.037527866095391,3.752786609539104
2019-07-01,Rust,22867.24706354625,1820,2375073.97317816,0.0096280146731374,0.9628014673137476
2019-07-01,Scala,30352.65584710904,2400,2375073.97317816,0.0127796675766242,1.2779667576624238
2019-07-01,Swift,22186.85340262769,2776,2375073.97317816,0.0093415420543465,0.9341542054346532
2019-07-01,TypeScript,156407.10219909385,8479,2375073.97317816,0.0658535708636479,6.5853570863647946
2019-10-01,C,98265.52983344356,15949,2188372.03918359,0.0449034844505247,4.490348445052479
2019-10-01,C#,258677.2416394815,5736,2188372.03918359,0.118205331181249,11.8205331181249
2019-10-01,C++,167467.53033693103,14307,2188372.03918359,0.076526078444782,7.652607844478203
2019-10-01,Dart,6701.769128023425,420,2188372.03918359,0.0030624450541433,0.3062445054143369
2019-10-01,Go,108915.53403186623,6313,2188372.03918359,0.0497701177321288,4.9770117732128885
2019-10-01,Haskell,6457.548295629913,1075,2188372.03918359,0.0029508457337258,0.2950845733725885
2019-10-01,Java,280258.9690454632,15193,2188372.03918359,0.1280673322576442,12.806733225764418
2019-10-01,JavaScript,384071.81175366417,42627,2188372.03918359,0.1755057206346635,17.550572063466355
2019-10-01,Julia,2034.0840060162884,344,2188372.03918359,0.0009294964336937,0.092949643369376
2019-10-01,Kotlin,23508.913186000933,2556,2188372.03918359,0.0107426492228311,1.074264922283111
2019-10-01,Lua,8434.762135159566,3044,2188372.03918359,0.0038543547368235,0.3854354736823588
2019-10-01,Objective-C,10852.115808753444,5098,2188372.03918359,0.0049589903427947,0.4958990342794734
2019-10-01,PHP,131469.77003411093,10801,2188372.03918359,0.0600765170090356,6.007651700903563
2019-10-01,Perl,29894.590941739672,6084,2188372.03918359,0.0136606529449591,1.3660652944959195
2019-10-01,Python,348087.9335568362,32331,2188372.03918359,0.159062502775669,15.9062502775669
2019-10-01,R,6135.6463202174655,2350,2188372.03918359,0.002803749184488,0.2803749184488061
2019-10-01,Ruby,95971.79250311588,15858,2188372.03918359,0.0438553366542371,4.385533665423719
2019-10-01,Rust,24432.091193569464,1827,2188372.03918359,0.0111645052834271,1.1164505283427162
2019-10-01,Scala,26243.92391027021,2358,2188372.03918359,0.0119924416142974,1.1992441614297429
2019-10-01,Swift,20862.698990320285,2750,2188372.03918359,0.0095334333544599,0.9533433354459908
2019-10-01,TypeScript,149627.78253297685,8146,2188372.03918359,0.0683740149544216,6.837401495442159
2020-01-01,C,103603.18116826616,15525,2229159.787359673,0.0464763368493107,4.647633684931078
2020-01-01,C#,262832.4968326348,5595,2229159.787359673,0.117906530668197,11.7906530668197
2020-01-01,C++,170071.03451079933,13849,2229159.787359673,0.0762937836377534,7.629378363775342
2020-01-01,Dart,7184.730480126592,444,2229159.787359673,0.0032230666105082,0.3223066610508232
2020-01-01,Go,115116.30144065215,6195,2229159.787359673,0.0516411170223923,5.164111702239237
2020-01-01,Haskell,6509.978979596196,1040,2229159.787359673,0.0029203734144634,0.2920373414463454
2020-01-01,Java,285529.1526734317,14549,2229159.787359673,0.1280882394759267,12.808823947592671
2020-01-01,JavaScript,383132.7520231304,40568,2229159.787359673,0.1718731668297909,17.187316682979095
2020-01-01,Julia,2344.229900137529,357,2229159.787359673,0.0010516203968106,0.1051620396810652
2020-01-01,Kotlin,25704.26291337854,2565,2229159.787359673,0.0115309198825194,1.1530919882519477
2020-01-01,Lua,10028.213769852957,2988,2229159.787359673,0.0044986518358699,0.4498651835869903
2020-01-01,Objective-C,12010.139337714518,4645,2229159.787359673,0.0053877426848525,0.5387742684852539
2020-01-01,PHP,133495.33755575935,10362,2229159.787359673,0.0598859437141909,5.9885943714191
2020-01-01,Perl,25295.8902585827,6001,2229159.787359673,0.0113477241075411,1.1347724107541166
2020-01-01,Python,353258.4413846607,31592,2229159.787359673,0.1584715655592717,15.847156555927176
2020-01-01,R,6545.132373392722,2314,2229159.787359673,0.0029361432098795,0.2936143209879584
2020-01-01,Ruby,95323.15048867856,15617,2229159.787359673,0.042761919100283,4.276191910028307
2020-01-01,Rust,26649.294420536666,1782,2229159.787359673,0.0119548605585162,1.1954860558516267
2020-01-01,Scala,29011.854073703675,2251,2229159.787359673,0.0130147036736503,1.3014703673650396
2020-01-01,Swift,21127.36723772044,2411,2229159.787359673,0.0094777267011194,0.947772670111941
2020-01-01,TypeScript,154386.84553691736,8062,2229159.787359673,0.0692578640671518,6.9257864067151855
2020-04-01,C,110471.38482761444,15708,2335165.6062554987,0.047307730351835,4.730773035183501
2020-04-01,C#,206529.43274353936,5468,2335165.6062554987,0.0884431631702194,8.84431631702194
2020-04-01,C++,187856.96077525133,13941,2335165.6062554987,0.08044695428539,8.04469542853901
2020-04-01,Dart,8459.953464609122,449,2335165.6062554987,0.0036228494638437,0.3622849463843759
2020-04-01,Go,119954.2874086126,6145,2335165.6062554987,0.051368642586751,5.136864258675107
2020-04-01,Haskell,7136.945617175177,1007,2335165.6062554987,0.0030562909962602,0.3056290996260202
2020-04-01,Java,305038.26326604595,14473,2335165.6062554987,0.1306281072523944,13.062810725239444
2020-04-01,JavaScript,442509.9571771618,40313,2335165.6062554987,0.1894983190878434,18.949831908784343
2020-04-01,Julia,2366.826904084509,354,2335165.6062554987,0.0010135584807108,0.101355848071083
2020-04-01,Kotlin,27254.470099682552,2520,2335165.6062554987,0.0116713221651914,1.167132216519146
2020-04-01,Lua,11131.828773430248,3005,2335165.6062554987,0.0047670403947411,0.4767040394741183
2020-04-01,Objective-C,11739.613272903456,4706,2335165.6062554987,0.0050273150826883,0.5027315082688394
2020-04-01,PHP,137211.10459735597,10219,2335165.6062554987,0.0587586183308761,5.875861833087619
2020-04-01,Perl,27271.63745989276,6015,2335165.6062554987,0.0116786738323127,1.1678673832312718
2020-04-01,Python,371949.72300542495,31448,2335165.6062554987,0.1592819464319947,15.92819464319948
2020-04-01,R,7046.7522715379855,2295,2335165.6062554987,0.0030176670351177,0.3017667035117755
2020-04-01,Ruby,96513.61177961138,15152,2335165.6062554987,0.0413305212791197,4.133052127911972
2020-04-01,Rust,28565.356783320785,1764,2335165.6062554987,0.0122326899243459,1.2232689924345923
2020-04-01,Scala,28210.735765946647,2153,2335165.6062554987,0.0120808287388162,1.2080828738816227
2020-04-01,Swift,23482.846222366483,2496,2335165.6062554987,0.010056180238121,1.005618023812104
2020-04-01,TypeScript,174463.91403993106,8185,2335165.6062554987,0.0747115808714263,7.471158087142636
2020-07-01,C,89855.06067754726,14591,2200523.114944017,0.040833500028848,4.083350002884803
2020-07-01,C#,258985.41664358068,4987,2200523.114944017,0.1176926590249289,11.769265902492895
2020-07-01,C++,157100.41717522027,12829,2200523.114944017,0.0713923049061982,7.139230490619821
2020-07-01,Dart,7844.50407856554,442,2200523.114944017,0.0035648360270758,0.3564836027075821
2020-07-01,Go,111463.43366882185,5820,2200523.114944017,0.0506531528398226,5.065315283982263
2020-07-01,Haskell,6145.671743957064,915,2200523.114944017,0.0027928230802126,0.2792823080212641
2020-07-01,Java,257277.62383467445,13661,2200523.114944017,0.1169165741034353,11.691657410343533
2020-07-01,JavaScript,486635.5121872552,37488,2200523.114944017,0.2211453762437009,22.11453762437009
2020-07-01,Julia,1888.3874484035075,290,2200523.114944017,0.0008581538796749,0.0858153879674901
2020-07-01,Kotlin,26564.72127267876,2448,2200523.114944017,0.0120720028307244,1.207200283072445
2020-07-01,Lua,8695.549270668726,2796,2200523.114944017,0.0039515827902993,0.3951582790299364
2020-07-01,Objective-C,9699.353670940498,4326,2200523.114944017,0.0044077490507011,0.4407749050701183
2020-07-01,PHP,116247.78823370556,9272,2200523.114944017,0.0528273424824546,5.282734248245468
2020-07-01,Perl,23229.21836628128,5540,2200523.114944017,0.0105562255667885,1.0556225566788582
2020-07-01,Python,323227.34215919586,28818,2200523.114944017,0.1468865925398012,14.688659253980118
2020-07-01,R,5293.03137298878,2083,2200523.114944017,0.0024053514080552,0.2405351408055279
2020-07-01,Ruby,81252.62686964122,13544,2200523.114944017,0.0369242323872196,3.69242323872196
2020-07-01,Rust,24112.11732641885,1667,2200523.114944017,0.0109574478734945,1.095744787349452
2020-07-01,Scala,22324.615413967247,2024,2200523.114944017,0.0101451401543378,1.0145140154337895
2020-07-01,Swift,18765.90942668316,2273,2200523.114944017,0.0085279310629557,0.8527931062955719
2020-07-01,TypeScript,163914.81410282082,7935,2200523.114944017,0.0744890217192701,7.448902171927013
2020-10-01,C,93777.83472042956,14204,2316277.845109475,0.0404864359940365,4.0486435994036505
2020-10-01,C#,322211.39612489025,4883,2316277.845109475,0.1391074032008718,13.91074032008718
2020-10-01,C++,159389.58431110406,12420,2316277.845109475,0.0688128087257039,6.8812808725703976
2020-10-01,Dart,8299.51768389533,423,2316277.845109475,0.0035831269989559,0.3583126998955977
2020-10-01,Go,99254.42920635792,5604,2316277.845109475,0.0428508304458901,4.285083044589015
2020-10-01,Haskell,6407.621966301512,902,2316277.845109475,0.0027663442793922,0.276634427939221
2020-10-01,Java,239742.50417520409,13435,2316277.845109475,0.1035033446792187,10.350334467921876
2020-10-01,JavaScript,537713.5105422136,34439,2316277.845109475,0.2321455138370066,23.214551383700663
2020-10-01,Julia,1742.9032525113212,294,2316277.845109475,0.0007524586293441,0.075245862934416
2020-10-01,Kotlin,26757.06822672711,2400,2316277.845109475,0.0115517524304008,1.1551752430400888
2020-10-01,Lua,10702.538043505909,2813,2316277.845109475,0.0046205760963016,0.4620576096301639
2020-10-01,Objective-C,9154.11905908587,4213,2316277.845109475,0.0039520816029966,0.3952081602996645
2020-10-01,PHP,131047.27211061878,9042,2316277.845109475,0.0565766634548218,5.657666345482188
2020-10-01,Perl,24591.805987869782,5499,2316277.845109475,0.0106169499655631,1.0616949965563174
2020-10-01,Python,324506.44400743727,27949,2316277.845109475,0.1400982376499396,14.009823764993964
2020-10-01,R,5175.966641533323,2003,2316277.845109475,0.0022346052536234,0.2234605253623487
2020-10-01,Ruby,88816.89631430742,12835,2316277.845109475,0.038344664264623,3.834466426462307
2020-10-01,Rust,25244.93593975544,1675,2316277.845109475,0.0108989238890562,1.0898923889056271
2020-10-01,Scala,25263.336755927503,1980,2316277.845109475,0.0109068680207203,1.0906868020720315
2020-10-01,Swift,17587.67699629961,2306,2316277.845109475,0.007593077416612,0.7593077416612064
2020-10-01,TypeScript,158890.4830434993,7362,2316277.845109475,0.0685973331649207,6.859733316492073
2021-01-01,C,92132.00080496405,13795,2419870.123805046,0.0380731180151495,3.807311801514954
2021-01-01,C#,409040.63801007374,4593,2419870.123805046,0.1690341287270785,16.903412872707857
2021-01-01,C++,157378.83163385311,11905,2419870.123805046,0.0650360654010587,6.503606540105874
2021-01-01,Dart,8648.413400373971,451,2419870.123805046,0.0035739163500126,0.3573916350012642
2021-01-01,Go,99222.46744535652,5435,2419870.123805046,0.0410032201601536,4.100322016015363
2021-01-01,Haskell,5352.397788958768,882,2419870.123805046,0.0022118533289474,0.2211853328947491
2021-01-01,Java,223603.55045061896,12265,2419870.123805046,0.092403120419959,9.240312041995908
2021-01-01,JavaScript,620283.9330524732,33397,2419870.123805046,0.2563294314643333,25.63294314643333
2021-01-01,Julia,2098.646113717522,310,2419870.123805046,0.0008672556816469,0.0867255681646903
2021-01-01,Kotlin,25206.951304563645,2338,2419870.123805046,0.010416654619847,1.0416654619847032
2021-01-01,Lua,9270.411052186322,2686,2419870.123805046,0.0038309539677316,0.3830953967731692
2021-01-01,Objective-C,8653.009176132573,3886,2419870.123805046,0.0035758155328296,0.3575815532829683
2021-01-01,PHP,121175.24903926466,8702,2419870.123805046,0.0500751043815221,5.007510438152217
2021-01-01,Perl,19026.485452556488,5257,2419870.123805046,0.0078626060404592,0.7862606040459275
2021-01-01,Python,315400.7274711191,27244,2419870.123805046,0.130337874073662,13.033787407366203
2021-01-01,R,4805.201890206576,2036,2419870.123805046,0.0019857271854948,0.1985727185494894
2021-01-01,Ruby,85231.44462707042,12663,2419870.123805046,0.035221495479704,3.522149547970409
2021-01-01,Rust,21816.97304303313,1624,2419870.123805046,0.0090157619735094,0.9015761973509444
2021-01-01,Scala,21864.518496438777,1926,2419870.123805046,0.0090354099095444,0.9035409909544496
2021-01-01,Swift,15309.262720133576,2081,2419870.123805046,0.0063264811485258,0.6326481148525865
2021-01-01,TypeScript,154349.0108319511,7264,2419870.123805046,0.0637840061388294,6.378400613882948
2021-04-01,C,79845.85244449442,12975,1808451.3362271192,0.0441515073394636,4.415150733946361
2021-04-01,C#,173995.3007290856,4345,1808451.3362271192,0.0962123211410726,9.621232114107269
2021-04-01,C++,142518.08878610664,11252,1808451.3362271192,0.0788067037974242,7.880670379742423
2021-04-01,Dart,8218.717737276713,437,1808451.3362271192,0.004544616475234,0.4544616475234003
2021-04-01,Go,95153.58143524712,5122,1808451.3362271192,0.0526160585740511,5.261605857405112
2021-04-01,Haskell,4636.77698027969,834,1808451.3362271192,0.0025639489918225,0.2563948991822564
2021-04-01,Java,202394.1107472254,11982,1808451.3362271192,0.111915707485649,11.191570748564905
2021-04-01,JavaScript,369894.1146910296,31663,1808451.3362271192,0.2045363938090372,20.45363938090372
2021-04-01,Julia,1964.8553955071588,308,1808451.3362271192,0.001086485080437,0.108648508043702
2021-04-01,Kotlin,24171.33689606796,2303,1808451.3362271192,0.0133657657310787,1.3365765731078727
2021-04-01,Lua,7372.803508799335,2564,1808451.3362271192,0.004076860328562,0.407686032856203
2021-04-01,Objective-C,7242.58890758924,3610,1808451.3362271192,0.0040048569527444,0.4004856952744489
2021-04-01,PHP,102420.98081739816,7957,1808451.3362271192,0.0566346347096482,5.663463470964825
2021-04-01,Perl,16111.30715567534,4971,1808451.3362271192,0.0089088972608395,0.8908897260839513
2021-04-01,Python,288622.6446760633,25698,1808451.3362271192,0.1595965779638849,15.959657796388491
2021-04-01,R,4560.0860660494245,1946,1808451.3362271192,0.0025215420369358,0.2521542036935814
2021-04-01,Ruby,72401.84305933553,11988,1808451.3362271192,0.0400352730587618,4.003527305876189
2021-04-01,Rust,18912.38138128976,1528,1808451.3362271192,0.0104577773271719,1.0457777327171938
2021-04-01,Scala,21252.24333625853,1904,1808451.3362271192,0.0117516257753421,1.175162577534213
2021-04-01,Swift,12942.572484777233,1993,1808451.3362271192,0.0071567159289885,0.7156715928988538
2021-04-01,TypeScript,153819.14899156307,7173,1808451.3362271192,0.0850557302318503,8.50557302318503
2021-07-01,C,74124.14385469611,12339,2695761.533396803,0.0274965507654884,2.7496550765488426
2021-07-01,C#,659514.0474446217,4068,2695761.533396803,0.2446485118487461,24.46485118487461
2021-07-01,C++,132328.47967505132,10658,2695761.533396803,0.0490876058715439,4.908760587154399
2021-07-01,Dart,7280.620307979824,410,2695761.533396803,0.0027007657086069,0.2700765708606968
2021-07-01,Go,94102.31045132592,5019,2695761.533396803,0.0349075054620102,3.490750546201021
2021-07-01,Haskell,3899.48108573788,765,2695761.533396803,0.0014465230093347,0.1446523009334704
2021-07-01,Java,188107.96656553567,10999,2695761.533396803,0.0697791567373949,6.977915673739496
2021-07-01,JavaScript,836439.2671645784,29207,2695761.533396803,0.3102793985307077,31.027939853070773
2021-07-01,Julia,1995.0757773957223,266,2695761.533396803,0.0007400787319944,0.074007873199445
2021-07-01,Kotlin,22119.96626638044,2256,2695761.533396803,0.0082054610514855,0.8205461051485554
2021-07-01,Lua,6368.480416839112,2467,2695761.533396803,0.0023624049597645,0.2362404959764556
2021-07-01,Objective-C,5986.357606161444,3409,2695761.533396803,0.0022206554741577,0.2220655474157729
2021-07-01,PHP,98095.20016821244,7268,2695761.533396803,0.0363886786546016,3.638867865460164
2021-07-01,Perl,16671.191506949788,4702,2695761.533396803,0.0061842233819336,0.6184223381933639
2021-07-01,Python,281517.6958952226,24030,2695761.533396803,0.1044297473673405,10.442974736734053
2021-07-01,R,3669.724752586922,1766,2695761.533396803,0.0013612942788611,0.136129427886111
2021-07-01,Ruby,66810.78762325477,11114,2695761.533396803,0.0247836415779216,2.478364157792163
2021-07-01,Rust,17006.698320899966,1481,2695761.533396803,0.0063086805380261,0.6308680538026159
2021-07-01,Scala,17511.784321371593,1746,2695761.533396803,0.0064960435500041,0.6496043550004148
2021-07-01,Swift,13332.880982647868,1898,2695761.533396803,0.0049458681034919,0.4945868103491977
2021-07-01,TypeScript,148879.3732093533,6783,2695761.533396803,0.0552272043965837,5.522720439658377
2021-10-01,C,64811.78033756577,11568,3571694.793305264,0.0181459458571454,1.814594585714549
2021-10-01,C#,1238440.4573242988,3740,3571694.793305264,0.346737481501951,34.6737481501951
2021-10-01,C++,106346.85709498804,9831,3571694.793305264,0.0297749005022274,2.977490050222744
2021-10-01,Dart,5792.972277090979,373,3571694.793305264,0.001621911336867,0.1621911336867094
2021-10-01,Go,66323.7156648267,4645,3571694.793305264,0.0185692561943262,1.856925619432628
2021-10-01,Haskell,3728.6301082109767,810,3571694.793305264,0.001043938612896,0.1043938612896004
2021-10-01,Java,150469.78625989868,10522,3571694.793305264,0.0421283998123068,4.2128399812306805
2021-10-01,JavaScript,1352143.452342515,26032,3571694.793305264,0.3785719470983227,37.85719470983228
2021-10-01,Julia,1063.425827153491,267,3571694.793305264,0.0002977370376513,0.0297737037651358
2021-10-01,Kotlin,17595.3899479504,2143,3571694.793305264,0.0049263419654251,0.4926341965425198
2021-10-01,Lua,5239.315174393308,2340,3571694.793305264,0.001466898903068,0.1466898903068036
2021-10-01,Objective-C,4758.439767295813,2946,3571694.793305264,0.0013322638250656,0.1332263825065615
2021-10-01,PHP,82963.30994012915,6670,3571694.793305264,0.0232279953190945,2.322799531909458
2021-10-01,Perl,14307.919537009146,4383,3571694.793305264,0.0040059188606562,0.4005918860656212
2021-10-01,Python,241807.04604256808,22095,3571694.793305264,0.0677009263209745,6.770092632097454
2021-10-01,R,2633.16241049994,1616,3571694.793305264,0.00073723052021,0.0737230520210042
2021-10-01,Ruby,53644.11289720608,9735,3571694.793305264,0.015019232045738,1.501923204573803
2021-10-01,Rust,13992.227486451566,1466,3571694.793305264,0.0039175316750687,0.3917531675068768
2021-10-01,Scala,15195.855698522855,1646,3571694.793305264,0.0042545224544397,0.4254522454439769
2021-10-01,Swift,11264.078376175528,1670,3571694.793305264,0.0031537068613165,0.3153706861316583
2021-10-01,TypeScript,119172.85879051324,6258,3571694.793305264,0.0333659132952483,3.3365913295248304
2022-01-01,C,80707.23644552367,12080,4084443.240504392,0.01975966654284,1.975966654284001
2022-01-01,C#,1350131.0579705727,3947,4084443.240504392,0.3305544913886094,33.055449138860936
2022-01-01,C++,133736.36242051516,10351,4084443.240504392,0.0327428622570355,3.2742862257035528
2022-01-01,Dart,8617.374237642434,414,4084443.240504392,0.0021098038900837,0.2109803890083747
2022-01-01,Go,93682.30845438692,5135,4084443.240504392,0.0229363717251259,2.2936371725125992
2022-01-01,Haskell,3597.3629243663554,805,4084443.240504392,0.0008807474391349,0.0880747439134963
2022-01-01,Java,189088.32147869747,10974,4084443.240504392,0.0462947604715267,4.629476047152678
2022-01-01,JavaScript,1493218.0714756106,27995,4084443.240504392,0.3655866867404948,36.558668674049486
2022-01-01,Julia,1696.2474543374935,263,4084443.240504392,0.0004152946569354,0.0415294656935426
2022-01-01,Kotlin,21592.282865908503,2264,4084443.240504392,0.0052864690716676,0.528646907166766
2022-01-01,Lua,7500.8516731533955,2469,4084443.240504392,0.0018364440956773,0.1836444095677311
2022-01-01,Objective-C,5893.236114078807,3111,4084443.240504392,0.0014428493106813,0.1442849310681336
2022-01-01,PHP,106836.08920258348,7342,4084443.240504392,0.0261568304201456,2.615683042014563
2022-01-01,Perl,17702.122393240763,4651,4084443.240504392,0.0043340355957681,0.4334035595768178
2022-01-01,Python,308716.6214076871,23495,4084443.240504392,0.0755835258882342,7.558352588823425
2022-01-01,R,3034.7973593238,1723,4084443.240504392,0.0007430137183027,0.0743013718302774
2022-01-01,Ruby,63710.70612825677,10738,4084443.240504392,0.0155983820503254,1.5598382050325437
2022-01-01,Rust,18255.0474477634,1567,4084443.240504392,0.004469409016811,0.4469409016811081
2022-01-01,Scala,17822.140749552873,1752,4084443.240504392,0.0043634198592393,0.4363419859239371
2022-01-01,Swift,12970.11227124898,1796,4084443.240504392,0.0031754908827297,0.3175490882729781
2022-01-01,TypeScript,145934.89002994145,6806,4084443.240504392,0.0357294449786306,3.572944497863063
2022-04-01,C,70304.07607695206,11523,3797178.056197307,0.0185148220695655,1.8514822069565584
2022-04-01,C#,1270506.3857594072,3899,3797178.056197307,0.3345922595559711,33.45922595559711
2022-04-01,C++,120958.11237477358,9795,3797178.056197307,0.0318547380672233,3.1854738067223365
2022-04-01,Dart,13368.656395150014,425,3797178.056197307,0.0035206819899665,0.352068198996654
2022-04-01,Go,91629.68181729528,4974,3797178.056197307,0.0241309942439354,2.4130994243935464
2022-04-01,Haskell,3708.157228221434,776,3797178.056197307,0.000976556056456,0.0976556056456034
2022-04-01,Java,170243.0498134677,10305,3797178.056197307,0.0448340971357972,4.483409713579721
2022-04-01,JavaScript,1396197.1163008593,26346,3797178.056197307,0.3676933490180031,36.76933490180031
2022-04-01,Julia,2005.434332799876,251,3797178.056197307,0.0005281380812592,0.0528138081259276
2022-04-01,Kotlin,21888.0392349772,2211,3797178.056197307,0.0057642909842624,0.576429098426241
2022-04-01,Lua,8432.464626274681,2425,3797178.056197307,0.0022207187815467,0.2220718781546787
2022-04-01,Objective-C,6053.199084155353,2884,3797178.056197307,0.0015941309558228,0.1594130955822847
2022-04-01,PHP,87998.87493526617,6713,3797178.056197307,0.0231748086692023,2.317480866920232
2022-04-01,Perl,12102.75321705331,4493,3797178.056197307,0.0031873020011006,0.3187302001100691
2022-04-01,Python,268054.30671220046,22138,3797178.056197307,0.0705930305993193,7.059303059931935
2022-04-01,R,2642.6544874940114,1650,3797178.056197307,0.0006959522172474,0.0695952217247485
2022-04-01,Ruby,60862.92062367324,10167,3797178.056197307,0.0160284610631676,1.6028461063167674
2022-04-01,Rust,20181.92405558845,1544,3797178.056197307,0.0053149796393271,0.5314979639327129
2022-04-01,Scala,16288.691106464226,1606,3797178.056197307,0.0042896832504021,0.4289683250402161
2022-04-01,Swift,12968.526026217563,1764,3797178.056197307,0.0034153062706795,0.341530627067958
2022-04-01,TypeScript,140783.0319890158,6631,3797178.056197307,0.0370756993497437,3.707569934974378
2022-07-01,C,71991.81040209085,11324,4418922.320173381,0.0162917121383718,1.6291712138371823
2022-07-01,C#,1486036.0496114327,3792,4418922.320173381,0.3362892447390038,33.62892447390038
2022-07-01,C++,122538.0994652008,9566,4418922.320173381,0.0277303130914491,2.7730313091449155
2022-07-01,Dart,11590.58835492805,416,4418922.320173381,0.0026229445813098,0.2622944581309879
2022-07-01,Go,99461.29915111224,4964,4418922.320173381,0.0225080442570915,2.2508044257091573
2022-07-01,Haskell,3883.671213734885,792,4418922.320173381,0.0008788729315301,0.0878872931530171
2022-07-01,Java,185282.369465436,10094,4418922.320173381,0.0419293112756429,4.192931127564294
2022-07-01,JavaScript,1595819.3700442158,25249,4418922.320173381,0.3611331574576314,36.113315745763146
2022-07-01,Julia,1856.921678804976,277,4418922.320173381,0.0004202204846027,0.0420220484602706
2022-07-01,Kotlin,21396.606223062023,2207,4418922.320173381,0.0048420417180409,0.4842041718040996
2022-07-01,Lua,8001.883214725943,2406,4418922.320173381,0.0018108223306382,0.1810822330638294
2022-07-01,Objective-C,5583.664986624696,2875,4418922.320173381,0.0012635807063486,0.1263580706348695
2022-07-01,PHP,81581.96989316717,6424,4418922.320173381,0.0184619606279854,1.8461960627985472
2022-07-01,Perl,11302.28078471368,4395,4418922.320173381,0.0025577007165562,0.2557700716556208
2022-07-01,Python,451300.8623372275,21652,4418922.320173381,0.1021291685253069,10.212916852530691
2022-07-01,R,2604.922490052319,1609,4418922.320173381,0.0005894927091522,0.0589492709152242
2022-07-01,Ruby,60563.52144801773,9790,4418922.320173381,0.0137054958335727,1.3705495833572712
2022-07-01,Rust,24328.326329648706,1582,4418922.320173381,0.0055054885709541,0.5505488570954142
2022-07-01,Scala,20667.13731358588,1641,4418922.320173381,0.004676963253967,0.4676963253967086
2022-07-01,Swift,12232.525866209222,1725,4418922.320173381,0.0027682147319867,0.2768214731986795
2022-07-01,TypeScript,140898.4398993896,6635,4418922.320173381,0.0318852493188568,3.1885249318856848
2022-10-01,C,66715.63243467054,11121,3854416.022520425,0.0173088820835289,1.7308882083528907
2022-10-01,C#,1187691.9236124023,3665,3854416.022520425,0.3081379686761897,30.81379686761897
2022-10-01,C++,119474.4097680773,9417,3854416.022520425,0.0309967603574749,3.099676035747493
2022-10-01,Dart,10473.666112156248,409,3854416.022520425,0.0027173159438319,0.2717315943831994
2022-10-01,Go,97869.13319468772,4836,3854416.022520425,0.0253914296284734,2.53914296284734
2022-10-01,Haskell,3167.3498060581,746,3854416.022520425,0.000821745703513,0.0821745703513071
2022-10-01,Java,177329.6507905623,9886,3854416.022520425,0.0460068787993999,4.600687879939993
2022-10-01,JavaScript,1308851.9799000183,25284,3854416.022520425,0.3395720576742913,33.95720576742913
2022-10-01,Julia,1678.8849298220157,238,3854416.022520425,0.0004355743957094,0.0435574395709413
2022-10-01,Kotlin,19059.819286021346,2208,3854416.022520425,0.0049449304835439,0.4944930483543917
2022-10-01,Lua,7942.271027672572,2449,3854416.022520425,0.0020605640338945,0.2060564033894575
2022-10-01,Objective-C,4964.474960211288,2760,3854416.022520425,0.0012879966592098,0.1287996659209866
2022-10-01,PHP,88872.9772751644,6493,3854416.022520425,0.023057442880037,2.305744288003708
2022-10-01,Perl,11316.064407933836,4358,3854416.022520425,0.0029358700103509,0.2935870010350931
2022-10-01,Python,482985.1469965637,21568,3854416.022520425,0.1253069580903041,12.530695809030416
2022-10-01,R,2705.3477768246207,1572,3854416.022520425,0.0007018826616063,0.0701882661606304
2022-10-01,Ruby,78585.73961895629,9582,3854416.022520425,0.0203884944333457,2.0388494433345734
2022-10-01,Rust,18292.322063485582,1590,3854416.022520425,0.0047458089517602,0.4745808951760253
2022-10-01,Scala,17618.501475509867,1619,3854416.022520425,0.0045709911365481,0.4570991136548106
2022-10-01,Swift,11476.523652951637,1629,3854416.022520425,0.0029774999859633,0.2977499985963391
2022-10-01,TypeScript,137344.2034306749,6449,3854416.022520425,0.035632947411023,3.563294741102305
2023-01-01,C,73156.16778911225,11186,3635243.474043233,0.020124145277055,2.012414527705503
2023-01-01,C#,1140276.0503769466,3561,3635243.474043233,0.3136725389974211,31.36725389974211
2023-01-01,C++,127290.51350748492,9527,3635243.474043233,0.0350156776062947,3.5015677606294795
2023-01-01,Dart,11893.806516651292,379,3635243.474043233,0.0032718046539597,0.3271804653959703
2023-01-01,Go,116769.2222270828,5222,3635243.474043233,0.0321214309470194,3.2121430947019447
2023-01-01,Haskell,4448.525665524918,783,3635243.474043233,0.0012237215188717,0.1223721518871781
2023-01-01,Java,175903.9925051511,9812,3635243.474043233,0.0483885037580454,4.838850375804542
2023-01-01,JavaScript,1272240.4347517788,25125,3635243.474043233,0.3499739271484758,34.997392714847585
2023-01-01,Julia,2097.2805303943446,244,3635243.474043233,0.0005769298660102,0.0576929866010235
2023-01-01,Kotlin,21359.98447957091,2146,3635243.474043233,0.0058758057423355,0.5875805742335508
2023-01-01,Lua,7767.703223426799,2430,3635243.474043233,0.0021367766090196,0.2136776609019618
2023-01-01,Objective-C,5287.945178300447,2920,3635243.474043233,0.0014546330159336,0.14546330159336
2023-01-01,PHP,97533.90912284685,6639,3635243.474043233,0.0268300898741086,2.683008987410864
2023-01-01,Perl,11573.137332925353,4431,3635243.474043233,0.0031835934554483,0.3183593455448347
2023-01-01,Python,299079.5039568027,21653,3635243.474043233,0.0822722071003835,8.227220710038356
2023-01-01,R,2717.444891603607,1614,3635243.474043233,0.0007475276170652,0.0747527617065268
2023-01-01,Ruby,70874.74889573897,9865,3635243.474043233,0.0194965617576392,1.9496561757639257
2023-01-01,Rust,19686.647327312046,1567,3635243.474043233,0.005415496229587,0.5415496229587046
2023-01-01,Scala,21191.62531531239,1614,3635243.474043233,0.0058294927056817,0.5829492705681799
2023-01-01,Swift,11558.09886788194,1658,3635243.474043233,0.0031794566032262,0.3179456603226263
2023-01-01,TypeScript,142536.7315813844,6385,3635243.474043233,0.0392096795164177,3.920967951641779
2023-04-01,C,64951.142584482106,10538,1371651.6776709922,0.0473525047516192,4.73525047516192
2023-04-01,C#,73001.004422589,3228,1371651.6776709922,0.0532212409396397,5.3221240939639785
2023-04-01,C++,115177.8333550142,8966,1371651.6776709922,0.0839701764157657,8.39701764157657
2023-04-01,Dart,11620.57263172474,372,1371651.6776709922,0.0084719559789814,0.847195597898148
2023-04-01,Go,110737.37380463252,4828,1371651.6776709922,0.0807328679775757,8.073286797757575
2023-04-01,Haskell,3414.9765430283032,733,1371651.6776709922,0.0024896820370801,0.2489682037080136
2023-04-01,Java,158902.14301589763,9394,1371651.6776709922,0.1158472997209516,11.584729972095168
2023-04-01,JavaScript,206555.5748107144,23642,1371651.6776709922,0.1505889419108481,15.058894191084812
2023-04-01,Julia,1346.494146289372,225,1371651.6776709922,0.0009816589504528,0.0981658950452831
2023-04-01,Kotlin,20832.19734796039,2080,1371651.6776709922,0.015187673144054,1.5187673144054037
2023-04-01,Lua,7292.205331737616,2352,1371651.6776709922,0.0053163681789238,0.5316368178923878
2023-04-01,Objective-C,4295.088508438613,2703,1371651.6776709922,0.003131325961509,0.3131325961509044
2023-04-01,PHP,83890.2841307292,6125,1371651.6776709922,0.0611600492285121,6.116004922851218
2023-04-01,Perl,9901.46965692205,4188,1371651.6776709922,0.0072186472834957,0.7218647283495716
2023-04-01,Python,257941.81381512425,20497,1371651.6776709922,0.188051979969943,18.80519799699431
2023-04-01,R,2494.7926547714424,1524,1371651.6776709922,0.0018188237548817,0.1818823754881776
2023-04-01,Ruby,70666.47022997389,9105,1371651.6776709922,0.0515192533063223,5.151925330632237
2023-04-01,Rust,18556.78063907746,1463,1371651.6776709922,0.0135287849977963,1.352878499779631
2023-04-01,Scala,15803.51983831272,1514,1371651.6776709922,0.0115215255414891,1.1521525541489106
2023-04-01,Swift,9784.073591924667,1515,1371651.6776709922,0.0071330599095957,0.7133059909595721
2023-04-01,TypeScript,124485.86661164774,6078,1371651.6776709922,0.0907561800405621,9.07561800405622
2023-07-01,C,66953.78215445382,10094,1298149.717706658,0.051576317616689,5.157631761668905
2023-07-01,C#,41736.431143819966,3198,1298149.717706658,0.0321507069443057,3.2150706944305725
2023-07-01,C++,114661.62019827576,8594,1298149.717706658,0.0883269615471162,8.832696154711622
2023-07-01,Dart,11163.663071987712,390,1298149.717706658,0.0085996729958927,0.8599672995892726
2023-07-01,Go,111899.3190040278,4746,1298149.717706658,0.0861990858817978,8.619908588179781
2023-07-01,Haskell,3127.6279585936777,698,1298149.717706658,0.0024092967983069,0.2409296798306915
2023-07-01,Java,153643.82274869923,9023,1298149.717706658,0.1183560113698827,11.83560113698827
2023-07-01,JavaScript,182802.558576774,22397,1298149.717706658,0.1408177778597967,14.081777785979671
2023-07-01,Julia,1560.0801991170545,223,1298149.717706658,0.0012017721668292,0.1201772166829207
2023-07-01,Kotlin,19424.86782516608,1995,1298149.717706658,0.0149635034851623,1.4963503485162335
2023-07-01,Lua,6839.906304118928,2233,1298149.717706658,0.0052689656753941,0.5268965675394106
2023-07-01,Objective-C,4412.116331680314,2615,1298149.717706658,0.0033987730933492,0.339877309334925
2023-07-01,PHP,81617.59119395744,5887,1298149.717706658,0.0628722481549701,6.287224815497015
2023-07-01,Perl,11178.216203394491,4116,1298149.717706658,0.0086108836684432,0.8610883668443262
2023-07-01,Python,248620.5030584272,19524,1298149.717706658,0.1915191288549105,19.151912885491058
2023-07-01,R,2400.2472031111333,1472,1298149.717706658,0.0018489756384583,0.1848975638458302
2023-07-01,Ruby,68198.12982421716,8683,1298149.717706658,0.0525348724372852,5.253487243728527
2023-07-01,Rust,19904.1934704344,1461,1298149.717706658,0.0153327410536264,1.5332741053626402
2023-07-01,Scala,18281.895647278285,1454,1298149.717706658,0.0140830409604644,1.4083040960464497
2023-07-01,Swift,10479.281276990305,1501,1298149.717706658,0.0080724751036446,0.8072475103644634
2023-07-01,TypeScript,119243.86431213316,5839,1298149.717706658,0.0918567886936741,9.18567886936741
2023-10-01,C,63496.60108321768,9987,1291849.4496903098,0.0491517034732177,4.915170347321778
2023-10-01,C#,42575.76536352524,3183,1291849.4496903098,0.0329572191045417,3.295721910454177
2023-10-01,C++,110488.38318404282,8418,1291849.4496903098,0.0855272905140221,8.552729051402219
2023-10-01,Dart,11383.779064102451,374,1291849.4496903098,0.0088120013263398,0.8812001326339877
2023-10-01,Go,105924.46897716068,4640,1291849.4496903098,0.0819944375117035,8.199443751170351
2023-10-01,Haskell,3450.376520803187,697,1291849.4496903098,0.0026708812870031,0.2670881287003166
2023-10-01,Java,164930.66978216433,8933,1291849.4496903098,0.1276701939391641,12.767019393916415
2023-10-01,JavaScript,178261.46206082334,22279,1291849.4496903098,0.1379893470586354,13.79893470586354
2023-10-01,Julia,1124.7088411731415,226,1291849.4496903098,0.0008706191278269,0.087061912782698
2023-10-01,Kotlin,19349.275870311365,1941,1291849.4496903098,0.0149779650213497,1.4977965021349735
2023-10-01,Lua,7250.175458601462,2249,1291849.4496903098,0.0056122448791068,0.5612244879106865
2023-10-01,Objective-C,4211.17459560117,2559,1291849.4496903098,0.0032598029101693,0.3259802910169369
2023-10-01,PHP,87605.59150673919,5911,1291849.4496903098,0.0678140874137776,6.781408741377762
2023-10-01,Perl,11548.84106785916,4075,1291849.4496903098,0.0089397731838084,0.893977318380847
2023-10-01,Python,241064.82778583776,19227,1291849.4496903098,0.1866044281271531,18.660442812715317
2023-10-01,R,2502.7577676604096,1464,1291849.4496903098,0.0019373447643302,0.1937344764330229
2023-10-01,Ruby,63903.33145462201,8484,1291849.4496903098,0.0494665469493688,4.946654694936884
2023-10-01,Rust,17303.78032356941,1478,1291849.4496903098,0.0133945796297839,1.3394579629783934
2023-10-01,Scala,25901.806534712752,1423,1291849.4496903098,0.0200501742218662,2.0050174221866253
2023-10-01,Swift,11172.691146114705,1467,1291849.4496903098,0.0086486015447025,0.8648601544702513
2023-10-01,TypeScript,118398.9813016676,5781,1291849.4496903098,0.0916507580121282,9.165075801212822
2024-01-01,C,68399.76834166776,10054,1342725.1084561776,0.0509410063987792,5.094100639877929
2024-01-01,C#,43682.22086393304,3148,1342725.1084561776,0.0325325121194445,3.253251211944451
2024-01-01,C++,118132.042537973,8512,1342725.1084561776,0.0879793204089238,8.79793204089238
2024-01-01,Dart,9587.016864946503,353,1342725.1084561776,0.0071399699049117,0.7139969904911772
2024-01-01,Go,108754.52324823732,4649,1342725.1084561776,0.0809953746774571,8.09953746774571
2024-01-01,Haskell,2704.1229264247936,703,1342725.1084561776,0.0020139065765545,0.2013906576554532
2024-01-01,Java,181463.60016225048,8777,1342725.1084561776,0.1351457562083511,13.514575620835116
2024-01-01,JavaScript,177928.7257786674,22190,1342725.1084561776,0.1325131440963699,13.251314409636992
2024-01-01,Julia,1183.6188917653565,217,1342725.1084561776,0.0008815049963028,0.0881504996302812
2024-01-01,Kotlin,22094.53631373789,1930,1342725.1084561776,0.0164549960186128,1.6454996018612835
2024-01-01,Lua,7066.30914622817,2179,1342725.1084561776,0.0052626625522425,0.5262662552242571
2024-01-01,Objective-C,4476.695543942625,2529,1342725.1084561776,0.0033340372617964,0.3334037261796486
2024-01-01,PHP,92273.49037024916,5892,1342725.1084561776,0.0687210582338348,6.872105823383482
2024-01-01,Perl,12393.725718846685,4114,1342725.1084561776,0.0092302777692871,0.9230277769287112
2024-01-01,Python,248035.6679535047,19101,1342725.1084561776,0.1847255751690591,18.472557516905912
2024-01-01,R,2896.1360313966024,1486,1342725.1084561776,0.0021569091194894,0.2156909119489459
2024-01-01,Ruby,72209.79298684561,8672,1342725.1084561776,0.0537785377901141,5.377853779011411
2024-01-01,Rust,18841.20339392975,1416,1342725.1084561776,0.0140320630598714,1.40320630598714
2024-01-01,Scala,17863.421829289164,1442,1342725.1084561776,0.0133038562523255,1.3303856252325508
2024-01-01,Swift,13034.837520992796,1434,1342725.1084561776,0.009707748398315,0.9707748398315004
2024-01-01,TypeScript,119703.65203134873,5640,1342725.1084561776,0.0891497829879566,8.91497829879566
2024-04-01,C,66267.59726217428,9842,1401185.4713653417,0.0472939511695064,4.729395116950641
2024-04-01,C#,46402.457937666346,2999,1401185.4713653417,0.0331165708508602,3.3116570850860247
2024-04-01,C++,127540.78551417823,8317,1401185.4713653417,0.0910234855560556,9.10234855560557
2024-04-01,Dart,10289.966723892128,331,1401185.4713653417,0.007343757792368,0.7343757792368053
2024-04-01,Go,127771.47496801012,4606,1401185.4713653417,0.0911881243269723,9.118812432697236
2024-04-01,Haskell,2722.880250867312,683,1401185.4713653417,0.0019432689722468,0.1943268972246826
2024-04-01,Java,178194.53310283003,8394,1401185.4713653417,0.1271741227299437,12.717412272994377
2024-04-01,JavaScript,188505.9946668916,21434,1401185.4713653417,0.1345332209898007,13.453322098980076
2024-04-01,Julia,1146.3195514554427,209,1401185.4713653417,0.0008181069350786,0.0818106935078657
2024-04-01,Kotlin,21123.92964665313,1823,1401185.4713653417,0.0150757555500982,1.5075755550098286
2024-04-01,Lua,7274.602660497386,2150,1401185.4713653417,0.0051917485651695,0.5191748565169517
2024-04-01,Objective-C,5606.730413651902,2491,1401185.4713653417,0.0040014191755703,0.4001419175570382
2024-04-01,PHP,90141.11785087296,5637,1401185.4713653417,0.0643320386151576,6.433203861515762
2024-04-01,Perl,13379.527109060706,4001,1401185.4713653417,0.0095487195538956,0.9548719553895632
2024-04-01,Python,251281.86577232264,18705,1401185.4713653417,0.1793351921694341,17.93351921694341
2024-04-01,R,2707.603155467221,1431,1401185.4713653417,0.0019323659935103,0.1932365993510396
2024-04-01,Ruby,76541.01899689049,8312,1401185.4713653417,0.054625901110941,5.462590111094107
2024-04-01,Rust,21523.62231688236,1370,1401185.4713653417,0.0153610087720288,1.5361008772028828
2024-04-01,Scala,21427.366140006136,1392,1401185.4713653417,0.015292312529566,1.529231252956606
2024-04-01,Swift,14842.94864494744,1434,1401185.4713653417,0.01059313627516,1.0593136275160056
2024-04-01,TypeScript,126493.12868012353,5515,1401185.4713653417,0.0902757923666352,9.027579236663524
2024-07-01,C,60028.99396152295,9379,1301148.1268263666,0.0461354035900123,4.613540359001232
2024-07-01,C#,38461.02546208848,2924,1301148.1268263666,0.0295592981837501,2.955929818375012
2024-07-01,C++,114925.01968117018,7890,1301148.1268263666,0.0883258541527351,8.832585415273513
2024-07-01,Dart,8457.72507541231,328,1301148.1268263666,0.0065002015535629,0.6500201553562981
2024-07-01,Go,104191.80348724556,4408,1301148.1268263666,0.080076819340608,8.007681934060807
2024-07-01,Haskell,2781.862579846348,677,1301148.1268263666,0.0021380060597955,0.2138006059795509
2024-07-01,Java,160921.81071523228,8106,1301148.1268263666,0.123676780066338,12.367678006633804
2024-07-01,JavaScript,169833.92131940584,20502,1301148.1268263666,0.1305262005284887,13.052620052848871
2024-07-01,Julia,1088.8772508628222,206,1301148.1268263666,0.0008368587929482,0.0836858792948275
2024-07-01,Kotlin,20636.73236426079,1793,1301148.1268263666,0.0158604020086443,1.586040200864439
2024-07-01,Lua,6183.504788213412,2147,1301148.1268263666,0.0047523449949512,0.47523449949512
2024-07-01,Objective-C,5136.480619996621,2312,1301148.1268263666,0.0039476524725321,0.3947652472532103
2024-07-01,PHP,78703.8343584746,5375,1301148.1268263666,0.0604879895961125,6.048798959611255
2024-07-01,Perl,11944.703951270392,3798,1301148.1268263666,0.009180126155509,0.9180126155509094
2024-07-01,Python,242565.0528638462,17654,1301148.1268263666,0.1864238574092922,18.64238574092922
2024-07-01,R,2774.484735164217,1387,1301148.1268263666,0.0021323358024819,0.2132335802481973
2024-07-01,Ruby,76339.95955073152,7923,1301148.1268263666,0.0586712288760946,5.867122887609461
2024-07-01,Rust,17580.524354070447,1353,1301148.1268263666,0.0135115472186484,1.351154721864846
2024-07-01,Scala,53829.66769746158,1332,1301148.1268263666,0.0413708989680964,4.137089896809646
2024-07-01,Swift,11960.471820608029,1300,1301148.1268263666,0.0091922445830828,0.9192244583082824
2024-07-01,TypeScript,112801.6701894821,5397,1301148.1268263666,0.086693949646315,8.669394964631499
2024-10-01,C,59342.84594517524,9024,1185533.7813651003,0.0500558034515423,5.005580345154234
2024-10-01,C#,39507.178276778046,2848,1185533.7813651003,0.0333243800368867,3.332438003688677
2024-10-01,C++,107586.08407710608,7616,1185533.7813651003,0.090749066596166,9.074906659616603
2024-10-01,Dart,8181.747496423035,313,1185533.7813651003,0.0069013195785969,0.6901319578596943
2024-10-01,Go,95716.26834532866,4253,1185533.7813651003,0.0807368544446829,8.07368544446829
2024-10-01,Haskell,2882.4914615781486,652,1185533.7813651003,0.0024313870316365,0.2431387031636552
2024-10-01,Java,146529.33325984358,7935,1185533.7813651003,0.1235977713693828,12.359777136938282
2024-10-01,JavaScript,155244.2528395376,19724,1185533.7813651003,0.1309488226145519,13.0948822614552
2024-10-01,Julia,1049.2393495088363,207,1185533.7813651003,0.0008850353874359,0.0885035387435922
2024-10-01,Kotlin,19213.55192701133,1727,1185533.7813651003,0.0162066676032526,1.6206667603252602
2024-10-01,Lua,5468.545355528864,2033,1185533.7813651003,0.0046127284110217,0.4612728411021764
2024-10-01,Objective-C,4397.606074811053,2198,1185533.7813651003,0.003709389090328,0.3709389090328041
2024-10-01,PHP,81709.97694422666,5310,1185533.7813651003,0.0689225210015867,6.892252100158672
2024-10-01,Perl,10579.527578363091,3688,1185533.7813651003,0.0089238516393696,0.8923851639369682
2024-10-01,Python,216773.8312515276,16888,1185533.7813651003,0.1828491390620013,18.28491390620014
2024-10-01,R,2436.9897887370976,1342,1185533.7813651003,0.0020556055230505,0.2055605523050544
2024-10-01,Ruby,71596.98435095216,7622,1185533.7813651003,0.0603921925096986,6.039219250969866
2024-10-01,Rust,17120.781501918704,1343,1185533.7813651003,0.0144414117682962,1.444141176829624
2024-10-01,Scala,20226.016675581675,1276,1185533.7813651003,0.017060683544835,1.7060683544835076
2024-10-01,Swift,11869.196575334085,1240,1185533.7813651003,0.0100116898918452,1.0011689891845277
2024-10-01,TypeScript,108101.33228982892,5092,1185533.7813651003,0.0911836794438316,9.118367944383165
2025-01-01,C,62111.3846193576,8902,1231174.4815220695,0.0504488888874393,5.044888888743932
2025-01-01,C#,37393.245782216734,2730,1231174.4815220695,0.0303720117200515,3.037201172005159
2025-01-01,C++,111823.91104857573,7506,1231174.4815220695,0.0908270214554241,9.082702145542417
2025-01-01,Dart,7990.93035102146,296,1231174.4815220695,0.006490493809734,0.6490493809734001
2025-01-01,Go,103731.6805659878,4237,1231174.4815220695,0.0842542483805764,8.425424838057639
2025-01-01,Haskell,3140.4594297306808,642,1231174.4815220695,0.0025507833998055,0.2550783399805534
2025-01-01,Java,144924.8150394129,7550,1231174.4815220695,0.1177126534171225,11.771265341712253
2025-01-01,JavaScript,159784.85155044383,19410,1231174.4815220695,0.1297824589029053,12.978245890290538
2025-01-01,Julia,1296.6266558248767,193,1231174.4815220695,0.0010531623870419,0.1053162387041916
2025-01-01,Kotlin,20417.339264769227,1665,1231174.4815220695,0.0165836277239338,1.658362772393381
2025-01-01,Lua,4939.268987069343,2049,1231174.4815220695,0.0040118350901515,0.401183509015152
2025-01-01,Objective-C,4258.143253342646,2152,1231174.4815220695,0.0034586025922811,0.3458602592281162
2025-01-01,PHP,77283.80051216246,5322,1231174.4815220695,0.0627724190779348,6.2772419077934805
2025-01-01,Perl,11949.185749699283,3669,1231174.4815220695,0.0097055177223351,0.9705517722335189
2025-01-01,Python,217289.22254164776,16651,1231174.4815220695,0.1764893813206871,17.648938132068707
2025-01-01,R,2326.4705324730376,1353,1231174.4815220695,0.0018896351145914,0.188963511459146
2025-01-01,Ruby,83324.13530309414,7569,1231174.4815220695,0.0676785756638511,6.767857566385119
2025-01-01,Rust,17001.446254590363,1306,1231174.4815220695,0.0138091282021796,1.3809128202179686
2025-01-01,Scala,33484.84745480112,1236,1231174.4815220695,0.027197483344038,2.719748334403801
2025-01-01,Swift,12966.88190454828,1182,1231174.4815220695,0.0105321236747188,1.0532123674718838
2025-01-01,TypeScript,113735.8347213002,5161,1231174.4815220695,0.0923799481131963,9.237994811319634
2025-04-01,C,47739.96102145093,8461,985177.1571459408,0.0484582500468785,4.845825004687852
2025-04-01,C#,29876.80495168608,2550,985177.1571459408,0.0303263273361302,3.03263273361303
2025-04-01,C++,93688.40562703396,7192,985177.1571459408,0.0950980287631204,9.50980287631205
2025-04-01,Dart,6918.423272487728,272,985177.1571459408,0.0070225169374921,0.7022516937492144
2025-04-01,Go,82633.88366725131,4082,985177.1571459408,0.0838771819544027,8.387718195440277
2025-04-01,Haskell,3009.3482044719185,599,985177.1571459408,0.0030546264523529,0.3054626452352999
2025-04-01,Java,125888.52796725102,7249,985177.1571459408,0.127782629808379,12.778262980837903
2025-04-01,JavaScript,130789.91945269782,18054,985177.1571459408,0.1327577669701522,13.27577669701522
2025-04-01,Julia,1122.6934805207595,206,985177.1571459408,0.0011395853754599,0.1139585375459986
2025-04-01,Kotlin,17624.578571978825,1559,985177.1571459408,0.0178897556080545,1.788975560805454
2025-04-01,Lua,3780.810419375897,1987,985177.1571459408,0.0038376959838664,0.3837695983866402
2025-04-01,Objective-C,4245.24359334911,2028,985177.1571459408,0.0043091169568401,0.4309116956840112
2025-04-01,PHP,61177.96166466186,4838,985177.1571459408,0.0620984370383642,6.209843703836422
2025-04-01,Perl,8995.414079758315,3537,985177.1571459408,0.0091307578687857,0.9130757868785792
2025-04-01,Python,170426.35548913677,15770,985177.1571459408,0.1729905674862195,17.29905674862195
2025-04-01,R,2011.455998203088,1334,985177.1571459408,0.002041720094313,0.2041720094313065
2025-04-01,Ruby,59899.32666483008,6970,985177.1571459408,0.0608005638684909,6.08005638684909
2025-04-01,Rust,13144.390502973358,1252,985177.1571459408,0.0133421592326122,1.3342159232612203
2025-04-01,Scala,20368.6463006787,1183,985177.1571459408,0.0206751102103165,2.067511021031658
2025-04-01,Swift,10732.009973491811,1102,985177.1571459408,0.0108934823505068,1.0893482350506842
2025-04-01,TypeScript,91102.99624265153,4883,985177.1571459408,0.0924737196572614,9.247371965726144
2025-07-01,C,34934.15978608932,7802,715628.5352684454,0.0488160519940486,4.881605199404867
2025-07-01,C#,21879.69539680895,2291,715628.5352684454,0.0305740958032109,3.057409580321092
2025-07-01,C++,67796.01059921924,6547,715628.5352684454,0.0947363153619743,9.473631536197438
2025-07-01,Dart,4256.21838783872,271,715628.5352684454,0.0059475246976312,0.59475246976312
2025-07-01,Go,60147.9051650308,3741,715628.5352684454,0.0840490592545589,8.404905925455896
2025-07-01,Haskell,2138.906699773355,568,715628.5352684454,0.0029888504920657,0.2988850492065708
2025-07-01,Java,88033.02824747331,6724,715628.5352684454,0.1230149776160763,12.301497761607632
2025-07-01,JavaScript,91093.57840558552,16534,715628.5352684454,0.1272917078011913,12.729170780119135
2025-07-01,Julia,866.6513156708205,207,715628.5352684454,0.0012110351571513,0.1211035157151361
2025-07-01,Kotlin,12285.066696871412,1469,715628.5352684454,0.0171668206219069,1.7166820621906949
2025-07-01,Lua,2393.4883183693623,1848,715628.5352684454,0.0033445959746022,0.3344595974602272
2025-07-01,Objective-C,3144.7309689113786,1936,715628.5352684454,0.0043943621780421,0.4394362178042177
2025-07-01,PHP,50258.120532891306,4285,715628.5352684454,0.0702293411400071,7.0229341140007175
2025-07-01,Perl,6185.97836756136,3264,715628.5352684454,0.0086441192080761,0.8644119208076136
2025-07-01,Python,120898.91892647832,14294,715628.5352684454,0.1689408861835378,16.894088618353784
2025-07-01,R,1810.829291448304,1224,715628.5352684454,0.0025304039766511,0.2530403976651139
2025-07-01,Ruby,53970.396372159565,6467,715628.5352684454,0.0754167752015566,7.54167752015566
2025-07-01,Rust,9545.35001355396,1166,715628.5352684454,0.0133384144750087,1.3338414475008775
2025-07-01,Scala,9420.535521483014,1099,715628.5352684454,0.0131640020725965,1.3164002072596503
2025-07-01,Swift,8261.747510059937,1116,715628.5352684454,0.0115447429817213,1.154474298172138
2025-07-01,TypeScript,66307.21874516738,4518,715628.5352684454,0.0926559178083841,9.26559178083841
2025-10-01,C,30433.296207730607,7350,636153.8635029751,0.0478395211500405,4.783952115004059
2025-10-01,C#,21276.485052831176,2130,636153.8635029751,0.0334455015893048,3.344550158930485
2025-10-01,C++,61517.437398252354,6066,636153.8635029751,0.0967021359573408,9.670213595734085
2025-10-01,Dart,3565.0877119350544,244,636153.8635029751,0.0056041280521412,0.5604128052141244
2025-10-01,Go,45551.21289178496,3402,636153.8635029751,0.071604081190292,7.1604081190292
2025-10-01,Haskell,2899.520570979948,441,636153.8635029751,0.0045578919461618,0.4557891946161839
2025-10-01,Java,75181.39409947267,6194,636153.8635029751,0.1181811483239087,11.81811483239087
2025-10-01,JavaScript,83338.64683361098,15692,636153.8635029751,0.1310039152709181,13.100391527091816
2025-10-01,Julia,1111.2998318998784,193,636153.8635029751,0.0017469041621165,0.1746904162116562
2025-10-01,Kotlin,10312.553021132964,1363,636153.8635029751,0.0162107842344098,1.6210784234409883
2025-10-01,Lua,2273.332029763892,1617,636153.8635029751,0.0035735569021711,0.3573556902171137
2025-10-01,Objective-C,2591.0158760991344,1830,636153.8635029751,0.0040729389928275,0.4072938992827506
2025-10-01,PHP,45341.01176252175,4133,636153.8635029751,0.0712736562077166,7.127365620771665
2025-10-01,Perl,5389.932860735075,2979,636153.8635029751,0.0084726874581181,0.847268745811817
2025-10-01,Python,118045.28926269084,13449,636153.8635029751,0.1855609091371002,18.556090913710023
2025-10-01,R,1315.079797469321,972,636153.8635029751,0.0020672354172744,0.2067235417274441
2025-10-01,Ruby,46644.70126146307,5942,636153.8635029751,0.0733229866822068,7.332298668220684
2025-10-01,Rust,8009.847296501106,993,636153.8635029751,0.0125910534479739,1.2591053447973983
2025-10-01,Scala,7916.85675845039,1014,636153.8635029751,0.0124448772736461,1.2444877273646182
2025-10-01,Swift,6693.596138346981,1005,636153.8635029751,0.0105219767140747,1.0521976714074737
2025-10-01,TypeScript,56746.26683930292,4258,636153.8635029751,0.0892021098902554,8.920210989025541
2026-01-01,C,35006.65982667526,7537,699610.990184717,0.0500373211939288,5.003732119392882
2026-01-01,C#,22312.345590894816,2163,699610.990184717,0.0318925029822698,3.1892502982269804
2026-01-01,C++,65839.59173098742,6252,699610.990184717,0.0941088585723959,9.410885857239592
2026-01-01,Dart,3849.9502248788,248,699610.990184717,0.0055029870583684,0.55029870583684
2026-01-01,Go,51214.014952275546,3558,699610.990184717,0.0732035597936413,7.320355979364132
2026-01-01,Haskell,3081.6230538646137,420,699610.990184717,0.0044047665018112,0.4404766501811211
2026-01-01,Java,81956.81272102402,6381,699610.990184717,0.1171462625242423,11.71462625242424
2026-01-01,JavaScript,94956.3921350926,16901,699610.990184717,0.1357274163317838,13.57274163317838
2026-01-01,Julia,728.927151398775,188,699610.990184717,0.0010419035172765,0.1041903517276533
2026-01-01,Kotlin,9728.991619748494,1421,699610.990184717,0.0139062875744415,1.3906287574441571
2026-01-01,Lua,2620.0963496927625,1662,699610.990184717,0.0037450760300391,0.3745076030039184
2026-01-01,Objective-C,3247.129394801425,1937,699610.990184717,0.0046413355998654,0.4641335599865421
2026-01-01,PHP,45194.17322406889,4419,699610.990184717,0.0645990041010309,6.459900410103099
2026-01-01,Perl,6067.845416097121,3027,699610.990184717,0.008673170520799,0.8673170520799051
2026-01-01,Python,131530.38010159828,14070,699610.990184717,0.1880050227153672,18.80050227153672
2026-01-01,R,1340.932085111746,1024,699610.990184717,0.0019166824191222,0.1916682419122235
2026-01-01,Ruby,49011.08352605128,6372,699610.990184717,0.0700547650246474,7.005476502464745
2026-01-01,Rust,9647.204427941258,984,699610.990184717,0.0137893837622449,1.3789383762244969
2026-01-01,Scala,8697.987152640237,1077,699610.990184717,0.0124326050829243,1.243260508292433
2026-01-01,Swift,6755.180421833908,1107,699610.990184717,0.0096556236488657,0.9655623648865708
2026-01-01,TypeScript,66823.66907803972,4451,699610.990184717,0.0955154650449335,9.55154650449336
2026-04-01,C,25026.27600267943,6428,476118.5457051465,0.0525631194760849,5.256311947608496
2026-04-01,C#,16430.329159932666,1837,476118.5457051465,0.0345089039444973,3.450890394449734
2026-04-01,C++,46117.990174863095,5360,476118.5457051465,0.096862410823676,9.686241082367609
2026-04-01,Dart,2301.2272657885046,226,476118.5457051465,0.0048333073486568,0.4833307348656867
2026-04-01,Go,36416.32648493966,3072,476118.5457051465,0.0764858391117824,7.648583911178243
2026-04-01,Haskell,2302.450544974874,356,476118.5457051465,0.0048358766230474,0.4835876623047465
2026-04-01,Java,54531.7120297257,5482,476118.5457051465,0.1145338960677587,11.45338960677588
2026-04-01,JavaScript,64410.358366618646,14211,476118.5457051465,0.1352821874880443,13.528218748804438
2026-04-01,Julia,365.9416028794138,178,476118.5457051465,0.0007685934651788,0.0768593465178809
2026-04-01,Kotlin,6081.880843215608,1274,476118.5457051465,0.0127738793165642,1.2773879316564225
2026-04-01,Lua,1779.4111429690329,1458,476118.5457051465,0.0037373279386411,0.373732793864114
2026-04-01,Objective-C,2169.690016322913,1692,476118.5457051465,0.0045570373930919,0.4557037393091954
2026-04-01,PHP,29794.07473151008,3771,476118.5457051465,0.0625770094449568,6.257700944495688
2026-04-01,Perl,4127.974228310512,2643,476118.5457051465,0.0086700555261859,0.8670055526185926
2026-04-01,Python,88876.26643171733,12100,476118.5457051465,0.1866683565121136,18.66683565121136
2026-04-01,R,945.2522183809232,892,476118.5457051465,0.0019853295506079,0.1985329550607979
2026-04-01,Ruby,32862.62545972165,5485,476118.5457051465,0.0690219395067904,6.902193950679042
2026-04-01,Rust,6382.24030476569,878,476118.5457051465,0.0134047294782718,1.3404729478271828
2026-04-01,Scala,5825.105414092056,987,476118.5457051465,0.0122345694504819,1.2234569450481902
2026-04-01,Swift,5037.329594260878,987,476118.5457051465,0.0105799902980053,1.0579990298005375
2026-04-01,TypeScript,44334.08368747777,3870,476118.5457051465,0.0931156412355616,9.311564123556163
